confidence,mean_probe_confidence,probe_std,probe_max_shift,probe_flip_rate,branch_disagreement,gate_entropy,predicted_severity,attention_entropy,content_hash,robust_correct,reliability
0.9999986194495204,0.9999988477566727,8.171862585944611e-07,1.282635883113402e-06,0.0,0.6029967069625851,0.5921580619288919,0.6310219764709473,0.9882403612136841,0002f82d9177636f389df1584f7035db15f9bc44de36955350f85073997acad5,1,0.9893340178776204
0.9960260389409039,0.9949739701169555,0.0012867468064098196,0.0032704542686425864,0.0,0.07179141044616699,0.9956392856096148,0.6179620623588562,0.9774964451789856,00372e5735ad71d52e5062c1058eff5dd9219986b0ffbc85147c5d0220fe1be4,1,0.996485669740105
0.9971854781421049,0.9967900040571606,0.00043925122925078577,0.0013647657944021452,0.0,0.01255035400390625,0.999965705478113,0.6693196296691895,0.9820286631584167,0043d87fedc6caa5660c48979a9b98c1363bf6c5fbab280810759e328081d6d5,1,0.9967684845007092
0.9965525880523713,0.9939399441316336,0.0037197021760512366,0.010786023324162342,0.0,0.007530629634857178,0.9999919519011367,0.9757300615310669,0.0,00527aaaf91fae16b79ca298ede32355ce3d31b270ab0278914686a8994c19eb,1,0.9930054230222494
0.9925765181570525,0.9849839926754089,0.013911601721831736,0.04073329469183597,0.0,0.1856663376092787,0.9752763708621003,0.4478064477443695,0.0,0052f9e160a12dfe44d91f78ad9bb8a27e9081fc9a42a623b9643407886936b5,1,0.9904193890815735
0.9963155824501904,0.9804818740506098,0.025551041041675767,0.07121780433609093,0.0,0.023014724254608154,0.999706538580319,0.9700137376785278,0.0,00713eb0eb72e3b702739d5b508c33bd1231094d81f4f5a8419ea8f850d1209b,1,0.9878151426029624
0.9963551194006056,0.9937883156616076,0.004114977540773701,0.012244094441186903,0.0,0.06623280048370361,0.9963529180817405,0.6722661256790161,0.9371047616004944,008147ef95e0725e6e21b8ae147b15af1837e87e39a7e2a1ad8a17628246b9d5,1,0.9961354674978214
0.9957817610220424,0.9923844800698604,0.0049317791637058924,0.014880901516533984,0.0,0.032708942890167236,0.9989913654551856,0.9681167602539062,0.0,00840f2bf9a595b0b553b796e3bfeb6726992c663ec0606ef141a5d5df0ba558,1,0.9925536643407717
0.9999963587932985,0.9999870111821775,1.842309272242672e-05,5.398655551329402e-05,0.0,0.004363017622381449,0.9999384339495195,0.3290848731994629,0.9984642267227173,009c6bb5cad9e0e9a83685a747007683f3db6f5fb006e78c8450dd8752819766,1,0.9973697856224201
0.9849600082380879,0.8811703297411771,0.2859629902168857,0.7456539446011742,0.2857142857142857,0.04845714569091797,0.9975092319339349,0.553091824054718,0.9616076350212097,009ff8e672b05b7b774e29c9b096c3dfee7611589ce1c0fe4ef0ed3bd35a4946,0,4.826753830512196e-06
0.9959238780167244,0.996024569922222,0.00038029221372649517,0.0006346100478379357,0.0,0.007291197776794434,0.9999924662837781,0.9783711433410645,0.0,00bd5cdc735f24ec2559c0a5db40f4a46f7a937947701ae2be8d3b071220185a,1,0.9935118792728409
0.9990189021009591,0.9989868226837169,0.0004822665377753315,0.000953150977276406,0.0,0.008988294735026563,0.9998111406370674,0.37888583540916443,0.9983639717102051,00ceb3675f139a9cd375929336151760c680031895fe496c4bd940539ecf2d02,1,0.9972312665363275
0.9980576593399796,0.9894092143368056,0.013747851577585879,0.038661072254756235,0.0,0.01863718032836914,0.999761919013047,0.8228165507316589,0.0,00dc224eeb98879a918e27a5baf6c7d5bc0cbb2e1da135319ee07d4f075eb460,1,0.9917042538353954
0.9987022012551828,0.9970310456329529,0.0018884017295359044,0.0047108443165114755,0.0,0.004693806171417236,0.9999944546846826,0.8683633804321289,0.0,00e64db36a1a071e22909224f6f69f27b47c07a89036f927d8636e34d38484ed,1,0.9938418559250164
0.9987141821978455,0.9991422497938468,0.00048822549800054375,0.0012567023339875856,0.0,0.0450697392222447,0.998456024249192,0.35533711314201355,0.9927801489830017,00f27c16851fcef5c6f4e808d358f45a31f2aae40363f4ff4d704879d4ef6266,1,0.9971678593326723
0.9915393609473891,0.9856579509910462,0.006553795749836509,0.018962611263032336,0.0,0.0610349178314209,0.9966423786854005,0.7584940791130066,0.9478597044944763,00fc6430494caaded997fb1ffc7d55009b048b0cd9233c2a0fa9cb4ec9fc436a,1,0.9952294605727736
0.9969479323714725,0.9942715791178186,0.003076638675001698,0.006576863095025143,0.0,0.05426305532455444,0.9973340468410885,0.9145264029502869,0.0,01061a51e52855f3acedc6295c0d0fcf7899551e6a296be6dbaa2f422bff79f9,1,0.9929886119525448
0.9999873136443598,0.9999930932007061,3.68958371979279e-06,1.1664970173425282e-05,0.0,0.004881111904978737,0.9999517939871162,0.3573422431945801,0.9946455359458923,010b2b44230c560940484dac5f6d3957fe66d2b7536b67a6710e2042397682e8,1,0.9973380939321775
0.9922346647710762,0.9709346392500174,0.03662352075146428,0.10407067690291028,0.0,0.03641706705093384,0.9988526076243229,0.9467005729675293,0.0,012170aad54fdcb05aafa4f71be8dd432fd3034fae35e50851de834ab85e8d1c,1,0.9827947619319156
0.9961941065857708,0.9951946062654883,0.0015087661185754454,0.003764764461086312,0.0,0.05658048391342163,0.9969205484646086,0.6720528602600098,0.9860859513282776,012cfbc5c708d163df6757fc9b5ba42b2acfb0e89fe23e8679d610a7df8d3959,1,0.9964851534082694
0.9674745524212716,0.9773815000130249,0.021094990038777413,0.03817536576782299,0.0,0.0053253173828125,0.9999755006830959,0.9437421560287476,0.0,015c5d00f5f9ddfe972ab5bf61009cb0e4f30950cb664c3cf89c9262e0d4afe7,1,0.9842726249981307
0.9905445357965098,0.9735104096187861,0.017317623234178077,0.05002632166691437,0.0,0.17693366110320385,0.9762617551614007,0.21164606511592865,0.0,015d94fb43920587d9c1329f3cee43df7d18831fcfa647555da6b124f2f49020,1,0.9890266236321597
0.9371107343174638,0.9412764980188948,0.06031884754884567,0.12029353536119469,0.0,0.08977615833282471,0.9926853165188049,0.9192050099372864,0.0,016414316ac16db9bd866579719d4f28bccaf779b4b5bbb88be9c936408b7c81,1,0.9300932528254454
0.9953872610504417,0.9954451089904749,0.0011697971822352286,0.0020601509969453424,0.0,0.02543163299560547,0.9994954180466681,0.6366143226623535,0.9832025170326233,016a4b0ed117c2131965e2c8d7cc22a0952e742e3e9b99a705a492f5716ac2d2,1,0.9966117509750756
0.9953562683981997,0.9924396050924245,0.0028865394679566192,0.00891690343758983,0.0,0.005649321241831453,0.9999161739493296,0.5353987216949463,0.0,016d5ba603489b02030b63c4f5cd16f85480c1ab469063159880c1f4eca681b9,1,0.9938941886869876
0.9999881280693975,0.999980003239945,1.9470856433557226e-05,5.023702161844976e-05,0.0,0.04308494180440903,0.9983526978204347,0.4577755928039551,0.9927935004234314,0178d68fbe13413b20c1d857c8c54a6133ac78ebee077974258ff1580bfa9a8c,1,0.9971594905366095
0.9999853272255085,0.9999833451951431,1.3987451148454945e-05,3.282104075514079e-05,0.0,0.007782203610869239,0.9998511188758974,0.6249040961265564,0.9992374777793884,01a89dcd1d999b6a8569dd3d4b1cbc4015f1e98b6aedbb19dc92ea16de97f92d,1,0.997083462656828
0.9961807043794771,0.9945172741101818,0.0013401485246437813,0.00436598214462995,0.0,0.006845197173008466,0.9998849170450216,0.6287587881088257,0.0,01dc62ef2fd04b8ac0adac8d3e8424541eb80316306298703361f7a4280931c5,1,0.9940599427849105
0.9828949005897246,0.9496503767578837,0.06403279202261833,0.15922718641370326,0.0,0.011384060198906809,0.9996103474896875,0.5384059548377991,0.9955698847770691,01e80e4b6f8720ea49ada9b5ccc61db3611777974b6c3f33d10f0eda475fc157,1,0.980322673207808
0.8888802081618546,0.8355445741168169,0.12204357719866898,0.27253353460611446,0.0,0.8760418185484014,0.14473698888093545,0.30358895659446716,0.0,01fe45dcf3cd85d7b2af3c107433f55ad6b3de098e23f97da2b259781f74ba56,0,0.07475608811071906
0.9949363580928747,0.983909683790355,0.015285023845413161,0.03805697179063807,0.0,0.019358307122186322,0.9994451587876475,0.5882442593574524,0.0,021eb5f0799bc97488f1ed0c834fed9050986e35e88c25b91a8540a660f8ad1f,1,0.9912119009671555
0.9860646014016256,0.9775692744244671,0.010331021536587312,0.031629718984738986,0.0,0.02558523416519165,0.9993585566386634,0.672877848148346,0.9604654908180237,0220cfee8b341cc070badd9fe5beae6372e3d885eefa63d7c6878234ec54df2b,1,0.9944636800420944
0.9913760075352884,0.9915904549316253,0.0019476234627982313,0.0033450070116837205,0.0,0.05937230587005615,0.9970096930277278,0.6313813328742981,0.9664217233657837,0222ffcfe6441b92f463a5d866dff2046b338826acddf01261ef62d701edb790,1,0.9961080270702671
0.9826893137797766,0.8206328094210289,0.25424636921505106,0.6826320499768441,0.2857142857142857,0.024885952472686768,0.9995812068554143,0.9199791550636292,0.0,025596fdcc87416d4211cbcb09e2812be31c4ebd568f366474924c0e28d03aba,0,2.0145089398676593e-06
0.9993648034809317,0.9988586628367508,0.0011580760493752442,0.003193346974896315,0.0,0.022402307018537918,0.9993548303379222,0.3523085117340088,0.9964789152145386,02748a7ea7f4b4c86e6af44b003fe6e3f019a88377fa69a53a9b8be93f443daf,1,0.9972001975388451
0.9913063052824757,0.9788412373943532,0.01606230985104313,0.04697461804177505,0.0,0.16538888216018677,0.9809516784827135,0.9628320932388306,0.0,02ac566ea6530df096051450e8ca499a2216ce6b615ebbb4f76cb8a9125a8129,1,0.9873843588608944
0.9861394557549409,0.9810661621819909,0.012365992950926689,0.0339258937875411,0.0,0.9707844853393798,0.022773413903491812,0.5323917269706726,0.0,02d585647259bb84a5fb9dc9060748fd3f49b4ac803e324c35635d031a1f6c7b,1,0.869450258794267
0.725637465917623,0.6781048283298005,0.2034521272401914,0.6195962111202009,0.2857142857142857,0.537069708108902,0.7741007994412039,0.5543014407157898,0.9779374599456787,02e9130e9064cc645158737b41b995c57e9d5248b871320f65536daa17dcea77,0,6.98816909038362e-08
0.9922554677050525,0.9844797947656228,0.007627254002133447,0.019581007035641355,0.0,0.06874991208254017,0.99693489662463,0.5383395552635193,0.0,02ef7bbb349e9bc48de794b48f1bb21b3b5730b782e5bdcf0368def41a9093a2,1,0.9920267154797705
0.9910933034350253,0.9890217505353999,0.004961277639213753,0.013922358331620366,0.0,0.03562438488006592,0.9986707970600586,0.6639270186424255,0.9705461859703064,031378f617d3383f150e70a5acc122ef2974707bfef27abd3c227ab442525075,1,0.9958189619901057
0.9876371724951867,0.9845015817494923,0.0042863874648407345,0.01085150422445702,0.0,0.030493438243865967,0.999240762197815,0.6337682008743286,0.9616175293922424,0313ee66be89b89fb63bdbed84a751b60a7ac1909500f4a8b04978e01426bcb0,1,0.9955074897213468
0.9962713186890425,0.9890069986855352,0.013629967698564976,0.04013994855684019,0.0,0.9347190260887146,0.04520003964776205,0.40131524205207825,0.0,0316c05a5bc20b797111c45632ce546ed4f56fd86cbbcd1d580cc501c2e51f0f,1,0.8999651901868432
0.9948422790353905,0.9948787783658167,0.0007649720615621682,0.0013648255043031722,0.0,0.004098192788469517,0.9999590418404612,0.6592216491699219,0.0,0329e46a6dc77c374a286495e7f7c4811c8dae87b26b8e61f037c3c5e8a70108,1,0.994003164621747
0.9939593249757903,0.9921774828260315,0.0023506955719624256,0.006091392718786004,0.0,0.014351367950439453,0.9999783090941202,0.6423790454864502,0.996068000793457,032a060c17ba1315e0cdadddd2e9b8cc4887faffd40ef2cfcaafd92506b9bacf,1,0.9964021386708061
0.9999103213037343,0.999945750424202,4.1931945311314126e-05,8.951044865365072e-05,0.0,0.5855053067207334,0.6550137462092751,0.5047377943992615,0.9807125329971313,033be4bf495e1a894d1d6544ddeba6f964cfd2f842657c7b174ae7438e457c39,1,0.9911345977392825
0.9878599030128667,0.9856343456031906,0.003731557299142674,0.010113694267281037,0.0,0.06882166862487793,0.9965537974644033,0.694661557674408,0.971894383430481,034d524d1d37c28a6755d33cc9f4c60b110d3ec591b090e235d9c1f478746cdd,1,0.9954241206326571
0.997627284515171,0.9974125187973126,0.00036709518317024965,0.001048167437246894,0.0,0.01751154661178589,0.9998727570715097,0.7246034741401672,0.9906855225563049,03709f330703bbd5dab064fb3daafac2ea31b169a558f063b7266072bd793eba,1,0.9967548204316267
0.961354245231433,0.9447308042602244,0.045495253164779384,0.11273881190134212,0.0,0.13036790042042412,0.9890591356758456,0.6424092054367065,0.0,03747de396ed8d6420c6a0431f8fb870247ce3f7cca00ddc1db180eb74103794,1,0.9626218257929903
0.9961025593440596,0.9954408800366991,0.0010456885925861539,0.0026244626936429917,0.0,0.005381442606067226,0.9999248844318298,0.5459507703781128,0.0,0396bfdcdfca4744e8a5e41ea3c6b2799f96cd2e12a89a94ad3fddcef7240658,1,0.9943125831019158
0.9943287708799977,0.9967711074471518,0.0021452048494943667,0.005181460282747604,0.0,0.008167862077243626,0.9997816440170609,0.6253641843795776,0.9856547117233276,03d1a7c088a2f397413ef2910da570bed69db971505f470c3fa2dcc4632eb1f0,1,0.9966413960449594
0.9900265075124279,0.9829672495755719,0.009556179111452309,0.02322953556712322,0.0,0.045485246890472224,0.9983359870054359,0.47332659363746643,0.0,03de242e55b99822e9ea7f34e098deae2a7fce132d3e8f2d14a06f9bd5f9591f,1,0.9917337383808716
0.9832114553755705,0.9804100184584691,0.010215886379027402,0.02029227319506901,0.0,0.11286021825793746,0.9923076336364992,0.46954071521759033,0.0,03f0ea6aa7f9ca4170c785cbab0f9f3def9654b040e81181d0e222d673d68005,1,0.9901578108930911
0.9952582003988002,0.9944489681694592,0.000557531412995355,0.0015718434505965773,0.0,0.03003227710723877,0.999304052087389,0.7193841934204102,0.9771420359611511,03f340e432b5723bd7e3da8e363691ac9dc3fc4f2d2a2e17865bedd92af8463d,1,0.9964866217563406
0.9959287297020114,0.994942006781205,0.0014120345841775834,0.003661654578578477,0.0,0.023344755172729492,0.9997156841123052,0.7202373743057251,0.9728307127952576,04078452c7057d14193bb5bfb8d2dc1a29b58ba15d504c5f54bfe56579cec4f3,1,0.996486513218985
0.766953499820339,0.9064644284592914,0.07435478869446577,0.22015785553874626,0.0,0.5464654243551195,0.8116800238452299,0.5737392902374268,0.0,041e622b32602397b9761c39c330f9b4eddad62900c243870c9897c40a3fb123,1,0.46041995993006835
0.5012606521939895,0.7477311635684155,0.2773360625639074,0.4768750389521527,0.42857142857142855,0.9540317393839359,0.1475918607547859,0.24550777673721313,0.0,04314f7e4bba8e1d19d9107da3ca7002dcb91ebb5dec7516cb07211e851eabb7,0,1.1165113993788268e-12
0.9852778667539575,0.9651715543099267,0.03729283211289767,0.11031378632680167,0.0,0.02331012487411499,0.9990871258488063,0.65693199634552,0.9522795677185059,044bd76aeed93144813ce30fc3dcfee8133484a6173db55965e29c3f237ad560,1,0.9897523219625074
0.9999836812436698,0.9999929125754718,4.886465877473204e-06,1.5553992410262758e-05,0.0,0.35428526997566223,0.8985397161282803,0.5831894278526306,0.9933359026908875,045a3352f2e9dcb02c7424c58a8b0ee85fd3043cd06eab27fdafccc6cf8050ea,1,0.9954599065221335
0.9982019103630232,0.9966881389957142,0.0020853924467651697,0.006502405280263943,0.0,0.03892675042152335,0.9986029047756488,0.5954242944717407,0.0,046d3e810eccac61f528aff917eab498a1405943ffeefd6a66730c7dc72acbc5,1,0.9941858031962735
0.9932009769491315,0.9876672100186699,0.013764454851885854,0.03920423939156681,0.0,0.02845209836959839,0.9990986937754742,0.606257438659668,0.9841302633285522,04722d4456c9a7f34d7eca42e3f2433e80569f9a3226d335a76dd952231c09f3,1,0.9953191063254957
0.9918273550259925,0.9831205173123575,0.00972639578164093,0.021146254485312356,0.0,0.1402429193254373,0.9877563168255201,0.691540539264679,0.0,049a7dbbfaa01e3605ab9e6df7bb13cd217f0eca588b3af2ee33e6b558d9cb32,1,0.9903970863776517
0.7896548354468039,0.8665041934001542,0.2847917799753724,0.6781009849121385,0.14285714285714285,0.831172596255783,0.9449744060357477,0.4031205475330353,0.0,04b6ca3266358aa8c3e9f21e4d352ada13db614a460673ca38c6c1ae4f2c2e4c,0,5.193375482792284e-05
0.9565962568953575,0.9486990546234155,0.3201713929823897,0.9168182341170632,0.14285714285714285,0.012990308442567766,0.9996393736951794,0.4543223977088928,0.0,04bd2481d11ad9d9f917600bf86436bc865a427b1fc8c7f7e38612ab12b27285,0,0.001025980607400565
0.9971652449032149,0.9961081836848048,0.0009771467613310322,0.002434617960224039,0.0,0.027848362922668457,0.9992268632231148,0.7126072645187378,0.9652925729751587,04c06c02b292f107c4bafa084cc380621dbcf62a82a7ff484b63f25de3807857,1,0.9965840023325918
0.9962615174410692,0.9955634581274484,0.0009202434559510373,0.0019098800450028097,0.0,0.006791114807128906,0.9999991759334338,0.9761064648628235,0.0,04c8272940422eca26e3c1d1223bdda7454e60b6eeb53bd385ba31a04ec29ad7,1,0.9934379373416458
0.9989488122952375,0.9992267255602034,0.000401578876625621,0.0007723201570840087,0.0,0.0065429922910158755,0.9998929341368671,0.388280987739563,0.9953827857971191,04fd3baf4c1a7f5adb02e748435a7193f01c34b2321db728646a3368b48f0fd7,1,0.9972333810121345
0.9855677952597822,0.9803416438181848,0.00761302481264339,0.022734128926998415,0.0,0.36190465092625024,0.8770672508513785,0.5432596206665039,0.0,0504cb07a1f6f233df65a526d12e5ca2e9e08cc470fe9787855c03b3a46ecb82,1,0.9859685314023856
0.9950494067661483,0.9936903591524782,0.00175256359789413,0.00522369048078164,0.0,0.030512571334838867,0.999364648022798,0.6988682150840759,0.9762009978294373,0508544501c5e4be13e9093552659276a0580718e4f0d3f52e3422bbc0109cd9,1,0.9963970854006288
0.9941343307177739,0.9939301077531706,0.0008530332147137209,0.0015533579944494447,0.0,0.032164692878723145,0.9991135245017905,0.5437825918197632,0.9662147760391235,05090eaaa732259a3ab9d52dd85d1272f694ac47e635061d71b1015d55dbee84,1,0.9965826229833651
0.9965265837398304,0.9880171345509374,0.00873357083954763,0.026981235899004363,0.0,0.023695528507232666,0.9996322490966392,0.9323321580886841,0.0,0523e8a51c11c9845c0f3686df67217b10ae3f3b1912159e955d0e26d9b8976e,1,0.9918454399499879
0.9901995418637757,0.8866498443483575,0.20338047438585302,0.5926235936022353,0.14285714285714285,0.011141906480996912,0.9997524053280592,0.6317261457443237,0.0,05335e744eb6cc77d3e209eef178bf2ad14551e34ba4a80492035ccadc842b1f,0,0.004405472955838203
0.9938237303901595,0.9948898807429006,0.0012686609111605622,0.002893029823955781,0.0,0.014768163671596762,0.9995350879896377,0.5376678705215454,0.0,056354644aefd9abfaaf0f1b99f0733be239c6c9167df8c9c651f96e3b183103,1,0.9940966353235069
0.9839001192117518,0.9705047065059745,0.01851737194441532,0.05493198381657971,0.0,0.014354288578033447,0.9999416362133614,0.8785999417304993,0.0,05649587e1b6a14d5a1d9c93eb9a5a16bcd62dae5d14267015970ea8b97a4210,1,0.9868093124012766
0.9848297973619309,0.9899941212986689,0.0033896186375578334,0.00997214265227505,0.0,0.02779552787038142,0.998955153441914,0.35332155227661133,0.0,0574fbc3a266160f70529165d097de47663b87d952be6bd47080e270f29c266d,1,0.9932923312538563
0.9939726632602143,0.9879594837124045,0.00885729023595441,0.022801137451496256,0.0,0.015086174011230469,0.9999781996894336,0.9507718682289124,0.0,058b7fead8499d100002cdb6cd1c0aa9032072817ec8bfafc30a526dadeca650,1,0.9915442217923859
0.9690530420536478,0.9711295317690695,0.021196033312119174,0.04492698277725189,0.0,0.5042353866755659,0.760851870943269,0.40513715147972107,0.0,059eac53dc55ac90405080f34ecabd70828dd22157460b8f132df047ef7b5a63,1,0.9679198675846747
0.9856794762060872,0.9861543631778339,0.005304755108642865,0.009194138387577096,0.0,0.0436085350426975,0.9981205351090833,0.4362253248691559,0.9991268515586853,05aaba3fce88a78017e785fe980f18365dcd8e0b149596f4203279def2cc591d,1,0.9957433564705434
0.9999949024545892,0.9999946451480629,4.050499468387355e-06,9.374743245898175e-06,0.0,0.009038079530000687,0.9997987731148384,0.3872986435890198,0.9960370659828186,05c036281dcedfa06ce7ea5e0667303404350d0b94cba2f720f4d03d6ed130f2,1,0.9973046816167928
0.997090022529076,0.99644250289191,0.0009600845933895599,0.0025843206390296913,0.0,0.023913323879241943,0.9996264647044836,0.6885471940040588,0.9931448101997375,05ca966f22a3fe9bde970703faf28c5878eba0c8f012b97dfab89743fa92ac7a,1,0.9966926706181365
0.99567835255626,0.9949321398973082,0.0012891709470554487,0.0038177803531851406,0.0,0.026937544345855713,0.9994455642164682,0.6343044638633728,0.9935259222984314,05e8db1629bc309862410e3ba4d701e67cbea3d4be4ac38a279f344ccdce4a3c,1,0.996621532428265
0.9972356107866315,0.9978325051807231,0.0012436678384373226,0.002520755239344412,0.0,0.909350535408084,0.0594213710546486,0.5691594481468201,0.9799639582633972,05f1808b70391f6af5c69c912abedc776b80d01911b18dbced9167e5ef811640,1,0.9565153985876141
0.9916570402936838,0.9863105611457094,0.010033027589521746,0.02542870909046097,0.0,0.05332557109587325,0.9979051716198373,0.6192779541015625,0.0,05f591c059ece7a94705ecae44bc02964a81993762d015d4b12c414a0798766c,1,0.9917008082195748
0.9938283167071291,0.9877013148302881,0.006742435616293799,0.020851540487041964,0.0,0.17284172773361206,0.9831350427418428,0.9333798885345459,0.0,061bdd46ac6ec368b945263a6b461480bbe32d3dfdc3465430b854043f5ed3c1,1,0.9906935802744522
0.9953821990999284,0.9946062791501189,0.0009230781031429568,0.0022716962058594303,0.0,0.05915427207946777,0.9964938882103861,0.8036381602287292,0.9628673195838928,06446d401eb9b9560e2b795f63ea0ac73c90925a8fdabeadf635b7dcc7101b28,1,0.9962450149932817
0.9974762144024836,0.9968891788294395,0.0008654947424545849,0.002161689804338618,0.0,0.008409321308135986,0.9999999970439397,0.7914988994598389,0.0,06489ce0e370041b8419652624545697775beac2c228c343589389d7e6da0d7e,1,0.9940150756916618
0.9998786520934893,0.9998163602332116,0.00010868934109915279,0.00024684064478457796,0.0,0.02288465388119153,0.999379814062281,0.40544968843460083,0.9959440231323242,0651e9c766a759d995a659d28c4cda565e6df5e2e2c08832260d8dd1d91db244,1,0.9972454496728876
0.9931322774252663,0.9933540335926281,0.0020709031729135613,0.004257803893711625,0.0,0.09504852443330261,0.994465695652558,0.6654030084609985,0.0,065a2682f30b17c9d94abaf0d6df051e7699e43b1bfd575a04f05e0450475578,1,0.993142298356965
0.9920445066120105,0.9878277114139606,0.004074953663121406,0.012434964004585715,0.0,0.11371186375501467,0.9921264670829291,0.591625452041626,0.0,067c8a315eb062a29f570da6b921777bf607aef158e6fd556ee7399575a4ee5c,1,0.9924062562117832
0.9912998043950065,0.9869378194449456,0.0064310418388476955,0.01828756691208544,0.0,0.04547780752182007,0.9979260506959391,0.5050964951515198,0.9823367595672607,067ecdf688f0ba3cef69de052d83ef58f19f61679cd26da4d173b1705f32182d,1,0.9958338226312363
0.9976015705885352,0.9870832265279382,0.3339430279460037,0.9604551983998082,0.14285714285714285,0.007683992385864258,0.9999999799340671,0.9689690470695496,0.0,069438907b760246a14de302984db22b71dbcafd32df398bd3060c279fbb1750,0,0.0016657073521885966
0.9997921090954248,0.9998514231152298,5.463192918081128e-05,0.00012998047866621018,0.0,0.008161010144414824,0.9998404779455852,0.4107683598995209,0.9984549880027771,0697dcc9025f1de49a5b75ecaea7c7fff14f42ad1847d3e855e9626a8dc299e5,1,0.9972759654928874
0.943520639895811,0.9221063837821531,0.026197013439729494,0.0511694452040099,0.0,0.8968066424131393,0.06652158806752308,0.8891939520835876,0.0,069b0ef42c3921d6d10da99255512de8b09bfd208e926d256519c5e25391c944,1,0.6160802248242656
0.9939537692593337,0.9924102708014093,0.0019104197210601979,0.005228575677239222,0.0,0.02299565076828003,0.9996415932262213,0.6867935061454773,0.9756540656089783,06bc9e056bd0ca7aa4e250eda79dd9cc333909a7db0a00b68280cb2947bf9b06,1,0.9963207586517371
0.9885937812515841,0.9834633203381384,0.005956325876537565,0.017045951416396865,0.0,0.035400450229644775,0.999124274947173,0.8786731958389282,0.9477375149726868,06c3f136206aabe77cf122415d9219c16588bdacfc9f3a1077fbeff1ddd32253,1,0.9949104182222583
0.9948762210561779,0.9935663082150689,0.0019473256353420255,0.005438161964671839,0.0,0.01180887222290039,0.9999999575484477,0.9479932188987732,0.0,06d7364429fff91f427e0728beda3e89af25767046f1ae09700537d361aa75ff,1,0.9931125613738537
0.9976115668687444,0.9956380944706036,0.004317380669760126,0.01250701333094939,0.0,0.012732088565826416,0.9999789621782671,0.8863835334777832,0.0,0721eedb5a13f07b04c32d5c812c07d604505c79b28b32725be92a5702e67919,1,0.9933371697492711
0.9700509062405658,0.870006979852665,0.2724093690038227,0.6545417859198565,0.2857142857142857,0.5850319266319275,0.6925614802240462,0.968712329864502,0.0,072331da5f6f3602f40a70cae27645a2fb6a546efb9eeb67bd56b26edb9ccd74,0,7.176098672907972e-07
0.9903429020451083,0.9864920235963615,0.006089082097625729,0.014929010790778574,0.0,0.12689709663391113,0.9894444296252326,0.670673668384552,0.9419384598731995,072d3ad6565280077eb0e14d8761b5046d09ae8cacf0ff6c0801f195e2dd4128,1,0.9950758959088224
0.9961392372337374,0.9923640532804043,0.004732051645661535,0.011874658505749222,0.0,0.012169596738925283,0.9996838127031232,0.6658496260643005,0.0,0732d50b10807e566cc30ff5dfc31b9d145b7a7647bc7a39220c0b76554d69e9,1,0.9933913627724441
0.9972543272448466,0.9959800817342092,0.0011601068937220622,0.003497003517986541,0.0,0.006356477737426758,0.9999755737955769,0.9588364362716675,0.0,0736935d6f1afc48fae975c0f46b3969b911070f53598f9857e797c55bee64eb,1,0.9935592893320158
0.9952256394938157,0.9430892024293859,0.09858497483683548,0.2907795165403332,0.0,0.31264841556548945,0.9266649055651666,0.6195485591888428,0.0,07389801e76faa0f9a95e0555d49dfd26cb0d21170313463a74dbbe20cc7586f,1,0.9205701896610285
0.9568311599105239,0.9358145517580928,0.2832904857801232,0.8171204179677564,0.14285714285714285,0.8255964920592707,0.20689807807582017,0.5498639941215515,0.0,073ce7f89eddfe43d82c1469186fda7b0f13c075b7780904ba23446ec02fba25,0,0.00016181211264471596
0.9999628700268888,0.999933884141873,6.959719419003468e-05,0.00018859223421578388,0.0,0.002495783846824897,0.9999861327743018,0.33078593015670776,0.9981245994567871,073e36f896324b8e80f4f6979510e42b70f50f69123c3e1f2842c45e762156a3,1,0.9973663140698532
0.9950754739291073,0.9940972436857984,0.0012696622439773147,0.0031650414242837543,0.0,0.053824007511138916,0.9975254294963004,0.5824346542358398,0.9540411829948425,074149bee070d32fcd961fd61d9eec7f67ce3824f3515113cf3a91ad519b2dbf,1,0.9964664271597519
0.9974127878720584,0.9970523180137063,0.0006339187382653962,0.0017197543942767402,0.0,0.03464484214782715,0.9988134822808068,0.6352003216743469,0.9941695332527161,07478b86cb7691f82245b9c741e53363781c56535112afd38a179bafc067e498,1,0.9967789692955336
0.984132237017473,0.989015989875166,0.002984264140581148,0.0096633139673809,0.0,0.0868183744098914,0.9957735263727846,0.3169848322868347,0.0,0759b1f2692de5be8bad24796c5e43108cdaeb3423b522bec99af18868ec667f,1,0.992988719727225
0.6346947693540501,0.7942043006673002,0.2520325553018667,0.475087852096676,0.14285714285714285,0.8431115970015526,0.3712218692746774,0.48364031314849854,0.0,0771f7e76ae250787f983f911769a74d88c9ae7e116bb9bb4ae75f69758f696b,0,1.7788044937919067e-06
0.9863399613293317,0.9715814155676296,0.012191166721494315,0.03897876200036702,0.0,0.8221811056135968,0.22871544414198786,0.4537431001663208,0.0,07759f1bfa7a9f8b7ae17bd04c4a4d44c8ceef5577030132d921163b77a44aca,1,0.9145484431532458
0.996219841263605,0.9929502240327042,0.0032939638596250166,0.009274118279501975,0.0,0.007462203502655029,0.9999814746258138,0.9704976677894592,0.0,078914ce6a59625e339b06c307893cc22ec6f59a8fed9dad6499d3102b7ba1f6,1,0.9929530509160895
0.5991500961087606,0.7801513079002087,0.28747982429772007,0.5130137216751088,0.5714285714285714,0.3470795750617981,0.8015962598807579,0.4429277181625366,0.0,079ff28bdb9bb4a55cfae115d616ecd3c4cead86fe524279171ad67732f53562,0,7.393001957446678e-14
0.9967536650098722,0.9936824346626001,0.0024324432870233203,0.006621312352934394,0.0,0.008231401443481445,0.9999984425288945,0.8977090120315552,0.0,07ad147abd978421df9dbfe3a86aff4b8010948a126e701984cca4f674a921cf,1,0.9933157293744146
0.9981880790831917,0.9971968597865258,0.0008776622573693889,0.0022615313038663043,0.0,0.006282448768615723,0.9999943705424991,0.9731578230857849,0.0,07b5357d1d752cd947dd8bacb0d5415ed2a6b465ff93ed1da6300199d26bd4f6,1,0.9937082937014247
0.9908751626909884,0.9909385378479352,0.0040104857223570815,0.006465485245493174,0.0,0.006516516208648682,0.9999380171172797,0.9216328263282776,0.0,07dc3393e191e970fb5680b8ca56834ad86c237ac06c15733aedc027d31db85f,1,0.9923570907372757
0.9477924584698377,0.8865732162506352,0.22247657355869704,0.6458091476893183,0.14285714285714285,0.17421962003572844,0.9767357680086536,0.5538485050201416,0.0,07e27eb89886aea83f44cceb06766b5a10b81393299cd70357941f88c1bffe4a,0,0.0018668261857873185
0.9939525682832405,0.9935744636257727,0.001067246965735295,0.0022792553028777585,0.0,0.019903242588043213,0.99981059892834,0.6066436767578125,0.9884552359580994,07e73071d27ee6ee7c3fd73b2ec66faddeb1f862c510e6c0cc272e64bfbdf99c,1,0.9965536591784951
0.9926187826678511,0.9906565292380979,0.0024967511765716694,0.005272848199552649,0.0,0.23483556509017944,0.9690183558131726,0.72281414270401,0.9559493660926819,07efd024c22a153f96b73e424f319fd37ae22625a919ff7e374defc37b946cb0,1,0.9951275441611044
0.9973987893932648,0.9966840572486848,0.0017650879346325357,0.0049595153186040575,0.0,0.00525665283203125,0.9999999755940006,0.9628193378448486,0.0,080bbce3e2f74c735fa63514e7a2a225174b61741fb605dc2ad7a894c42837c2,1,0.9935530205111812
0.9999436924188576,0.9999524571404186,2.4838234813201965e-05,4.19316173092572e-05,0.0,0.9040238261222839,0.06061362003761435,0.5830449461936951,0.976102888584137,081ff582e4f98156d8f81eedb6a8a7f6169643a15d8b583e590a1bb6e86f6f74,1,0.9595286394604265
0.9955078430769501,0.9944190063611286,0.0031320102831574916,0.008573905630302185,0.0,0.0854335054745583,0.9966502063071427,0.38555556535720825,0.9943032264709473,082938008ce9c674f23666b9fdba6b2b36b2d68681371e43ea36fe31d526ce07,1,0.9966207732699328
0.9970971521310611,0.996721526045462,0.0016541081073069275,0.004269768080584102,0.0,0.009940564632415771,0.9999997543861827,0.8861859440803528,0.0,0832abc6b900ae3bd1eb4c99e99b811a4847e21da41f2264dba6b44804e82df3,1,0.9936915929197075
0.9980385485702693,0.9930587054164824,0.007460877933488532,0.022500696732942416,0.0,0.01988077163696289,0.9997625562164634,0.8763971328735352,0.0,084041ed7acdb20c10ffa40ecba5d9ba5f165c13f671ca48939529cede67eb28,1,0.9927694236063458
0.9931179267628851,0.9904368739987256,0.005232849867560175,0.013398653212932208,0.0,0.011269754567045057,0.9996543788117613,0.5214661359786987,0.0,0861d7fc4f83e41653be49542ee71949be10a862a4ad47b58630f4b379150efd,1,0.9933148720150321
0.986922934940827,0.9923601632264502,0.0067853461979500195,0.012608466503575038,0.0,0.8054765546758063,0.15911153911797077,0.6842997670173645,0.9937987327575684,08643146be3405c8fb806d81fb485592d598621c10de15e3b81196220ac7cdd3,1,0.9558104890244086
0.9851029810856016,0.9465668063655557,0.07600403762027114,0.22077513742078136,0.0,0.08911716938018799,0.9936950800974674,0.7566822171211243,0.9480321407318115,0871a4a2e987de3b39d47305d3ab11f5b8be7cabe525949a1dcf45a03394afa1,1,0.9728189152288143
0.9954935721546677,0.9947237623291361,0.003759749455957376,0.00980065027544974,0.0,0.005868375301361084,0.9999992614573869,0.9844873547554016,0.0,087bc35a6a355a96faaa84ad846c46929e6449d1c988de292d840550f55024c8,1,0.9929719995510797
0.9999454200402784,0.9999571515297628,3.467405871658372e-05,6.187773703711495e-05,0.0,0.6901853084564209,0.5052350816465229,0.4504125714302063,0.9712207913398743,0889e4343cbd54ae4b6efb1044bcee51132832c139bd52190d94becc53972cf8,1,0.9870096317003864
0.9941776396283757,0.9704668367700569,0.048479018874710816,0.1421074906453595,0.0,0.26108986139133245,0.952611882393686,0.4871346056461334,0.0,08a2cb597c7fcdc56fc530bad3066e520754a3c0b88a98297fc3bd18abbeb6fe,1,0.9774750758767858
0.9967766246582377,0.9943272550072287,0.0023993335307801638,0.00577315577752302,0.0,0.018492579460144043,0.999859724563745,0.9766668081283569,0.0,08abc2e2cbf29b3f5b7b10534e8ffff8216c6531d856715f3912e470a3a58899,1,0.9931353617403388
0.9945894516361519,0.9913995876908969,0.0045745665420543445,0.013621505671886296,0.0,0.07674678415008471,0.9963120817813054,0.5673097372055054,0.0,08b74179b5696fc8da0dbe0e5ae25fb80153339cdc28723635b17e52b2297b86,1,0.9931473700130915
0.9946566955074391,0.9947947135292077,0.0006065053123497688,0.001049718999145498,0.0,0.023288302123536213,0.9992114807130988,0.46268996596336365,0.0,08bdf7655b9ec84566e77c08ed905c785e481e74f09f95aa6c4fe55c0bad496a,1,0.9943113905787829
0.9974832470584378,0.9961376461120651,0.0013636600500847387,0.004097150191286536,0.0,0.011842191219329834,0.9999942780281598,0.8529020547866821,0.0,08c54717059c17e955ac498394ce876466218e8252f3c264cddad788c296bf5f,1,0.9937700488286899
0.9807571155893327,0.9752176273027421,0.020359438577649932,0.05333413697407047,0.0,0.06095213593977178,0.9973292517125161,0.4926874041557312,0.0,08c5e10c33f67bc1f49a08143aa0c61c44f150e82a5e42bac1c1d78067476c20,1,0.9878164199943383
0.9967336207314347,0.9928135163267982,0.005756327663946896,0.01774879922678596,0.0,0.01102900505065918,0.9999999869799523,0.9459041357040405,0.0,08e18aa8532841877951afce418928544c8e97156c817d95d29bf2332084a478,1,0.9927433179950177
0.9999280898790912,0.9998957848276776,7.489136349125444e-05,0.00021290416025726246,0.0,0.40480494499205916,0.8555366950924278,0.5259653925895691,0.9800184369087219,08f8d0d490d1da05c356174d6d9cb05789bd822df1e2715a3017ead4b47b4104,1,0.994885650036246
0.9968477098365606,0.9955586611826898,0.0014038008257542477,0.003478971002479514,0.0,0.006363987922668457,0.9999763008827818,0.9346548914909363,0.0,08fb9618d346be306ca47a5a39d585d89d096bc8efaa4a39a242d7c5909601f2,1,0.9935164122417992
0.9986875382623848,0.9989450542092673,0.0004586184027175688,0.0010575341754504699,0.0,0.012804484012320927,0.999542683768547,0.4781895577907562,0.9947020411491394,08fbf52112eba027fe7160b79cd0c68bf29f4b9f7b8b943e305cbd70e7a24de9,1,0.9971121226004213
0.9827140765852866,0.9194137251801482,0.3339573019118658,0.7524055206355444,0.2857142857142857,0.05824965238571167,0.9966212308822207,0.9649057388305664,0.0,08fdb94dcf12fb4a81f5d169a565781b81394326a3d6eeb1cb7f8fcd1aaaa02d,0,1.263377666273518e-06
0.9944583081691956,0.9865472674504303,0.011716244191952168,0.031063536997748775,0.0,0.006963908672332764,0.9999716938884039,0.9793908596038818,0.0,0909c7476f9396241c3d3df893f84d9cc7d22d81999bbe915b945631c5308946,1,0.9909686931872131
0.9972829995449092,0.9960560363538652,0.0018166472349370175,0.005447112493020361,0.0,0.007208688650009908,0.9998694973543203,0.638604462146759,0.0,091507001a5778c01acd737ef5888590b1492b42daca4c5f8abdb4b9daef3581,1,0.9941647013186042
0.9950578281260015,0.994696508601434,0.0011430503314185931,0.002558478062374192,0.0,0.07228446006774902,0.9950571900240542,0.7449781894683838,0.9738656878471375,091f4366455cf19dbc7e6f77c290c8ddf64dc60a485c8165fcfe19621f4e25c6,1,0.9962757070330699
0.9950688519902425,0.9589322022931828,0.3074038541704908,0.8946575007034436,0.14285714285714285,0.7715871930122374,0.3367790698824947,0.4852999746799469,0.0,092acf5c765a49331edff7709a3e69be376ae9e81850bc35b6965b70f34c0c8c,0,0.00029842208152279514
0.9968836712579736,0.969512795644173,0.031416386355261484,0.09038512869632653,0.0,0.015397191047668457,0.9999826614716005,0.9822697043418884,0.0,09378cc0533498c1023af2faaba5f9b8adcd8f64f7012e6655ecf33069cc2bb6,1,0.984723633378241
0.9658657386241786,0.8676933687216365,0.37606278518039454,0.8775235508306762,0.5714285714285714,0.0669107437133789,0.9890965084679829,0.2484937459230423,0.0,0941cdc6b566d9a62d9699e4ee38977f82b352181a5f7bd738ef2992b50edea6,0,3.996658197843193e-12
0.99385531306737,0.8643925385981311,0.21592327591010352,0.529816936175304,0.14285714285714285,0.008444488048553467,0.9999989534703846,0.9782810211181641,0.0,094434c4b2471bf38c6cebdd1a6c9e6ee512d0ec55499095f90c5ecda92aa0fc,0,0.0019888001486244138
0.9994947877907264,0.9996152823264369,0.0001885767082634579,0.0004563756129400017,0.0,0.006773445755241132,0.9999319116092963,0.34486123919487,0.9957162737846375,0945717df44bf4a011fdfaa8aa6ec0138b5c5fef11f4eee1b873b58824b07b40,1,0.9973134349940955
0.988651560733957,0.9833543196381459,0.008932648010914387,0.025675483563067893,0.0,0.5722023844718553,0.6702984418729294,0.5896521806716919,0.0,095b9ebcfd5052db118031b0e1d5a5c92988f0502be5a58511112ee453f5916a,1,0.9754934633032883
0.9928709976526148,0.9908794502208694,0.0016774746802841346,0.0051430358080907235,0.0,0.026095569133758545,0.9995417192369243,0.6986281275749207,0.9733093976974487,098213a73f93472b2222e88886adb2cbef7f90d819a34de314dd9c2ee3756601,1,0.9961997337811875
0.9569379139492873,0.9333778017745511,0.2751328030931827,0.790865394655825,0.14285714285714285,0.434873104095459,0.7391106623490727,0.5024484395980835,0.9602136611938477,09839dcae073bdfb804431b6ca89abbd80d9b693ce2bb82989ac3cf936938e00,0,0.001339133737409025
0.9906459038487034,0.9841825629529317,0.004778128020154988,0.014939627313178327,0.0,0.0713236927986145,0.9962610367777307,0.6192228198051453,0.9809843897819519,099d085e6acb87e2a308cf4ec0f918f30298c50921961c7daeee742f4aea0847,1,0.9955259049386433
0.9969324070476941,0.9964529054476399,0.0008840046387385527,0.0019481380656547476,0.0,0.04347825050354004,0.998143230886076,0.6063770651817322,0.9803119897842407,09ba7e99c785b06aed862f4a3eba1c068dd654a2a291a2135d29dc7f23bddc6e,1,0.9967035801870172
0.9999995756270107,0.9999994840518214,3.4697347499300673e-07,8.925400992027903e-07,0.0,0.002104356186464418,0.9999977045894567,0.3607396185398102,0.9930980801582336,09e3b61e4b7b1f1d0467b8254027b754b50ee2789d80cb5b93e07c092ba36013,1,0.997338470343043
0.9879361290351685,0.9846410584859225,0.014320131074654414,0.03616575936582955,0.0,0.02129608392715454,0.999771023682774,0.9906829595565796,0.0,09f00b988cb924431421db342cb837c0a4d64095fc4d02193f967af3bb4415ce,1,0.9895294901283732
0.9964235375526783,0.9866592995636033,0.009959886857338444,0.02333397462852904,0.0,0.025595664978027344,0.9993843169307806,0.93215012550354,0.0,0a1e72c2ad4d5e7105240f6ee0ec4eba06ff2f43c187c4f7677949ca37e041aa,1,0.9913739072643267
0.9950038945465624,0.9940948177849203,0.0010177884182289605,0.002826625299954033,0.0,0.05424004793167114,0.9974902209244932,0.6210060715675354,0.975162148475647,0a268c57103fe6dd5c894877f93b208ca8fb1adf4f939f2d12654ea5e49fe464,1,0.9964776763916144
0.9892431868481917,0.9859713218493146,0.005213943150047445,0.012783768578376598,0.0,0.0381464958190918,0.9987137010473491,0.6735847592353821,0.9785668849945068,0a41af39b8527f5a1d42b79502238a9f4a944077abe70373805a2200697cc4c8,1,0.9955376975793068
0.9996505973723908,0.9994458685442054,0.00037194260954256654,0.0008484451739024013,0.0,0.010667652804992746,0.9996865200282975,0.49366509914398193,0.9924927949905396,0a4ac1047a2d773a8bf0086794eee01f2a2459caee2cbc2606dd3205b15381d2,1,0.9971471597477618
0.9937399012141762,0.9813870021714992,0.019478100616885603,0.05945541777319374,0.0,0.12488669157028198,0.9885333960480358,0.8880937695503235,0.0,0a68e1e38afd15a8860fd266815a6eabba742e9a579c4d8d475e51eee0159237,1,0.9882642634867251
0.9999983590365606,0.9999967531710888,2.8765112752367985e-06,8.204661501270425e-06,0.0,0.005739646032452583,0.999949544115331,0.36865243315696716,0.9978576302528381,0a801f8ca1a883d502278ec448b1144c769f8ef91e3e7825f501487372e8e115,1,0.9973316754422554
0.9966679061424797,0.9968323421428114,0.001734575796193227,0.00356724490390747,0.0,0.11089797328622808,0.9944611726350348,0.6976748704910278,0.9887511134147644,0abae5ca4a5ce5c5e9732b92bde5ba21276c287afe4857d86cbd70d48e6ab367,1,0.9963817075231648
0.9896727882203117,0.9675859531690026,0.05288541064817395,0.1515117656726599,0.0,0.34332224726652616,0.9004649447825248,0.6655948758125305,0.0,0abf499c1583c24c168a5a39d7508163915defa444a5e42b63d5ca635b0e76d9,1,0.9670017316934729
0.9924428782939799,0.9709980550574583,0.029050979123213312,0.08820345540440233,0.0,0.027440965175628662,0.9993742417647545,0.8094544410705566,0.0,0acb1e091895207dc2106d64e1c2978aa4d503754a851f9b99771bff3cde95f0,1,0.9858453283985291
0.987444493721106,0.9828915649854676,0.007127342478120925,0.01738358625582337,0.0,0.06231427192687988,0.9963125696647717,0.530539333820343,0.967265248298645,0ae55d48125b115a9155bf95ce78ff04244f0fd9f5d079af173dcb0d112b747a,1,0.9952149088215412
0.9909778533091186,0.9964378734936643,0.002706684168155311,0.008677481853885949,0.0,0.05893248855136335,0.9973785449438616,0.6539332866668701,0.9915025234222412,0ae7eaa9b1bf49fd2a31c4d733f8cc93a5777222dca9ea57b54f26b1a9bedfa5,1,0.9963372998377245
0.9999949972864888,0.9999908393696104,1.0923485997935325e-05,3.000885313235899e-05,0.0,0.5369268655776978,0.74472246558009,0.47288578748703003,0.9678348898887634,0afb2f95015ce036ad6260ced74bf2cc745c18ab63e08d55449ad0b8b5873335,1,0.9929809351260604
0.9954749514749827,0.994334949106967,0.0014016891438670964,0.004195240496253194,0.0,0.04201936721801758,0.9981089436891353,0.6578070521354675,0.9788824915885925,0b0b55c8781a240631c7dce5fac4063549b6ba1451aaf0917f45a3e32b527346,1,0.9964801991009683
0.9875525778416726,0.9823448811276195,0.004784387617324879,0.015501276741954118,0.0,0.028978586196899414,0.9992794127585268,0.6542139053344727,0.9581398963928223,0b1a478b6f5d4feafda085ce169214313cf4df669d244dcfab84fbaa3a1e3c18,1,0.9953341159906577
0.9047253936168835,0.8413821868039807,0.301479840901263,0.8841454770828623,0.14285714285714285,0.9179338812828064,0.32925736972941033,0.3094010353088379,0.0,0b1f18688d4eb671ea07b6124443a5b4d771780b343c7392ba7d1b3343d61795,0,2.9652950791981e-05
0.9893945359730453,0.9824741161307872,0.008270371422689307,0.02279649611405199,0.0,0.0455169677734375,0.9978246053162022,0.6821419596672058,0.9717015624046326,0b20fbba14f31c43720911d6530e219503459efe68aaf5ea788016273ff8907c,1,0.9950374696668974
0.999996498969663,0.9999927637344557,6.117218731688093e-06,1.683624903045708e-05,0.0,0.015841085463762283,0.9995175588080131,0.5471773147583008,0.9968879222869873,0b3635a5ebe8437179be307d4b65836f05d6fa4a516944343ea5b331b43d36a9,1,0.9971397015089347
0.9954482141553221,0.9947795416077324,0.0012263517230177861,0.002957310209212083,0.0,0.02405095100402832,0.9996250185346685,0.7054495811462402,0.9684712886810303,0b4024e50d67fde7a8ea448210d7242a7f109a5a37a7228ffc73cedc35c6240b,1,0.996479487819164
0.9921687943084656,0.9925061450387919,0.002143600033989658,0.0040743916189356355,0.0,0.18036794662475586,0.9839021189728999,0.8416244387626648,0.95036780834198,0b42b418784d1a670bc9ffab5147381a10a6529bb3a53670209badb7af06f669,1,0.9953663169806545
0.9971425926807188,0.9694925725005351,0.053219369615452344,0.1574821184689642,0.0,0.07869529724121094,0.9953239209041186,0.9349358081817627,0.0,0b5bd0805e40728686c0059733001b5b93b8ced6de961d8f7a9ad204e27e6484,1,0.9775070510996796
0.9847447339646831,0.9367859924392808,0.062165171921810806,0.17352472964560517,0.0,0.1842968463897705,0.975336167238568,0.975553035736084,0.0,0b695fa0dcf3db57e52040e8baa5180043fe714a82c59f4ac12651397174a5b5,1,0.9493597787628703
0.9904955615449914,0.9688978756378422,0.024877943111168782,0.06654607329231826,0.0,0.21156358714967521,0.9684938228131189,0.5670183897018433,0.0,0b9930d58080b03d60533ff07d78642aace2630e35095ac0cbbb55e097828b50,1,0.9843179462283159
0.9976495568131225,0.9967875203682242,0.0008882994271476905,0.0021454605294466823,0.0,0.006208448670796014,0.9999151138268257,0.669080376625061,0.0,0b9d2d707b0696bfcde164cf3c57e33c2bc70362cd696313837eb334217a2da9,1,0.9942657801341679
0.9955313196471051,0.9600909367218543,0.06756488077964003,0.1969657691765645,0.0,0.019951045513153076,0.9998316241276474,0.9818183779716492,0.0,0bb8cc0900c3d7b88dbd01b9f25f7a9aed09297fd3c7237c35dbda6cf8571cff,1,0.9683660091080117
0.9966229704356393,0.9956299909591463,0.0010707346801239568,0.0029798628966208884,0.0,0.030692875385284424,0.9991581437095083,0.6688633561134338,0.9938129186630249,0bd751e7969a265686feb72ddd13ced53ffd3d6d4531f4cb33537844b611d871,1,0.996642742608246
0.9815196175157919,0.9779290358360365,0.005769817360235459,0.013206063033279536,0.0,0.10307872295379639,0.9920986610967425,0.6162970066070557,0.9792711138725281,0bdd16840aea89a19b3d0d592fd6ba50b716af5fdc2cd2c83aa2c7b3ec0fb85d,1,0.9944088529382066
0.9198120129184253,0.8875098225074819,0.03420954677552794,0.09833077830473425,0.0,0.16020965576171875,0.7192775551824755,0.5629292726516724,0.9393541216850281,0be5441dcf5107a0609bdf0382db29968ece121851a6f985dd3ddfea1c8c5490,1,0.9099420259507143
0.9999999213172365,0.9999999305315672,2.003945489842741e-08,4.335028673261736e-08,0.0,0.0038343954365700483,0.9999732635119771,0.33879977464675903,0.993992269039154,0bf684238ec80b591fac2fa1ed69fd168f656af0180c3f9ec51c2a955ee4642c,1,0.9973565990407178
0.9954399805344862,0.9935280744039128,0.001920226219004247,0.005072387907678277,0.0,0.17882049083709717,0.9854559175976995,0.6594019532203674,0.9984358549118042,0bfa16738d5d9727bd57d2e154f05eb7b247bbc369a3194cfc451919c19aff59,1,0.9959953932441326
0.9971624118582364,0.996576324753222,0.0008285093850215552,0.0019759112420862923,0.0,0.009386301040649414,0.9999997136779765,0.8224394917488098,0.0,0bfbb03c1fb0035565db43731dd009bcf1fe8c35fa50fbf064dd4b931abad143,1,0.993908156446602
0.9989087805567829,0.9874483047303845,0.017007843058634602,0.05102637555270717,0.0,0.006159543991088867,0.9999958502578513,0.9727481007575989,0.0,0c2f61eb6ec2e00161ab6222ff1de0f7698ee21d8b977367c43bbb718f43b8eb,1,0.9907612524820675
0.9961045843056996,0.9945423042436774,0.0021444809380019537,0.006238774630404453,0.0,0.07913410663604736,0.9950751849898806,0.9521921277046204,0.0,0c3c4c6bad1b2cc6eaeb2cccdf527e00f84a2517a3a25bd1c39dd85983edf6b9,1,0.9928613949039057
0.973711527359406,0.8287097141045737,0.2372489182924382,0.7251544515895475,0.14285714285714285,0.27720261828805093,0.9404778223133541,0.28913676738739014,0.0,0c495cd2c2865e59269329aa3efde253b9789c4ebeca4ce8add93f88edf22439,0,0.0008992043496877773
0.9967893496721413,0.9956420016101946,0.0012905908688781481,0.00296029494361838,0.0,0.008545875549316406,0.9999902436522127,0.9210816025733948,0.0,0c4b831ca66ff1dfb234b22117528eee232d50a825173964994d7c31a19ed114,1,0.9935501414778932
0.9949852661035654,0.9925812341722305,0.004531472267759228,0.013045174515387226,0.0,0.035769522190093994,0.9990088388821582,0.5565550923347473,0.9643596410751343,0c4dc67b70b0774cd929a0e3378177da57e582654c9a8b609b12dd6fc2cbfeea,1,0.9963068402806922
0.9934484078453225,0.9889286256085483,0.005695035303966641,0.013393302152978959,0.0,0.20736336708032269,0.9672433334579063,0.6516865491867065,0.0,0c9832b9a82643e8725fd30d62e554773caf6ec7944a516c2977d1b46207f3a7,1,0.9912208859769522
0.9865826353574632,0.9848590836559223,0.007638747470267434,0.01523830877490484,0.0,0.037083446979522705,0.9989331841972516,0.8654995560646057,0.0,0ca47601bcd39846b94ddd67dd6f75538c17acdb11a8dc43bbf274808b4790c0,1,0.990795089545751
0.9999997913001517,0.9999997612305105,2.032376200791989e-07,4.846086257300424e-07,0.0,0.005576500203460455,0.9999140860454863,0.36252135038375854,0.9933124780654907,0cb90e2443f1427fc07a81a46b0d36f9046cebd16c7deb0900bf4dd69d7968b5,1,0.9973305234555571
0.9961988340927769,0.9940616823293872,0.001985231973719982,0.005408870476826033,0.0,0.01896035671234131,0.9998962455094307,0.6083294153213501,0.9697691798210144,0cbd81ea293cbb81e16f757dbc52b34b2534d416733678a5a06e4c2a264b9f64,1,0.9965613594188163
0.9798122750334588,0.9677602394690755,0.016180047295461537,0.037682431344537304,0.0,0.11249417066574097,0.9910704857956535,0.6040658354759216,0.9694028496742249,0cc724cd41a78a446d48427852dcd7d11ca6a71f30b7a52377f4a10b36611b46,1,0.9921159366732152
0.9870460670467426,0.9888619706220708,0.0031127943921893495,0.006019828153929824,0.0,0.03729141772902822,0.9987041005167695,0.6828981637954712,0.0,0ccad1d74cbc413cf3f27faff1e0159c1467bff19a5114792d06cfbbbf2532f3,1,0.9924740408952435
0.9943241800994617,0.9933055141843499,0.0020859759276016807,0.005741100327271598,0.0,0.04414558410644531,0.9982590798929821,0.7018003463745117,0.971624493598938,0cebe3d5306264f6a33b73a8f8488709e771d994de5c814b2ec52d46eb3bb4e7,1,0.9962741362390577
0.9955465854345097,0.9951702278867132,0.0008002968504466756,0.001696147407395654,0.0,0.04834407567977905,0.9977353508500192,0.6700003743171692,0.9795582890510559,0cf3abebbdb6b6a7fe1f8155b08b5a7ab05af297041bb628f0ba3c04b463ed54,1,0.9965190277566202
0.9953419173001863,0.9919811835797591,0.005867205098791085,0.017513754412423865,0.0,0.04972559213638306,0.9973038643516666,0.8589380383491516,0.0,0d00fba1c630b7c9085158ad234fb64c33f6252efe58b0a25991a56e40e62d0d,1,0.9925314777995723
0.9842918304199973,0.9707230648845518,0.023503989207861453,0.06934123390526935,0.0,0.5588145852071253,0.7127292084346302,0.38643738627433777,0.0,0d128dba878a8d5884aaa1a7bbf26a0c8ae28cc7a2640b9cda8ad4f8b3c5e75c,1,0.9679758577112335
0.9794668761360814,0.9702523580967751,0.019930763608447942,0.055347560818128416,0.0,0.03970634937286377,0.9982632419480139,0.519239068031311,0.9628979563713074,0d1694d4917f6354fd897a19dcce532b99033c5aad4f604ade65719e6f2933fc,1,0.9926470632983173
0.9999973595972442,0.9999971558577021,2.3600604056119126e-06,5.319873522588602e-06,0.0,0.9666750431060791,0.010772166183979451,0.5637716054916382,0.9656700491905212,0d322d31299be1359a04aedb9e0fba830412080e4994d8b0f98e0419375ae4f8,1,0.9532984663638056
0.9962481186353132,0.9950019414143904,0.001773735628101759,0.0038643709215133715,0.0,0.05538511276245117,0.9969456618186608,0.720187246799469,0.9864412546157837,0d4e69cb141a1fc9c9d423ce72b1e988aeafb590e40fbb7c13d1f7c189a51145,1,0.9964023626053432
0.9868696518125881,0.9869473232747115,0.0033618988475942785,0.005632698897147015,0.0,0.04100841283798218,0.9987516487862317,0.6698703169822693,0.9597204327583313,0d877fd28da84b6363d9da9a9b7c327ec5f1548f4cef2225e2b9c42112f12178,1,0.995564511764152
0.8334548791990792,0.7945529134454173,0.25686907945050286,0.6280550328865648,0.2857142857142857,0.03390955924987793,0.6162154677976938,0.5822489261627197,0.9990702867507935,0dc38f7cf6bdf5ab71d5c117d87ff543c969a2cc2d5d73d38e43c06729e60b9b,0,2.54040489924862e-07
0.9973060205368853,0.9960479948151739,0.0014067110027626906,0.003336210005607687,0.0,0.1185409426689148,0.9904821060924484,0.701991856098175,0.9900428056716919,0e121f58aa92a9e6b3d6e6c11663d37445b79efd75d3849eba99ed4dde9b51e0,1,0.9963395725695655
0.9805329924259312,0.9643403301121226,0.02893383313897241,0.08576595421701727,0.0,0.10886812210083008,0.993220878456791,0.6285104155540466,0.9356286525726318,0e1ac089a85952eac00465454b81767538c2a9934a835669c726a5d7e8bc3b38,1,0.9899019359140963
0.9998680398151895,0.99966141188962,0.0006418870662592877,0.0017765288393836157,0.0,0.681800484657112,0.47824571248953457,0.6354219317436218,0.991520881652832,0e1e399532681939427684c37f80f94df6cecaa18b96ed4e585c5e16e847b524,1,0.9853737080674652
0.9999947513931775,0.9999872143125564,8.489478048008972e-06,2.110148514111518e-05,0.0,0.5039358735084534,0.764730600021701,0.5385389924049377,0.9904292225837708,0e3df425572dd73124022faa1d1a40c54d633078b5ed039d5cd4b875a26f58cd,1,0.9933664146684715
0.532956068072987,0.6638334761968646,0.16460255875868593,0.38723763452266247,0.5714285714285714,0.43548114597797394,0.8817320716429891,0.37162336707115173,0.0,0e40d348749e9ce06e570f5e1f03db062755e2d63d442cbe0d87df218115ce0f,0,1.3393541389218742e-13
0.9963558449967777,0.9960740129628098,0.00041660095760392827,0.0009575491613791343,0.0,0.017863333225250244,0.9999102205460325,0.6710723638534546,0.9935402870178223,0e44de48e2161952ab8de6f4ecfaa1cd2d69eed226c6849a380e7deee767b0c0,1,0.9967199352175719
0.9968017362091742,0.9941709402825264,0.0026209773587061473,0.006872499671366383,0.0,0.011673986911773682,0.9999988349065886,0.9375606179237366,0.0,0e7368ec6063ccf267add7696156b7b5ad0c268a70cbeb18f3b2a6eb939424e0,1,0.9932285481603897
0.6701119841486823,0.8103090407188319,0.19594441707080867,0.31971122855893114,0.14285714285714285,0.7703859023749828,0.9999833506202729,0.45976898074150085,0.0,0e794a38db5225a6bf051f591dc710ece5349add72df805a10020793ab5cd9bb,0,3.385775245550757e-05
0.9930467202537996,0.9811436129886016,0.01771565266309001,0.05263870581139321,0.0,0.025398528203150722,0.9991919774382619,0.6069948673248291,0.0,0e86ae96925f0e64049c32901f05f16585d0e21d6c93fbda6c900d05a3f95504,1,0.9903996083135431
0.9972071835324463,0.9869627366808604,0.014167609342038118,0.038301453116016515,0.0,0.016909360885620117,0.9999515576520897,0.9745732545852661,0.0,0eb0043aef9e40b93d4d19580294dc51514a7098c61467975dc77094a24c11a1,1,0.9908340021335542
0.9998592646490164,0.9998540619828964,4.366772942248037e-05,7.244154802789042e-05,0.0,0.00314360694004091,0.9999561647142287,0.339591920375824,0.9975243210792542,0ec03dec966dd909a1789b44dfa4f11e10aa5ab2af5196f754647556220c8da0,1,0.9973517435595236
0.9960490516610455,0.9951013034541202,0.001704942850207255,0.004885545742547515,0.0,0.013175904750823975,0.9999962128101192,0.67427659034729,0.994971513748169,0ee7db80a916ee37039366e8556f457a36b09592b3558646ea4938858513992e,1,0.9966077757719242
0.995953162199727,0.9794851211360083,0.028498581996778873,0.08036899181071311,0.0,0.02723139524459839,0.9993369043418886,0.7697125673294067,0.0,0ef027e60c3fd83d262662cac94245ec382d78d1f3a7e7770706e1ab5a0e1daf,1,0.987818764859514
0.9927701842262843,0.9858844741265326,0.010198267198002863,0.02881980657873842,0.0,0.058485303073236995,0.997910522815214,0.5361014008522034,0.0,0ef21f7af24074438923661afacad0e0c935bb5018272e0f99192f53e0e1f83b,1,0.9919730232607872
0.9948021466663485,0.9919263792075037,0.0034964983925089947,0.010586820140731867,0.0,0.09133124351501465,0.9944842144185678,0.7035793662071228,0.9594493508338928,0f097801822364eb15d810af59f678e857974ca5bafd81a1b3c3aa956ab47c1e,1,0.9959522113260546
0.996201012000005,0.9981582367328314,0.0013152262735187411,0.0037232907272679483,0.0,0.1589316129518712,0.988189461811203,0.35966113209724426,0.9933286905288696,0f137c20e0ceabcab2698736c751ac2bbc377b4e5722c91a10110dc473ab44e8,1,0.9967100301571664
0.9999258577781335,0.9998484395094225,7.79838195671076e-05,0.00019373814021787306,0.0,0.01488276571034158,0.9996663307879702,0.3925669193267822,0.9950665235519409,0f22327997bf074e0fab52cf717f57a279f0aeb8cbd283b7fb3473f870b48919,1,0.9972764711855652
0.9999796166188311,0.9999696889950181,3.248527886070588e-05,8.510159135611387e-05,0.0,0.9390307664871216,0.027356219503829014,0.613505482673645,0.9736765623092651,0f58e0ae73d6e32599f8875aef15d5daa1a7e74185abad238542903fe38caa03,1,0.9551169729897108
0.9957235033819136,0.99321330266676,0.0026532898723869657,0.006805463110036936,0.0,0.01687157154083252,0.9999027281113738,0.9240085482597351,0.0,0f69ae26db73fa7af6ddd9d5a9099481a4fac38b731e89009666a629ab4d9490,1,0.9930757364150801
0.9959243468661488,0.9941767966558575,0.0031661179346772557,0.009327447106815656,0.0,0.02515500783920288,0.9995236029674421,0.9549115896224976,0.0,0f75fbea6734d3d600e8e7065e6107d12aa4e454727e72740eb18bc1766b9ca9,1,0.9930131445358806
0.9902365039054036,0.9917258638250707,0.001927256890755232,0.004973405135855818,0.0,0.06510797884180672,0.9973738731377241,0.6012688875198364,0.0,0f915d8d1325dae7961c0f02ef666a574883008ac71a219ace22bf4ef285960b,1,0.9931766989080033
0.999980623731983,0.9999672773384611,2.6177100149374857e-05,7.459488787751818e-05,0.0,0.03348386660218239,0.9987747557565577,0.44401583075523376,0.9983705282211304,0fb2352adb7bff5cd3e75c5eceab8893632e1fa7dac5da1c2edcb38332db5358,1,0.9972017155338967
0.9952836805295894,0.9935878166901567,0.002786403822216313,0.0065443373973529395,0.0,0.026381313800811768,0.9994827150713551,0.7417654395103455,0.983891487121582,0fc146f164ce32612747c43854ae4b3ae99337533110faa7fb37dbeb69c1ba36,1,0.996297291966978
0.9901066822566047,0.9787841510704298,0.01779410189349766,0.05382841030258301,0.0,0.07948029041290283,0.9955590619006018,0.6109852194786072,0.9502519369125366,0fce9113ca5fd737f71cb43799b675339e005e972178645c868666e604886b07,1,0.9938826962894007
0.9945491700975206,0.984312852996651,0.01048327341031203,0.028515866702878756,0.0,0.025935769081115723,0.9996101603260128,0.9667606353759766,0.0,0fd29e9d4e93f65c4b41bfa72f18f9fb0357805eca42338e2e70a4610a584e92,1,0.9908414716253404
0.9913806283511193,0.9892119378991396,0.0025438814683848474,0.0073419098251764625,0.0,0.013838410377502441,0.9999608208711033,0.6972167491912842,0.9966986179351807,0fd69b3e17ac3a7f698f265499054e76c2b0b47567125fb616fe9f1f3d6051ff,1,0.9960939415288949
0.9999853932404327,0.9999869453252452,3.4024566475950762e-06,5.376347374229639e-06,0.0,0.015627071261405914,0.9996865830357328,0.4192247986793518,0.9971121549606323,0ff30ab164c1b9d5d94a5a8a6dd5a15b926f3bdfae9cf88b658ba2af1048242c,1,0.9972635940747799
0.9869627317884121,0.9718023703162334,0.33841931440202455,0.9793976317279236,0.14285714285714285,0.019035518169403076,0.999699530836273,0.5886673927307129,0.9852108359336853,10014090576ea1015dbac729d3e4c07418e1dd13387864dd2323c507daa28291,0,0.0023378755660462707
0.9895478578442082,0.9886542929764973,0.0011952745004551381,0.0031466190426076013,0.0,0.013495564460754395,0.999986045164729,0.5926079154014587,0.9970205426216125,101f2b4db70a29824f2bfca399b1c6b16a867bac7985af93424bc96a41106994,1,0.9962242683801885
0.9821139434595109,0.9873102508739898,0.005965732023640956,0.012500350749576672,0.0,0.008751094341278076,0.9999999716856434,0.9636576175689697,0.0,1038ca157b519d27f7aa90e67e64206a8b6072545d74cb056461afb7ceba54fd,1,0.9908868861847901
0.9972759195382974,0.9968842102597942,0.000530611766336342,0.001178497181065663,0.0,0.059838056564331055,0.996509670557712,0.7211247682571411,0.9616661667823792,10409bd4162611102ab0073c06a28bf4f14530697cde38ba653285e372b27c80,1,0.9965367715943945
0.9998742638252219,0.999586350748696,0.0008028663185156033,0.0022512879628215445,0.0,0.7596662044522036,0.21940971496626763,0.589993953704834,0.9662683606147766,1041856e8a1874b4738a933fde9aeb884993ef3f2af4eb3f285ed984e904f018,1,0.9730222843709552
0.999806473114662,0.9998488162170647,2.9823281604341522e-05,7.860801584561242e-05,0.0,0.005557382926837013,0.9999085396159212,0.4580610692501068,0.9890464544296265,104863cbaacc0f6262fd0e3e1c10702405c85f73ed88a2567e19a1b506127c03,1,0.9972230786325416
0.9767423301938043,0.9349823792369489,0.0961715361794816,0.2761059843990975,0.0,0.9699930343776941,0.009250187944742761,0.7910072207450867,0.9994485974311829,105c9db0f04dae3686418b385cc2a637133805075012ccb61defd03534531189,1,0.5652320105334191
0.986719982069067,0.984099625103493,0.006287418663768816,0.010752106112890347,0.0,0.46109437942504883,0.8175617603432517,0.6573972702026367,0.9956672787666321,10616750591dadf0dad9b8013a7ad6c48967e682942c5f43cd9c711d402afc2c,1,0.9906555948399245
0.9850295063775284,0.9859680403161264,0.0017791072863490615,0.0033234575928837717,0.0,0.13190490007400513,0.9874400271847883,0.931790292263031,0.0,1093452c0d0718a0a7645cab9e64c239285695f37a5c55386d8f70b38fea1e89,1,0.9907783155812934
0.9805968254600316,0.9894741907341036,0.004503719996488225,0.01436347315559902,0.0,0.9666507092574648,0.010575367193918437,0.6973555684089661,0.9597957134246826,109b78b2f4abae9d5d21a1e678711684ccfe156e858fa905398e406afa436f76,1,0.929206425654096
0.999999500728976,0.9999989539304854,1.1993009711349511e-06,3.3594400380674045e-06,0.0,0.012512444518506527,0.9997617815962548,0.4400152862071991,0.9940641522407532,109bc1581379f65d43752fe60103f00ace28227907acd0028aeb2305889fa6f6,1,0.997246260063451
0.9910805400907032,0.9933747373492973,0.0034139111306338804,0.008588323179378774,0.0,0.09956598660085092,0.9956432548096933,0.5081658363342285,0.9824920892715454,10a0097f5172b96116d01bebca8092d963ee9722e5bc8d4541225c6042f31f99,1,0.9961824978714553
0.995823845738534,0.9947796707511303,0.0018138668146048037,0.004321184354265955,0.0,0.003923011458342307,0.9999206458537206,0.4932277202606201,0.0,10acaf9e27e124d877eb74f7f4de8160aee2511024ebe5fce2eefe563d04e5ee,1,0.9942771464304919
0.9959890725178554,0.9950059804465478,0.000981952476685353,0.0026413403053470175,0.0,0.015169382095336914,0.9999530912681391,0.636775016784668,0.983704686164856,10aebd7f0d288cec9f4fc176f06fa36e976e0e741602e925f82d2f03885e9462,1,0.9966578672197296
0.9856959810447091,0.9859961811256256,0.004048878183501445,0.006920957677396533,0.0,0.026675403118133545,0.9995260455017025,0.9499016404151917,0.0,10af7aed9322c26bfd508f7b64789b37f2c3757b02ee94b04fd6da9d64d61447,1,0.9912477550006857
0.9999108663972527,0.9999078584830086,3.478978628129251e-05,7.844079405651538e-05,0.0,0.7328148484228925,0.25542585221931047,0.6870774626731873,0.9635758996009827,10b60d8abc6174a2977ff2daf3110e43f9b4c140f25f04e7ffe6dba67c298a6e,1,0.9750444366061688
0.9956755038128878,0.995330941071339,0.0006309359643488834,0.0011486750698758152,0.0,0.025642991065979004,0.9995475578831606,0.7381906509399414,0.9646000862121582,10dcc81eddeb1488813bf39d9b140a56514762676314fa82c68a2a14ed376bfc,1,0.996494908311308
0.9819219754169332,0.9809030851223961,0.0032051839624297317,0.00851890304879499,0.0,0.732817679643631,0.38955680675096227,0.8301255702972412,0.0,10f9e1fc250b8c1bf9464c43a37a1b881696211dda99e97bce878d3ccc2b93e0,1,0.946665684653384
0.9572089859403102,0.8761101643925048,0.29394343513269183,0.8989259301237985,0.14285714285714285,0.12281023086006826,0.988083525756388,0.34761327505111694,0.0,11002fb385170d85384de01407e43eac27818babeb55c054eaa8bb1bb4830456,0,0.0006713528626809222
0.9946084757470485,0.8972129400006345,0.3036758790705397,0.7896737783654658,0.2857142857142857,0.012176036834716797,0.9999975460941135,0.9309450387954712,0.0,111e1092a0ac4876138078abb6bc1e2fa07be3ecc54359c4471e1f43aac70c66,0,2.4431242647063017e-06
0.9999114502609966,0.999947362737684,3.161663258156468e-05,6.630780190267156e-05,0.0,0.9390618801116888,0.02505661978483895,0.6622162461280823,0.9854732751846313,112ff8aaa0cad9d494b5df82b6d39478c6a9c77e6c435119eea8eb4ebce017c2,1,0.9544334974037197
0.994650366475023,0.9942763038521251,0.00057055311496925,0.0014468959089692923,0.0,0.023645639419555664,0.9996636196753299,0.7144908905029297,0.9818449020385742,115f12dedfcdb443e6944648d8219a380e110925d1b3976dc7a61b81fb9268e3,1,0.9964900485061424
0.9359033697332966,0.821505758019199,0.2286218265589375,0.6891488449884148,0.14285714285714285,0.9493972174823284,0.013408803686042787,0.7211193442344666,0.0,11649bf4037bdc9fca3be69bf1c5451d3c93862002d641ae1e23498d3eaacd8d,0,4.631302253552273e-05
0.9968936353611682,0.9947912842307981,0.0026122229914798214,0.007910636777206603,0.0,0.0055387020111083984,0.9999895447844916,0.8293443918228149,0.0,1169daf1aac6ef156933c7334d0f5f673300f3c08a2a87119c64622c18c8cb12,1,0.9935730755353525
0.990250119706179,0.9570243708241646,0.3996635906383739,0.9610508049778919,0.2857142857142857,0.5473170280456398,0.7316956748340795,0.20837169885635376,0.0,11705053ade31d64862139009b93bd474a4c3acbf23a48112916698281739a01,0,3.939038494802485e-07
0.9969810651065654,0.9916528946042314,0.006214241850426237,0.018844962161733037,0.0,0.016378045082092285,0.9999552001180265,0.977225124835968,0.0,1170bf2d768e77e11de0aa9d19e9d8ff130c778ccbbde3ff4e45a5ce936240ac,1,0.9924842734063577
0.5179278364712183,0.7064536631504902,0.2381578386464013,0.41153276324971844,0.5714285714285714,0.9871114646084607,0.994308063003401,0.9447842240333557,0.0,118aadc7e32bbc970dbc0666c1979f880699951ee4ee8db51f3fe498b05e24e1,0,2.8019885626360906e-14
0.9783472080472244,0.9430751884225886,0.29868740364489854,0.8767382299711747,0.14285714285714285,0.5275028347798176,0.7366615783972028,0.5489266514778137,0.0,118d18e1bb14e6667fa1d2da9349768e9f010e2447b4748a893d411076983efe,0,0.0006793594235602174
0.9942795624967502,0.9928333372776884,0.0017225872111580397,0.003893578689070736,0.0,0.010969209482363525,0.999712479664918,0.6031952500343323,0.0,118f6ce54fac103d85366f02df393c7f62ba48a1df37c6011afb3c0721f5d75b,1,0.9937947508939668
0.996096717223167,0.9953450312991495,0.00114768650322833,0.0033459286629520246,0.0,0.02001267671585083,0.9998168091381324,0.6224341988563538,0.9885522723197937,11902c0fe6689b4a213129fa6d14e58561903165ba49ce02df20149233cb2c86,1,0.996682086772606
0.996175621475525,0.995551201962311,0.0010650716104281307,0.002341914384205279,0.0,0.08994632959365845,0.9938076041921426,0.7508063316345215,0.9636799097061157,11b4ea69453a37ab358572df72066312c5dc188cbb267529dcc4f6899300ddc2,1,0.9962769856336341
0.9982134368197686,0.9979186606459021,0.0005165645983083193,0.001431378600884159,0.0,0.017685294151306152,0.9998949090417865,0.9504955410957336,0.0,11c2c0674e1a689aca6dd7ef390bd28cbc2f07531ac3378af17218d2eee5d9a7,1,0.993807846934732
0.9984060480151971,0.9974149235218881,0.0009243670651475471,0.0020674200000131426,0.0,0.004517912864685059,0.9999922769841207,0.9366397261619568,0.0,11dfa8b70dfb87594bfeb454bd917d926e66bc765a4b8a4ce0179e021d043698,1,0.9938141239352822
0.9970881908633894,0.9954298692267383,0.005676182276370485,0.015235399695473186,0.0,0.3011188893478902,0.9345021793335833,0.5977259278297424,0.98582923412323,11edfdc05ae8e69da854efe98a12c6fa919a6e2c4fdd1ad61f6c4916fb88c35d,1,0.995087028125745
0.996181947327953,0.9941040459381938,0.002119601364504875,0.005928372568174023,0.0,0.0259283185005188,0.999474716445462,0.8128355145454407,0.976335346698761,122879ff040fb6d8ac750a7a9a98f697b7fe9b03d1dd784c49bf3ed90553e298,1,0.9963000225530496
0.9851789864766118,0.9625369115577158,0.029129930871830315,0.07279435767952766,0.0,0.915903210638319,0.07186747788708717,0.44492390751838684,0.0,123a6ae76c970f984c81ed21d4a62f5502153376d51567ad78d0581a956d1fa0,1,0.8202521958244499
0.9955644530608874,0.995263462995866,0.0004799113011083673,0.0012221222126996834,0.0,0.037091970443725586,0.998607142120516,0.6597064137458801,0.9680523872375488,1241fc5a690df61d230ed6a24057e85abc679399e85e27ceee813439fb8f386b,1,0.9965673433637656
0.9935445058615809,0.9842398637929276,0.00889419493474579,0.02238466309046205,0.0,0.5935541987419128,0.6598497507579413,0.5200819969177246,0.0,125391987b5526fd19d03f9dcfa4794be36f69b79c1623999cd6ab89237ba53a,1,0.976381100193012
0.9940545518772981,0.9924677664042755,0.0025358711036199385,0.006727616217313548,0.0,0.05371654033660889,0.9969468474125505,0.639773428440094,0.9574711918830872,1264320a44722c211dc10b8db14f4c47d2cb4e0d9bb7fbaec7c21d8f492b3869,1,0.996206792280647
0.9883337427981913,0.9831537905652893,0.008364176527387275,0.019892978895069795,0.0,0.027497034392353265,0.9991918853131264,0.6115993857383728,0.0,1273e840c2416aaa4878b2445037424a68cbfbf2d7a7b7b4e343115f88c5d837,1,0.9915125616094108
0.9826846290453121,0.9810693467164532,0.012295066808133507,0.02939546671614181,0.0,0.011577457214855258,0.9996800514592993,0.24095109105110168,0.0,1292fa886c855983bb5f7f9b3486fbd775a0c6ca9355d4ce998bb7d982e96fac,1,0.9914128589200497
0.9998247130049066,0.9959080587284285,0.009745011485155795,0.02778640182336008,0.0,0.9730041027019276,0.00882873471582229,0.6370861530303955,0.9688412547111511,1298679b271ea704996f6d93dcb50cd9cdbdf650558213043b3427d97ebcf992,1,0.9407121047376054
0.996653340873815,0.9906116341615968,0.007272129677891391,0.017362440553527647,0.0,0.015217006206512451,0.9999740376382249,0.981086790561676,0.0,12a3cc57cb9cec9b49f9b1f34f202929c1e319fb59134aa83ac8b8127c73355d,1,0.9921423378835321
0.9951021836873121,0.9895013320861372,0.006000232968025489,0.016821948694046296,0.0,0.12770360708236694,0.9885862072259373,0.8246541619300842,0.0,12b641751e808b77b27355669ac02ec38d5fbee19ad9929a679ecbcb89338223,1,0.9917639684192484
0.9980473725807061,0.9973264060993978,0.0008092583915988381,0.002198728972177988,0.0,0.008094072341918945,0.9999999865835092,0.9733590483665466,0.0,12dff3ed7b37ab3e0d62987cbbed4b3b7adab54648441e8f947aa07fe5a3cdde,1,0.9937115957106665
0.9925029716096737,0.9900576317128549,0.004094590744589804,0.009423436250420365,0.0,0.01987056497591766,0.9992931048255382,0.4797230064868927,0.9957013726234436,12e11f37cb9b53f61e01b49cf5921822d0a06d9d491f79ab39cee961b006e5e2,1,0.9963152616645935
0.9954733210986692,0.9931976166534089,0.0028446328319936807,0.008879365959100216,0.0,0.005888402462005615,0.9999983377566638,0.9796669483184814,0.0,12e432e7a3747bb1b63645a34b497ca8918b386bbc87b9cf128d85f14f151cbe,1,0.9929787726394624
0.9964679426185994,0.9838099645049659,0.016221414686647197,0.045327368764892295,0.0,0.010175883769989014,0.999997843984889,0.9743714928627014,0.0,12e60d8382ecd14349cb14f6a2407020040247e6557a510ff5a30b6eaaecf01e,1,0.9901234650245124
0.9909590457201328,0.970026402023544,0.03207568789413019,0.09667028364425456,0.0,0.14149832725524902,0.9894555826215309,0.7870664596557617,0.0,12ee03630e4bfe78c2d4e71f7b45744d53ee478eb41c643a40dfcab0c51431fa,1,0.9832840523266766
0.999571434604269,0.999361011268176,0.00031662393328565046,0.0007002189257770662,0.0,0.0350791028625245,0.9982767122836718,0.668434202671051,0.9982721209526062,12eeb28f12439d0eb7c9346149b13957a92e55dc6a245cbfbe5ba95c28102256,1,0.996919753246978
0.9654031224618668,0.9645570222137214,0.32545837492518537,0.9304533368127815,0.14285714285714285,0.213936448097229,0.9512228458728299,0.7545121908187866,0.9690844416618347,1352fe76e73c8bc0de3ca4b7eba5da6bad20abed9e507afc318b19dc68970d7b,0,0.0015587274840075693
0.993673863470085,0.9891405976274408,0.0038348918012033866,0.010141538429745064,0.0,0.06960897147649346,0.9969911426761148,0.5478620529174805,0.0,1359e271093d213440ac8227ee9096aad2dd953d999f36d68b6c2d156ac8dfdb,1,0.9930426933783796
0.993406390591383,0.9907779427892015,0.0027190998891361896,0.0065128877176787725,0.0,0.06405472755432129,0.9962765600875613,0.7491236329078674,0.9637575149536133,1377c480c9e4d2b3db5f7007dbce2fafce5df20d8fb99300b497043f6568a568,1,0.9959129984942074
0.9846134003571597,0.9414180311591264,0.05650910273750785,0.1697579785272129,0.0,0.02535056641031508,0.9991345369751718,0.2613828778266907,0.0,137d0eec7484d26f9271e563b5d620cf16181c71031d8ac4095e2fb1a174cb34,1,0.9711599570958293
0.9962920695347895,0.9813907097762467,0.01642178846421652,0.0422820349651471,0.0,0.021539177745330176,0.9994224394562021,0.46379780769348145,0.0,13896fe8eed4278251090f82d44c58e6c40fe18af3ef07c7eab97e050365c31b,1,0.9912486576998794
0.9973880136016224,0.9962796462674236,0.001707189365087665,0.0048773470709777555,0.0,0.04855412244796753,0.997548080237959,0.6743566989898682,0.9796238541603088,139b9f3ec130ce67af81fe2f1c02e6b4968aae6d3eddd0c8c2313aec893ac6f9,1,0.9965725368228397
0.9733602144107715,0.9063501190128651,0.19883394792428746,0.5770017311824618,0.14285714285714285,0.010901858435659051,0.9996986701927005,0.5361768007278442,0.0,13b1527ed38f9baaee76bfbb440844de6f71885e45cad8bd68cfcf103ea352db,0,0.005376798716489029
0.9932471314948412,0.9940816504292179,0.003427130227157124,0.005888615380413489,0.0,0.07117718165297071,0.9968114847238566,0.4727953374385834,0.9975721836090088,13d8e324fd4943705936c9326306ae6a6e1ed05a9a0ef878da8176b36c857942,1,0.9964252009361054
0.994103506938525,0.9894878838848081,0.005868242891505026,0.01647364752432523,0.0,0.017212629318237305,0.9999348081836837,0.9768511652946472,0.0,13f39e95dd3c8993e600b0e8608e7ec652236b4487df1428e67c9e3bac204ecb,1,0.9920809199187641
0.9994266110950109,0.9995580783873341,0.00020323130147246877,0.0004900184495414918,0.0,0.47089529037475425,0.7347343520283245,0.4639643430709839,0.9232791662216187,13f3e2582b5a061590ec61b82f6058e5595ea5e8bbc61a09a619bd86463c24d1,1,0.9928742608240398
0.9787137587566931,0.9815069072675302,0.01674815083133614,0.03581325619541646,0.0,0.016210266310508814,0.9994233276159917,0.3102569282054901,0.0,14111ec4d27c2435e354107d1857ae4752f4e2bba4890fdbc40e529371970067,1,0.9900507977519905
0.9912709372391684,0.9666881598604306,0.05870353968058492,0.16836318733620503,0.0,0.026902616024017334,0.9991287289524886,0.5331786274909973,0.9795177578926086,1416163d3c72d972dd346e46275d4696241e88f3ff1a317a544300dfbcf58d11,1,0.9870288530895664
0.9720709091216034,0.9636469752405015,0.027672914658069328,0.06922312463427216,0.0,0.024211645126342773,0.998686401762915,0.6329720616340637,0.964447021484375,1425095bbee06bcf35d6bb81cbe5aef432385ca739309538ae2ac3cb014eb46a,1,0.9897884766704881
0.9882312117427401,0.9856850224263096,0.00525078875909296,0.01107152596230987,0.0,0.0639691948890686,0.9961248534195292,0.5788769721984863,0.961775004863739,145ee92bb1880b311c0ffe9e84f9303d0a642e843e5118a1b80106d29b298265,1,0.9954561968392551
0.9940301458806744,0.9902653003337134,0.002728168814202813,0.007308449023817443,0.0,0.029044151306152344,0.9992470452262684,0.9772511124610901,0.0,146c708839e9a88ec9130b6ac5447c453087993e75ba2cb7eb3b6cbb0ab8ec87,1,0.9924843829930353
0.9942702279479968,0.994190023131862,0.0013314884575160028,0.0024944571181990307,0.0,0.013585338356756934,0.999592387735118,0.6435660719871521,0.0,147213bd9ed78c8ec04f6c9a347710a4afa8810eb1769807622f304346c9af42,1,0.9938414441326932
0.9888039660777772,0.9867703863520729,0.003996821534427019,0.009371325364107392,0.0,0.1364833116478846,0.986509729735996,0.48928219079971313,0.0,147a5a490e5d388306e1b971ecf73ea8ccf3b8928595ded3ce098d3c7df2c0bb,1,0.9920865432439927
0.995837448334275,0.9601924381675675,0.08202033268677832,0.23626917091034094,0.0,0.014652371406555176,0.999976895771041,0.9478487968444824,0.0,147ad70ab8955edd1b8b4bf8bb09a34a9ab707a464381ab55916889c450bd2aa,1,0.9604994716222478
0.9912624970887212,0.9861233917767969,0.013202981544687601,0.037076266953689124,0.0,0.007052313213101291,0.9998204020356608,0.5239781737327576,0.0,148f58286f37c63938bc9c20a6ab4a56e96fdfc06ea79f5d656235f096cda365,1,0.9918118919835569
0.9979497492504418,0.9687739889360986,0.2912029628751563,0.839769811610029,0.14285714285714285,0.015115618705749512,0.9999242019303677,0.9601632952690125,0.0,1494b7fbea5d0c3b705068df2bc66e85027b38d856099a196419ce46a3cd52e1,0,0.0027267268997754933
0.9959105370257307,0.9957339788574384,0.0006918572824772469,0.0014946370815235874,0.0,0.003581689203677991,0.9999744857352173,0.5754695534706116,0.0,14ce9bcd7a41ce4c6506386983ce6b136968689ce382d586c8bb1fbc5aebb420,1,0.9943064637224451
0.9981907649821237,0.9975485448427127,0.0011099900233330802,0.003268846335430897,0.0,0.018133163452148438,0.9998182101236233,0.92934250831604,0.0,14dd9f6ef88ab67f2fcc14ba39248f928b6b6733150fc34c1b99a37e771135cb,1,0.9937585472199432
0.9936344607303377,0.9804422589896417,0.019322149400353178,0.04424984535733434,0.0,0.01482546329498291,0.9999313780848302,0.9131088852882385,0.0,14eb58e1b0989113f8e525e8e067b55d4ecb16e4bf900e5371187153a2c963b4,1,0.9888034392046915
0.9999773095016804,0.9999842958963365,5.783210414227704e-06,1.7680014535701473e-05,0.0,0.23475706577301025,0.9540205688718494,0.43151459097862244,0.9615908265113831,14f7dfedf0923bdd9e11ba4fecaf24a5f755fc46bad7bfcb0ac85714e65e2dbd,1,0.9964090981257858
0.9971822802913285,0.9955356611846575,0.0026841529007837054,0.007969605536909286,0.0,0.005749940872192383,0.9999972189745951,0.9715046882629395,0.0,150424beb0ea3597392998abfb92fcc72a7d74131ac201a304f184e9f0052b26,1,0.9933251155229113
0.943295257508088,0.9324975009334793,0.43064252590611035,0.9241460047533531,0.5714285714285714,0.07727086544036865,0.9944265503381678,0.9244446754455566,0.0,15161e1ed2d0ed50e768c78922501766519eea12ce62d20d2e085b75ad81e7ca,0,1.8539389139560025e-12
0.9786622243408958,0.9762057398684701,0.009858045798028186,0.02392529569226497,0.0,0.48981282103180507,0.7896322211558066,0.38864362239837646,0.0,151c2e93aaa2019a5718926612e29349ccba8addd9f51130927cc58c4202f1fc,1,0.9793494906637186
0.9954918223201985,0.9942733310377063,0.001962108939833523,0.005112246779434979,0.0,0.0242723431438175,0.9992247503069694,0.6389465928077698,0.0,15260642232458add6f757e7ed63ef2c49e8eb900c8971ffec30536e5d484cc8,1,0.9938246351875475
0.9966153898170635,0.9956661634874022,0.000803953532694835,0.0022512459477489477,0.0,0.007686793804168701,0.999999297399961,0.9120116233825684,0.0,152f4f3319b7aae973504de7c9d0ccdf00b72bad77e976a8070b2ab5333e0932,1,0.9936274383348889
0.9926533818290586,0.9907772003864147,0.0034418639041651536,0.007431282383242421,0.0,0.09063851833343506,0.9947802015706401,0.6947064399719238,0.9561350345611572,156d446d6b00af9d683cf3fd0e60e3192a25820c811f1a96a0aaf43cc55a1722,1,0.9957940959050919
0.9936448992839461,0.9922481737860497,0.0034195058104381742,0.009059441149856351,0.0,0.02242344617843628,0.9997047909279175,0.6764575242996216,0.9745339751243591,1575738a34a95e5da216a166beb577378fc58d510df025b34b1ab75ed99582cf,1,0.9962156265393168
0.9995343161142416,0.9997346638178615,0.00018413402853633285,0.00038146741933976297,0.0,0.9579648375511168,0.019684589481881114,0.510797381401062,0.9625697731971741,158594ea17df1ffa64c5775c7e0367b3190b28fabbed419e04e594dc58fdfff0,1,0.9546447410435125
0.9966343781476287,0.9969080243293933,0.0008553642911400405,0.0014395773081198326,0.0,0.005898535251617432,0.9999984278760381,0.9328894019126892,0.0,15917b0639c3f0cad55975581a3247936887b357b12bb843868d2371feaec516,1,0.9936734521812268
0.9959638039013564,0.9857826542789055,0.020906566190101467,0.06116012725369317,0.0,0.034474160522215844,0.9988045266214669,0.6960605382919312,0.0,15938ea164f24cc5e6818d215be32404e1275e2505f681c0c1c71f7e5966b810,1,0.9903461929716636
0.9999953874667571,0.9999850948978951,2.2790847636686444e-05,6.576004401677451e-05,0.0,0.7703326940536499,0.3032113561125765,0.5968158841133118,0.9929420351982117,15a861de6b420a22286bd05f50693a0a819a0296399e6aa2dbfd4a3a28becbe4,1,0.9780255482781538
0.9998937435768134,0.9998112011411872,0.00013144051914286043,0.00036417599593917103,0.0,0.004748513922095265,0.9999824248426088,0.2820032835006714,0.9936814308166504,15b0e7dace73f3489bf739e0817f5c2ac0caefcb489cbbf2de01675707f52783,1,0.9973906925244685
0.9977162289887874,0.9965748554470758,0.0010074738884004932,0.003034712237300563,0.0,0.010937035083770752,0.9999984981632634,0.9720534086227417,0.0,15bfad87d2cd3b46e5566fea4c3cbd724e40269069f34cc8aa2a2041d39c0271,1,0.9936040278230628
0.9950748541037455,0.9946900234938418,0.0014586201713360821,0.003309156829153337,0.0,0.052598655223846436,0.997594226803022,0.6866664290428162,0.9594790935516357,15c165fd05a492f6bccabcbacedff5cdeb9f911bbf5e8763fd8908659eddb4ff,1,0.9963663791121183
0.9694698262637658,0.9113525662927594,0.14520019174858895,0.41330490501203576,0.0,0.8314204663038254,0.2200495062458937,0.9138649702072144,0.0,15cf0bbd16f4c42e5fda6ba976e639e580104080cbd62ffd0389c81108772f41,1,0.2646503994121049
0.9972370595811739,0.8786649138345312,0.2315490569208759,0.5873714066282684,0.14285714285714285,0.012799263000488281,0.9999909040441061,0.9655013680458069,0.0,15e27e8f6b1a8f799ba71ffb5985a6455942f819df09fba61851aa702de8c962,0,0.0019501239257735971
0.9928606077552877,0.9889017022972035,0.004882618118611026,0.011613999958356769,0.0,0.4813981056213379,0.8107557874696198,0.8961454629898071,0.0,163904a3852cb24680e4c144aff8b6e50f599dd8079c98151bb89cfd05e934c9,1,0.984071725341346
0.9972439747762193,0.9963289698243478,0.0014792900436100915,0.003965609333589248,0.0,0.039690613746643066,0.9983528955475168,0.7885118126869202,0.9795855283737183,164690a38fbc545f19d663f1260a80b16c2a520285b9bce8948cc4d6a93fa412,1,0.9964724283249502
0.9953741944353955,0.9932504076245536,0.0025622864128311633,0.007043085033034635,0.0,0.004271090030670166,0.9999998123166506,0.9206461310386658,0.0,16508a343dfda26c5e3cc83dfe9ff50b8cf92652a3bdd8b6690c0ab360c5e5cb,1,0.9931416742087632
0.9999197364697323,0.9999409994206413,4.27540731697863e-05,6.896661567031226e-05,0.0,0.05708928406228399,0.9971948453930848,0.5213516354560852,0.9733389019966125,16534ce5e838650608f9e100ac0da0c522e8dd836501bea8d5008eab896ad892,1,0.9970237830336361
0.9906305083043052,0.9840740320669861,0.010704566280010508,0.03223698165519656,0.0,0.4391456544399216,0.8355654674402558,0.5752801895141602,0.0,1676fe282602e8088b7d3d13c4341471f516033558f353baa168071501840c6e,1,0.9843734262095654
0.9999959742656739,0.9999929299744386,7.553508545465114e-06,2.0991927865178594e-05,0.0,0.02014007605612278,0.9992923388737447,0.5107675194740295,0.9943036437034607,167d0e2912e458b1f268cb0298e7aa49c0ab86b6d54041e0bcd015951457a18e,1,0.9971612154700469
0.9896069321040168,0.9445528736402711,0.10350347771506944,0.2979333253696044,0.0,0.006668686866760254,0.9999928488315799,0.966978907585144,0.0,1684e6a72ca2d7ea55c818eadfc7ce9db5229f598693ddf63d7b140722746384,1,0.9285646013209591
0.9890734818142662,0.9781552718420216,0.010609478340845498,0.029927506444945413,0.0,0.41795256733884517,0.8417995970242877,0.5933094024658203,0.0,168b0d897748dfa50170c50d7a73455ec6a72dcf925012838cc5e3b1fb497732,1,0.9832229658326542
0.9998742374310342,0.9998480020778892,8.004725399051195e-05,0.00015131048952402997,0.0,0.009180737659335107,0.9997924073175717,0.29403018951416016,0.9924837350845337,168bb5f9a62298679189b4f7ed38e53041083cbcc955fae22966110eeba09e5d,1,0.9973718941306248
0.9997326533020436,0.9996685387306423,0.00014465141167733364,0.00028966776603820625,0.0,0.06216814368948362,0.9971860791906958,0.4537912905216217,0.9985127449035645,169313a30ec2f19fb22739cc8091fd85721d0f33cb04897bd4a170ad13846804,1,0.9971038474607181
0.9999764648396879,0.9999588715435662,4.29817391685496e-05,0.00011485398378847621,0.0,0.010441266931593267,0.9998813450150283,0.4339941442012787,0.9907703995704651,16a07da4f198ff9f3c37537926b36ee0a3cf1aca5967a8055c4670b2f698e99d,1,0.9972471503622886
0.9743525778459539,0.954879277081746,0.3216865108710221,0.9365273192920877,0.14285714285714285,0.9884429573994208,0.011987084946192016,0.5394099354743958,0.0,16a28877fb867b781d55cac55f40427e0a92820a1c0fb5ba67d90aeb5fcb993a,0,7.609540374427951e-05
0.989930707507161,0.9876386323050576,0.002135064366223441,0.0057504742330592995,0.0,0.024455547332763672,0.999537050009752,0.5829733610153198,0.9770076870918274,16c2f1bf4c4bb8c3844f63846949089594fdba392cf23b26e54b8f5ba9e72929,1,0.9960612804481065
0.9999955644052423,0.9999969420233095,1.1904055159254539e-06,3.469710799160257e-06,0.0,0.8827206492424011,0.06616748524777169,0.5731181502342224,0.968637228012085,16c7306753ee41b793181f172931b041edeadc0cd47826b33ec77a676f7ffe76,1,0.9605666529207679
0.9968562406097788,0.9930695635268457,0.0042675672390174646,0.012554838964500603,0.0,0.016130387783050537,0.9999732177433537,0.978538453578949,0.0,16d2c5ebaa26cc3aa42144006a4500f05071136d38d6f8d96820563799fb81c7,1,0.9928366043203727
0.9995533817082376,0.9996402493127733,0.00015709849235077695,0.00029648108523869156,0.0,0.008893935941159163,0.9998396050992409,0.3383142948150635,0.995793342590332,16df605af08aafd53c6b26208d9800a3a75af5593c837d9b00cc0da34beaa4f5,1,0.9973185835576567
0.9963589275735685,0.9800929876286614,0.030073784088390336,0.0895604626786286,0.0,0.007970571517944336,0.9999537729756893,0.9578770995140076,0.0,16e3fe9e4f8a75defcb3ce074628f84bced288a4a36b1d251b916b493600493f,1,0.9871369506829604
0.9978084291190956,0.996005095018828,0.0033423991893203387,0.009912270375957322,0.0,0.019338011741638184,0.9998663190814426,0.6869983673095703,0.9402262568473816,16e937eb95f6f180f096a6beaa82de81dd8d4ac9004e0ef3dfab2e6f434a89d6,1,0.9964708851978443
0.999990822505926,0.9999857139062724,7.035097258341783e-06,1.6423667397294115e-05,0.0,0.0695108026266098,0.9956711234179828,0.5067746639251709,0.9976109862327576,16f3a794c3400ca422ae7ccdf2f21a855ba6c8621cd9b20232d2e5c08e12c0d6,1,0.9970518828841444
0.9967130214914695,0.9954381098812767,0.0015745754542806525,0.004633249929786945,0.0,0.040269665420034836,0.9984831510631589,0.6122104525566101,0.0,1714719c23913fe979677f3f17249731157d7c8d8eac814b4be96fe37593a7a2,1,0.9940139052930891
0.9988163137555155,0.9986653424093186,0.0009909906089635525,0.002230944092115698,0.0,0.0760677903890593,0.9965309976377319,0.42961254715919495,0.9985750317573547,17264aa65575d2367e80d8a96ef0cb13cd6fd6f2be2cd482c7b7077401ecf077,1,0.9969876967484105
0.9670476446338445,0.874073679403424,0.09083391558995492,0.2611783064127793,0.0,0.5569261908531189,0.7100107478074278,0.9823789000511169,0.0,172a219b8094eaaa3a0c7898dbda7b595ebcc078e05feb98040caf085506b475,1,0.6555246552721817
0.997034011187156,0.9942037390048117,0.0027295209367623973,0.007251582722232742,0.0,0.0054548801853888,0.9999220358085554,0.6959008574485779,0.0,175d6a5e1dd38a6180aa5ff8f8ba35c9634341e4dde52f85b21d3645cc37f2a5,1,0.9937943793828123
0.9981543245823624,0.996876250932471,0.0009215725105484357,0.002580069444704458,0.0,0.012054085731506348,0.9999999855466398,0.9591257572174072,0.0,175f150e252ffbff4c59ae89854c77bc5ef44f618652b144d843ccdcf1dc8f0d,1,0.9936843172662969
0.9977533042904171,0.9969553876344628,0.0006839426017790719,0.0017655355026339192,0.0,0.003521144390106201,0.9999748580652217,0.8610355854034424,0.0,1776f2e438e9c3d962811d65c14fb1c7583df9b66b2ace0c87f6a8003dcb9812,1,0.9939323030733598
0.9937721055724663,0.9867547465306524,0.020042412003269866,0.05586156508648632,0.0,0.00793302059173584,0.9999921968684838,0.9620090126991272,0.0,17887df6bcbc00c0b92c6a98e08399149bbed2e81430ec47d444b0def2cb3bba,1,0.9896492819740722
0.9995226251128312,0.9995012830730079,0.0002604082381721251,0.0004044674620121578,0.0,0.013285032497621252,0.9996186302351543,0.5245695114135742,0.9920976161956787,178af0ea15787603d1f5d82cbf08bb17243b547b5afc65608560b8c02b7fbc68,1,0.9971139512821026
0.996122962006527,0.9844605459970116,0.020688422716639645,0.04474407406172451,0.0,0.026285886719317027,0.9991071560748642,0.39063578844070435,0.9984936714172363,17d1b73a7e4a34ced622bd3846a673ad9009fb3c83e126dffc1fd1f334114306,1,0.9949377044051891
0.9937390651620519,0.9921484773607122,0.001976087934367367,0.004481452325216278,0.0,0.030544539911973576,0.9989256101348624,0.5060009360313416,0.0,17e758d388fce4717676656243bd1f94f71bf6abea1b5b9b35ac1127a361d7c5,1,0.9937944314264494
0.9901019017814893,0.9865198853254167,0.012111883104088138,0.032314104662537924,0.0,0.006639003753662109,0.9999891343416222,0.9508169293403625,0.0,17ec8d2ac66511647cfef4ddf64e55eee8cb6bdd0ceee9e4ab254ac3c2ebc2e5,1,0.9906241492173132
0.9999967873870591,0.9999969133217282,1.0016865619942167e-06,1.4913908456242505e-06,0.0,0.5098848342895508,0.7587214075724821,0.4882770776748657,0.9841189980506897,17f060d67181f236c6b49bcea6f7e77538bc63ac4ff6381cf4a28c9570e53483,1,0.9933439971805427
0.9964809210810925,0.9881439732233138,0.013872510041478667,0.04109924713410085,0.0,0.00824040174484253,0.9999848594673174,0.9423869848251343,0.0,180c45b9ce2c841de67cdaa889c0a27440f7d7fa67d75a9be97dd3cf9e6298f6,1,0.9911753477397012
0.9862411979825134,0.9435392357249884,0.07957795371672964,0.23453862937627212,0.0,0.008631531120046443,0.9997711428528764,0.3851812183856964,0.0,18231ee7853003bf7180ec1e80773981945c647c506d7821d5c441d77281df5f,1,0.958320855859613
0.9996431623973515,0.9996677578231571,0.00020863291730942023,0.0004106099244936999,0.0,0.9780179858118814,0.008587529135123591,0.5911266207695007,0.9875921607017517,1876052329a855893489cbe7fcd2a03a7b45586a42c600458071cbd251bb0605,1,0.952379934350686
0.9931496944418428,0.993646859314567,0.0027559706135503047,0.0040995331072959384,0.0,0.03151857852935791,0.9992357925379284,0.9458633065223694,0.0,187de2b6718eeb93f73fe2215a18265792a09fd279952d12f18f2d7eea1a8d89,1,0.9927542331285106
0.9972400129195899,0.995154607812384,0.0021019082827016247,0.005749674106515138,0.0,0.011503849178505882,0.999735574909029,0.6991048455238342,0.0,187e0d83c61172a52e180b69e3e8ed7b110646d1b3532cbd0ca6332e5f590eca,1,0.9939162536852724
0.9972742511227383,0.9971267895920066,0.00048319320489823085,0.0010128220093406082,0.0,0.019725143909454346,0.9998561267760945,0.7625895738601685,0.9703119993209839,18a816190f0cf6891c2b8ec177a6b29e5746f4d1940c9edd44fd7b5b4c1376b3,1,0.9966352960594075
0.9915774989645297,0.9907163974702621,0.001268765800366176,0.0028518207194443528,0.0,0.18395842611777724,0.9751824633453161,0.5317913293838501,0.0,18dc855bf0d04459a4279b1e671ce84843e65eb608ba69fd402552e112275174,1,0.992505992785206
0.9900799709799117,0.9575397437952267,0.06220897648246149,0.1765618494663338,0.0,0.3384940028190613,0.9265473695150187,0.9311765432357788,0.0,18eb3c65a03a3f8335af2583d6043cd6488ee04aaa9ea19454315c357bcac6a4,1,0.955189033778749
0.9269221225645793,0.8522268212371643,0.2522990988586516,0.6389558217858052,0.14285714285714285,0.2087193895749806,0.9635234689736942,0.47269585728645325,0.0,18eb509fa13b12e94fb21389f81d9c986092701e0b9d57ee1d9cce60510f5d94,0,0.00047408895562831824
0.9886296774948938,0.9718132236572153,0.020116659251470305,0.05691627020990786,0.0,0.008037924766540527,0.999995087626057,0.9807383418083191,0.0,190d6011a8611ddb416bac087ca1231c4d451a66c0638d5570af0aad54ade9c5,1,0.9867826675371637
0.9798753313650598,0.8802333867698716,0.27970037908582307,0.6766234981245935,0.2857142857142857,0.01462864875793457,0.9999036749803101,0.9703602194786072,0.0,1927f5d26fab4b623d3e5ae687248de6659a14bd0ae7fd26be35bf8e509882a6,0,2.2934222931657082e-06
0.9828678486238474,0.9748121173019145,0.009717395483877895,0.0259894680232281,0.0,0.051851868629455566,0.9962087134561991,0.5785337090492249,0.9434281587600708,1938864eb35399f0eb4752d4ba3aadad9b09c38635c583e882f2f2a6aad8415f,1,0.9940885432007315
0.9855020456290625,0.9865622983725466,0.0038941739593338345,0.008570445465964305,0.0,0.18371200561523438,0.9859405230754792,0.6008908152580261,0.9260755777359009,1952f5a08e88f36a7d8a5f420a1f0265fa962263c1f629eb37dc960fedeb4916,1,0.994882341546133
0.9796299367817147,0.9891500383322512,0.004858793441398425,0.013654269764081208,0.0,0.01267159729080447,0.9994834510602965,0.2632769048213959,0.0,19656d469fe225b1d2c7eb12d17ccc4bb6f247ce03c6d2b033921d868d4779bd,1,0.9929943023562395
0.9980722671116945,0.9938906475736768,0.00647215520221756,0.01940768598111753,0.0,0.006340444087982178,0.9999997763956322,0.9617087841033936,0.0,196aa805c65f3a92ea5bd73dae6d8ccf7020a1f7d31fda7e00862d78254163cb,1,0.992823843602257
0.9997853792248359,0.9998455082785368,6.256497343190372e-05,0.00013251056865374466,0.0,0.011692740023134581,0.9998434288788202,0.4005940556526184,0.9988453388214111,196f420d3e4328649b4b3824a284d7bbae161d535ac7336d39ba23968cb7c440,1,0.9972787891306679
0.999937786498643,0.9999359980763975,3.5950967445475794e-05,5.7338674669029e-05,0.0,0.04445033520460043,0.9980672895784751,0.4561183750629425,0.9979621171951294,198c7b10c0c0ce482989fc0a53d51070a88ae85d1c99504229e36986e2d129b8,1,0.9971613196026547
0.9999998769982374,0.9999998262269117,2.568092321523846e-07,6.760634164565724e-07,0.0,0.7713717222213745,0.3454528558054103,0.5164300203323364,0.9888685941696167,199a55184fac37038b21db6324afa2579aa6192be4929640724d2fbbedc09cff,1,0.9804253001212279
0.9958033184283192,0.9959949060614622,0.001877749314902129,0.002821383350300373,0.0,0.005634978837746187,0.9998799742066449,0.3080552816390991,0.9976184368133545,199f58174190b1b299ed7abf5613193a38b35d4aec135069d8699f491b4debf3,1,0.9970281359125147
0.9997886429278826,0.9997731334464487,0.00013725784487581908,0.0002261088662727752,0.0,0.04332714155313992,0.9983340221744115,0.4211195111274719,0.9964792728424072,19a7b2326b75c41b8deb288f39e7aab10046b47524e17456e537124e00ac0f43,1,0.9971810242345316
0.9975803536163361,0.9961889333838814,0.0022222255671676865,0.006730933513772691,0.0,0.003071179846079925,0.9999797840598509,0.5247690677642822,0.0,19c3ddd588eb3b7822352f509f0326cde853825afd9d441d98b0d3666bbb8951,1,0.9943920665240188
0.9678999202014736,0.9572470891954058,0.023775174566911576,0.05660333002020721,0.0,0.5768578033180742,0.6465242148317508,0.4646878242492676,0.0,19da5a70e07679fe1891538aa371e2dcb83b60ca7b62a911315c78b33b22b715,1,0.9459097892198997
0.9905849655431718,0.9882396060182405,0.0029051418883340894,0.006727574361876099,0.0,0.050469934940338135,0.9975119217243571,0.7391502261161804,0.9345064759254456,19e6d07f8b508ddb37bbc642d86328f8a1dc4e8f68978165d3e2a4cb2c48c345,1,0.9956391849881575
0.9645248221844946,0.9354698694577449,0.09224232232247094,0.25389416470513904,0.0,0.30849837882826137,0.9188627952775326,0.5485349297523499,0.0,1a03c444fbd18d44741e495fec730f95da3166316cdbb9cb35e522bdb709178a,1,0.8946699613369996
0.9409688168007375,0.8962396288540768,0.35873210568121683,0.8127045588555587,0.2857142857142857,0.005517036886885762,0.9999345462677084,0.41467705368995667,0.0,1a2139d6f169fb3cc5260893f67ed5a0af13b0ff61e4bcbd362cd8497f9f42fe,0,5.111177053209767e-07
0.9960967957673814,0.9928373969147761,0.0029999719579733046,0.008526545012938591,0.0,0.011195123195648193,0.9999997096548926,0.9794098138809204,0.0,1a30902a3c1bb5e4fdca63869dddbe26af24a29bbf199d5e75f851f72f172ff2,1,0.9929324474830242
0.9973992804254201,0.9971496604048491,0.0004735657807560221,0.0013757036697272795,0.0,0.043201565742492676,0.9982310065818577,0.6168490648269653,0.9767777919769287,1a4461780cd8a9845bd02c4521a53f746b4ba15794a4c6189ee58ed0b5fc8360,1,0.9967570065439858
0.9770331097518578,0.9728269190319088,0.024270060160429673,0.06074810768865098,0.0,0.07165177892716201,0.9969146389388249,0.6670390367507935,0.0,1a5c852c4b336a1f35f88904f8aa41497415ea7d0f62322fdeda63a6b0d3e8ae,1,0.9850341482091769
0.9999001954539865,0.9998874154565266,2.6195557231737463e-05,3.954158128647e-05,0.0,0.42970049381256104,0.8605420314446374,0.4647175967693329,0.9873348474502563,1a5fa2765b84faff18478dadc59413f87bfc55bb664b94655ce77871ebe22e5f,1,0.994986481119196
0.9783370837643424,0.9744063911151389,0.007745168221586979,0.01791228278940706,0.0,0.9001236557770187,0.08830826765541888,0.5141002535820007,0.0,1a91b9ddc89df08779ce9f372387292282a08a93e9a01828ae2506a2a7447e43,1,0.8815166424862709
0.9855289520411304,0.9828283654489217,0.01162661830067105,0.024673301608770237,0.0,0.006896078586578369,0.9999969022296443,0.8290857672691345,0.0,1aa4f222059cce3625bf6d8c1313ee80e6f757e30aa05dbb8dfdff7b8bed6d84,1,0.9901038055795318
0.9910217120922569,0.9895619921472326,0.006569049391484963,0.015590659634353576,0.0,0.1499583125114441,0.9857559724994457,0.9222778677940369,0.0,1aaa3d3f836ba8d59ca38a7bf7fac1333c035d2e28e122423f1d39dbb1296ead,1,0.9908315978846781
0.9999973788429345,0.9999980498898696,1.1112230839928012e-06,2.315193673326161e-06,0.0,0.005703297443687914,0.9998415529574564,0.4697030484676361,0.9947634935379028,1ab3c0034723a8be40b23d1bd9d5b1b6ad0af6070e65c4b38e5099cd5f571984,1,0.9972323103799784
0.9612922946140157,0.9567192111165009,0.017673984005330972,0.031529131262289685,0.0,0.05670930482483527,0.9976309420775875,0.36661750078201294,0.0,1aba66e689dfbc92a432204ab4719cfa1cfde0cac27f7ccd03da598dd9c003ec,1,0.9826162568091625
0.9714588322287202,0.9475757345003288,0.29554596284623913,0.8560131203501404,0.14285714285714285,0.269315074124826,0.9487842845279849,0.5885806679725647,0.0,1ac871fac6d44485a00fa86d63d46fa880d03ee70b708f8c4bc1daea0ae00476,0,0.0012972242748884196
0.9960680222927903,0.9935791431410309,0.0021195676674212096,0.005797325839310363,0.0,0.011299550533294678,0.9999999516402119,0.6772316098213196,0.9993663430213928,1acf884ffa1ad4d48b7e7ae2e4a4c75b52f8144a34bf59cca81dc78e6472a792,1,0.9965246414242674
0.9928853911017661,0.9908925909647014,0.00296175321963021,0.007097226678545621,0.0,0.031847238540649414,0.9991970250049276,0.6747412085533142,0.9926548600196838,1add9559d26279df5c774d446d566fd265427cb5dde69172f087f7c6086f603f,1,0.996160430041364
0.9876128097158292,0.9330986203890858,0.10459216537094715,0.30853304635920026,0.0,0.012695459369158946,0.9996616635663794,0.5975329279899597,0.0,1aeff8ddfcc2e780e2d710d2472e7debc79c0d267ca8cfcf349219ddf294fc53,1,0.9253873029166569
0.998178112035007,0.9951044486466228,0.0052367228650264065,0.011456340376944027,0.0,0.20211825678723017,0.9736753963498634,0.6837106347084045,0.991492748260498,1afda5a767287529ef41b900bf6795b46ff37f2f6bc98a3b8ebd8b34b8f21505,1,0.9957024464424982
0.9932095836422352,0.9917008239340629,0.0018618138375515263,0.004201177045298654,0.0,0.12948960065841675,0.9899478184660596,0.6186233162879944,0.9747933149337769,1b209681a6d19c17e051cd15dc0834a9d62d067c8a64b9391c270801f575af48,1,0.9959871312108726
0.994499435240785,0.9933205730935752,0.0015336226713713768,0.0037000027506953774,0.0,0.08429561555339846,0.995721681331411,0.621703028678894,0.0,1b31f45674deff623129aee58a781b7e60e95244c16b5bde2894289f424a02a1,1,0.993465946238552
0.9999978665313325,0.9999959313105145,5.153170855062037e-06,1.4224090337499049e-05,0.0,0.032147184014320374,0.9988075295765481,0.4654911160469055,0.9970529079437256,1b3b535ad53b72c02a5e5b118c614d2357282cfe9714f199e3bed196b1a556ad,1,0.9971841275234895
0.9962887860512879,0.9932899835574452,0.005074062687573599,0.013938894380556621,0.0,0.009176373481750488,0.9999931613601752,0.9590520858764648,0.0,1b3c6f1335f5f53533825624f68c0917064f6c97e87301899682f829806722d3,1,0.992787977943487
0.9996735197696303,0.9996980563033983,4.798107375911084e-05,9.956141360260233e-05,0.0,0.005742705427109694,0.9999436341400736,0.3541240394115448,0.9959843754768372,1b47519770b8200c2add395998b54dbb594bab454e6cd1af4fe1863243eb874a,1,0.9973212887048257
0.9957636925504025,0.9954914295747251,0.0004329761398615989,0.0009207307750788152,0.0,0.01605886220932007,0.9999242209106599,0.6641147136688232,0.9962747693061829,1b749b5b30973c6688a09cd9e66a0d6cf7803ad191952c85f2a303b3e924f2ab,1,0.9966925791742364
0.9846746965320661,0.9154962588698468,0.33994162170500497,0.8887577879028784,0.2857142857142857,0.01219111680984497,0.9995826727333657,0.8018010258674622,0.0,1b803c04d00aa53c172b6738ea5387c75acc6e631256b35770769022e0f75bc4,0,1.5733948624247235e-06
0.9996245090304846,0.9997788569028109,0.00012748986792770396,0.00034606067829196765,0.0,0.19547918696764555,0.9746103574696943,0.5005883574485779,0.9831097722053528,1b8d9ef217cc9a96f27308b14b1d095657db8af883de0a05d9f563f596d4914f,1,0.9965920929080379
0.9975645211076198,0.9863648764074711,0.01338298614850353,0.041760212737387614,0.0,0.05773460865020752,0.9965193914813774,0.9104328155517578,0.0,1b915810866b81bedef11427a752cbb342d49c92f73635183f03745bc8b7d1a2,1,0.9909106864202796
0.9839764434520946,0.9809678337979882,0.008885374992687108,0.01695976913925449,0.0,0.048783208035864334,0.9981509563900925,0.5234148502349854,0.0,1ba76d9663959ac3acfc0f131144e17e87c50667fb84b4da54866cad55d8e033,1,0.990865885427477
0.9959292425074726,0.9937949885508075,0.0025221074253573552,0.00671163885055025,0.0,0.014424731954525554,0.9996085870572485,0.5664649605751038,0.0,1bbcd023321c8c0ad26cf226ca80fa01dc61aaf8c137586438a731e10a8bd247,1,0.9939506234361614
0.9936078225662517,0.9928504635690871,0.0017039099742810805,0.0031876187673646195,0.0,0.0834302306175232,0.994298911603991,0.6739328503608704,0.9646326303482056,1bd3e6e6426990679e6be9031c1e9f65eb6a4f6df3e6001edb80452237a994f4,1,0.9961268636903762
0.9893345501387059,0.9795805630327686,0.01693798919857896,0.05095282650577926,0.0,0.014952361583709717,0.9998450134981756,0.48348867893218994,0.9822261333465576,1bfa4e4caee1369d1aa5891ac767a2971384d7c9314b7f4ceeeaac6998447618,1,0.9946340971894905
0.9457822803636711,0.9401633273695232,0.026798120161066336,0.05155884264469113,0.0,0.3028962767224357,0.9076336734303918,0.24879169464111328,0.0,1bfd355776f2f67e716b54e0d3f842acd2dcb6cfa6ba4a3a377867e4711ddcad,1,0.9602200520440551
0.9998421491234374,0.9998962540052432,5.484762862278359e-05,0.00014845927830288338,0.0,0.30042511224599955,0.9141201738513042,0.512968122959137,0.9422105550765991,1c039d4eaae6470d1e951aa9d39ac833860d3c398a0e745f3bb7e5807ae73ff6,1,0.9957277080884192
0.9999970033962374,0.9999960778303695,2.6588006827774894e-06,5.611568272537882e-06,0.0,0.002636720426380625,0.9999878965344277,0.3474377393722534,0.9969162344932556,1c06dbb9577da06eb214f8f4bd0b20e9c3ce9f7c3a0c47b4b72c261ab5a4c5d8,1,0.997355174269277
0.989501415994487,0.9762068739736832,0.017270056749130062,0.051160041876875534,0.0,0.15048128342496755,0.9849176749789437,0.5993265509605408,0.0,1c0aa08779632d17bb755a0d13dc94d4fa57a52971ecd8654d5bfc5267166bb7,1,0.9882677361834249
0.9890841838949223,0.9828371895152938,0.00727641222414535,0.018319771734041312,0.0,0.10809952020645142,0.992402864334915,0.5329857468605042,0.9571092128753662,1c1065cb9c8242a7811c3812709b0e18e9d2a86fda9b00c8ae18a028457994db,1,0.9950562690216491
0.9975318686244239,0.9984300694621336,0.0006787249290523715,0.0023185486296996754,0.0,0.07731581840664603,0.9963843466426956,0.49783870577812195,0.9974262118339539,1c1f827fd7f337fc2ce33aac118d94d3708e2694b5f7a095f2348e7eae11283b,1,0.9968871397379367
0.9983352166138794,0.9976202828503213,0.0008253465224772808,0.0021970875039269977,0.0,0.008438289165496826,0.9999792537361548,0.9577663540840149,0.0,1c755880fe7f7beab88d22919fef2ab1841b86f7c4b0f05688e54d1c2d660aeb,1,0.9937812215594236
0.9877014553806189,0.990364146634047,0.0021872715370862155,0.006859425117645512,0.0,0.006369072205272358,0.9998660379573752,0.5458928942680359,0.0,1c88c4eb0c733a9d73c635ff9f73603b9e20fffe66df78b26e66beb34307032d,1,0.9933140179398885
0.9999915358817769,0.999988052609657,1.0669100482508514e-05,2.1307271183848155e-05,0.0,0.12208054214715958,0.9886412572807554,0.42506763339042664,0.9901056885719299,1c93fa6e9f3d3cdf0c0078cb3bab230f154ea167841a69e9aad05ee33c5c7787,1,0.9969710730323902
0.9999768854978877,0.999893927192579,0.00021243988794292733,0.0006031084803551194,0.0,0.8839151859283447,0.047686823399817696,0.5536203980445862,0.9603615999221802,1c9728a122859dab82dd43b6ba41e2aa2f10d43b2e5a8f3aa4665c30fc197e53,1,0.9588362434135406
0.9892703136920785,0.9888656942819537,0.0012833908701755734,0.0023667885290109547,0.0,0.018060505390167236,0.9997093972250602,0.6572670936584473,0.9823712706565857,1ca5f84ec8245d7485affab4da2040f492d5f7c1ca57ff4523689258bc5f5c6e,1,0.9960783205701685
0.9999996816682504,0.9999992915286666,5.682887148611145e-07,1.6589576938354363e-06,0.0,0.00420502619817853,0.999987839038702,0.39635980129241943,0.9829438924789429,1cb2a3fcc06e14ae944821e0c3c38a582c2fab90217a998bfe80a3ccffb626da,1,0.9972859048160188
0.9976724038880518,0.9859499972555522,0.012563370195126895,0.033158267324930546,0.0,0.029217839241027832,0.9991797309994594,0.9228708148002625,0.0,1cb4939b5a0305ac071318446495839f6df7b1304184d4a4efaa60c68ce57520,1,0.9910593873931336
0.9999996845534418,0.9999995643096655,1.9619819398860948e-07,4.549048639423487e-07,0.0,0.003115984378382563,0.9999879468399783,0.37821832299232483,0.9926137328147888,1cbc4362fbaae4ad20813052940e42dca905f3e3be2bd4436a4353790262272c,1,0.9973198887801008
0.957979221841646,0.9451241360557769,0.016035624805253505,0.036262141871537486,0.0,0.4923466281792681,0.7580499111535085,0.4960719347000122,0.0,1ccd05973864b47f8817c1720f2c5f3b75d8ae23fa2d08e1a63bbf44df63ca4f,1,0.954269784953216
0.996427044669183,0.9952787725493905,0.0010174841528374093,0.0024999902961656117,0.0,0.006267930380836793,0.999908311819771,0.6314650774002075,0.0,1ccd20e1a47c53741423692010b4c4b559bd5229726907f7df752c250e611bff,1,0.9941483984587327
0.9963825911193025,0.9956569865320969,0.0009818509729171492,0.0029587453026446164,0.0,0.05532574653625488,0.9970267389343965,0.6214424967765808,0.9818251729011536,1cfc5083f29f1b9a1ae30b012d5522df8c9b619e816ada35ac2929e3683663b1,1,0.996602812613443
0.9766107481459707,0.9575493950158135,0.05381720526942454,0.14901699771258275,0.0,0.2906756651620004,0.9336254705196213,0.3982062339782715,0.0,1d017a541ea9fcde79a9295037f34f26cdf7c3b9cd20d12cc57ba2c1d0d473e6,1,0.9643605699371989
0.9998638183668758,0.9997927184535165,0.00013153228139136495,0.00031057430847331805,0.0,0.008633372373764015,0.9998039152331563,0.3997396230697632,0.9914743900299072,1d2089073ff8e0d4151ed1f374d5b3dd45ba6d918843f2d779effa23aa0e217f,1,0.9972700330144464
0.9845668244858758,0.9865806477185413,0.004365626387649149,0.01007589518500529,0.0,0.1503412127494812,0.9878243796430022,0.5876443386077881,0.9574732780456543,1d3f5c880c4cbb0b82be46ab3da223e88084be2999d328ddc0b0d0426f1a8e1f,1,0.9950488193509293
0.9999951464915088,0.9999963166958611,1.7055399139263642e-06,3.5898295307686435e-06,0.0,0.02211284078657622,0.9993087207661919,0.5120521783828735,0.9953756928443909,1d4c44dc74bc5d8046652b2d222673b615f52257c695f79d1f31910b1be27301,1,0.9971584830153896
0.5190777125205285,0.8328203398947264,0.33832739620017305,0.4849937875040087,0.2857142857142857,0.8672676086425781,0.08154073985430658,0.4288800060749054,0.0,1d4c8630f418f0c369d21e186ad3b6dff4005e741a38e42483e50cb4e81d7dd2,0,2.462880511044408e-10
0.9955213093378853,0.9950848439403819,0.0005353616549729279,0.0011591199426752574,0.0,0.020097076892852783,0.9997159483125796,0.6614016890525818,0.9885231852531433,1d6c98a39beb9047e5bbf63efc5ca1f360c17b2d3dad2f68ada31ae8c63e05a2,1,0.9966388330833144
0.9998827752700767,0.9998477595182044,0.00015301259223991927,0.00039558068893051103,0.0,0.01399772055415893,0.9996228113031788,0.4255017936229706,0.9980480074882507,1d6e81a577421daad58703ef03ba3c8b9ff1d3d3d314336c0a13573ed0e17e07,1,0.9972470600318296
0.9999480915545599,0.99960326764605,0.0006901981698810176,0.002003065139999185,0.0,0.03506026788027881,0.9982743027131411,0.47634732723236084,0.9969030618667603,1d74769b0b1d869aa3eb33dfbb8116c1fe0311fc980987d802001a8f6924228e,1,0.9971157790569203
0.9924057465056724,0.9922205114570809,0.0025330157786972534,0.004269912599928372,0.0,0.008640944957733154,0.9999999200337699,0.9807234406471252,0.0,1d88caf0da37562ba5f58aac909eeea86e071f703085d3d8bea71ff60cd00328,1,0.9926467987984514
0.991624320015435,0.9801350444051588,0.016094681682538164,0.04856272958169018,0.0,0.06934551148552895,0.9971383206486885,0.5458701252937317,0.0,1d8c5615d128536774329f2df6032f26bb6b61d14eb8764db55d84cd2e6d15bb,1,0.9902974570587756
0.9976033027063438,0.9959220814737535,0.0024589631738299272,0.0069722400532428175,0.0,0.03627747297286987,0.9984950391766406,0.9287673234939575,0.0,1d91d4ff4ca7f19eb701acd1b4479c84006ddbb536da00bbef0937c103c3a82e,1,0.99334433197215
0.9913311663091833,0.988958971090762,0.004900605726220386,0.011290796828127789,0.0,0.18245099482335972,0.9781334857175988,0.5482448935508728,0.0,1d9bce62fd0bc45a78fcf5ec2908def4c273a5937e3d0bd290bda02cb94f18f8,1,0.9918134086937251
0.9948482448979266,0.9762305143690713,0.03423430395461631,0.10059994816786333,0.0,0.010124623775482178,0.9999805748679477,0.9685927629470825,0.0,1da2952f9156b3df3e0765538180edb850310706d6bd6b4b45834a63f86435e4,1,0.9852073958793741
0.987051793341355,0.9802470372455586,0.006696551535012042,0.020502492808306627,0.0,0.02194911241531372,0.9996817292972737,0.6396161317825317,0.9829471707344055,1db670cafd6f3b01c42e62793205a5e63d6945ca8a0722a16c219187de7d9661,1,0.9951438474713843
0.9911821222658658,0.9481191511242564,0.0904217282788751,0.2639416631986463,0.0,0.3356541395187378,0.9341960344597279,0.9447765946388245,0.0,1dc0c4446d2f80fd519c1b6f0a3d0e63704d832a2bbd35604a16061ab7a87bb7,1,0.9239749563979498
0.997365430634656,0.9938359023609847,0.0033914766723006484,0.009051635227314477,0.0,0.07655275613068531,0.9963137269079653,0.5106992125511169,0.0,1dce291f073a2357c3b81e1082dcc2bf9a3b78eb44b6aae9ccee5903204e4273,1,0.9937625844028838
0.997643479289569,0.9985061691589857,0.0012138971808856793,0.0022505478766857625,0.0,0.6216202950949707,0.4224101330051424,0.6051235795021057,0.9786655902862549,1dfdbd2bc08da308287e5ab675e5ad9f002224c9977267a857b79b461929ef89,1,0.9834123294436296
0.9885277151658376,0.9906034980994975,0.0020912876813159675,0.004853053133157053,0.0,0.0377638757280061,0.9985919943698456,0.5344173908233643,0.0,1e12d5c600ee4face17a194c233fe95c205544a29a549983812416eaf41a49a2,1,0.9932393282955928
0.9807561458446077,0.9653043178870824,0.026499485849274612,0.0739042288786862,0.0,0.11491584777832031,0.9894233690329253,0.705207884311676,0.9422599673271179,1e25f0e4d82cd5fe315a9759003cc2adf3cc9de6ac7a2ca96912d29c5261fe05,1,0.9900052004260796
0.9902543503904073,0.9798067984279407,0.014485667372257783,0.03404544025631422,0.0,0.2428495734929012,0.9563520651531755,0.37366563081741333,0.0,1e328e8b7f9f8069df9226ec1573902dca33a8bce7ea3c00680b27a9f7aceb53,1,0.988650555134934
0.9882979899815697,0.9837941475821531,0.0035500443967456017,0.010253212532009393,0.0,0.05037301778793335,0.997435462076772,0.6094366908073425,0.9799114465713501,1e391819bdcc6c127f699e6af58e88a0df854631e9c282910d5e90c52ef1dae8,1,0.9955725419557765
0.9970092332778475,0.9935142718580295,0.004295641887363818,0.011650872606618345,0.0,0.01003885269165039,0.9999998450408337,0.9724781513214111,0.0,1e3ad1eb56ac8cb7757bba7aa882d66985a358fa2a8580d9cfd429b5229191e2,1,0.9929129071416312
0.9779689526830813,0.9295565523196869,0.052056986171046433,0.15943846594055955,0.0,0.06588757038116455,0.9962667177179415,0.8941075205802917,0.0,1e44a857d926da16e84d53301c4239d38395fa71d01fd9c256d8ae1ad77aff45,1,0.9581620416783488
0.9969441925280156,0.9967793174489986,0.00031937625001053903,0.0007637588439803888,0.0,0.027348697185516357,0.999383737552871,0.6274915337562561,0.9740021824836731,1e6d85784d8896724890aaa89dabe8a3217ee09a1f5773a1ed08f5bc530257b9,1,0.9967604372198778
0.9923187973428881,0.9893844867117887,0.003329427509532136,0.0076997493482329205,0.0,0.10251021385192871,0.9936074869373942,0.6982453465461731,0.9646744728088379,1e8ef13a6346cbb1e6c6e498b6f21e2c03c8e7ee72067e59addd6610f3a39c0e,1,0.9956893923659114
0.9757119492305346,0.9767414181853786,0.009459248540310546,0.015922444602972874,0.0,0.094207763671875,0.9933778474281431,0.8790796399116516,0.0,1eb004e3afec18701a1cc1bf749f30cdf00f82f583aedd2fb3e54d781275e6d9,1,0.9875750839768932
0.9962954603457026,0.9682360855791777,0.033497527271826665,0.0752220093423197,0.0,0.01337200403213501,0.9999759576474061,0.9822220802307129,0.0,1ec3a77e15a53cec6757fa6ecb5cf341e2821b91d5e5c71cfd2670afaa405179,1,0.9831102417845091
0.9591090466795712,0.925179415326127,0.2324659917784163,0.6545706191591097,0.14285714285714285,0.14854156970977783,0.9830795936758198,0.9551097750663757,0.0,1ec49660fd891247a680ab6190befa3fef5c188584549cef011c2b0ec0a4ef9b,0,0.0024833858234466033
0.9965695876857669,0.9943363472152926,0.0028042258870146736,0.00776444023449771,0.0,0.004797458648561762,0.999953342358377,0.42444995045661926,0.0,1ec785a8efc9346710f8b30d8669539189c9cd85e89359fc6d3e0287d6f7348d,1,0.9943275143024549
0.996420362237618,0.9955093642380982,0.0008315903647878137,0.0019748621446822323,0.0,0.02958601713180542,0.9994414051466595,0.7661437392234802,0.9578362703323364,1ecaeba69a66a0b6f28ba14aa85f8778300f23b164539436581153f55380c469,1,0.9964599084915289
0.9873400950558808,0.9856712774985544,0.0050011262364765855,0.008832034337348471,0.0,0.10627079010009766,0.9922487295454054,0.6549089550971985,0.9520203471183777,1ed4f25b102c905f698e3a7b920178732684c17592e245bab2150a7157f75d33,1,0.9950974411208223
0.9890480798521957,0.9205607052960076,0.24790735981825554,0.727405280561334,0.14285714285714285,0.05755519493969707,0.9973154915281464,0.31474941968917847,0.0,1eddcb8dca03cccba72aac76c7684213dd817c472b7d3cfed1918da7d03cdf79,0,0.0034668204365881795
0.9943297069160106,0.9915615919546658,0.003140270082670308,0.009813814235372642,0.0,0.02009594440460205,0.9997250285827617,0.6646013855934143,0.9751975536346436,1ee1037af43a505056f259db195631c29c33047fbf213a1a2a29b07f91a178b9,1,0.9962597411703825
0.9880890263636071,0.9821718169089758,0.013433465186146056,0.037618731058267435,0.0,0.42550897594661774,0.8638636159560742,0.5029694437980652,0.0,1ee402d831332d4ea32db2e8ac50b981a2fdee801ca88ff03f61d66a53742dcf,1,0.9843133498935887
0.9998716514750322,0.9998674596114057,4.117302817202128e-05,6.030423554802814e-05,0.0,0.6318591833114509,0.5644671740151903,0.5426822304725647,0.9947584867477417,1eea9660e452af55ee4e50bf52713b0c086e46951d70dc8dcabedbc5e6eb8bf9,1,0.9887946696221126
0.9361656318978642,0.9590838737930787,0.016479018546612097,0.04405558779440884,0.0,0.9755574380294467,0.036824927791504695,0.31242936849594116,0.0,1efe8848022c1f5581a29c636a34341d2c28ba10548ee5038073cd696635fc22,1,0.7633616478038152
0.9914149540211021,0.990181661789965,0.002326160859720815,0.006559661359063516,0.0,0.011002990778611721,0.9997023413543881,0.6063012480735779,0.0,1f03454cb72f2ac31c7ce8a1c21f8d947ba284837f62cedeaed79f22b9dcb075,1,0.9933441684282306
0.94595178318215,0.9579481142007292,0.03469372343666918,0.06754746355517494,0.0,0.023931443691253662,0.9984401749191611,0.7026666402816772,0.0,1f092b0c999e70d1231c70f36bb0be25efccaf473ef6b2194f16414977ee01cf,1,0.9706270424564227
0.984244691715466,0.9503964779389565,0.07762070163563452,0.2238762242460386,0.0,0.018613457679748535,0.999279620290397,0.533234179019928,0.9704381227493286,1f1001b380788b40c56c6c0591e8741a38c1214ec3d8eb9c41c9b30dc87b9d11,1,0.9767437655397857
0.9810414839937653,0.9117687773051736,0.1342422117801474,0.39657562060142326,0.0,0.19324100017547607,0.9727726138105461,0.9651865363121033,0.0,1f13112e3cba6dc7c0ce3ee8112fdb520525fd467a9a2fb6c1b80fb9ef873d50,1,0.7986005762054758
0.9999671785037845,0.9999750464423266,1.0950751233550564e-05,2.8525639488562814e-05,0.0,0.015529637224972246,0.9996142401021647,0.3345244228839874,0.9907736778259277,1f44c8987c01054ab4c931b624ab11674eaed8adb4af89891677bc95ae52cecb,1,0.9973304414051594
0.9813230904212011,0.981007830277202,0.0032981941133682236,0.006379696601352514,0.0,0.08116394281387329,0.994286643050314,0.4852602183818817,0.9715840220451355,1f59106355bfba22b8282f96dca518c05c77054ea10334265d0603e9c53795f4,1,0.9951376140973395
0.9943767652370897,0.9931424567914998,0.0021402353191869302,0.005442781581220579,0.0,0.061683595180511475,0.9963234723509737,0.6836975812911987,0.9726395010948181,1f64600ae765b7bd6954d7e0429233ce30f79eff9eeb3551bbb5eb0275abb2c9,1,0.9962265699580164
0.9999963088468681,0.9999927548784552,5.56483917704988e-06,1.4340947507957092e-05,0.0,0.03784635290503502,0.9980482040694344,0.3872281312942505,0.9969779849052429,1f80045b53ae70351ac52ec92ce9e2ba8f5a93b0b8c608b659ea8e29b1adee4c,1,0.9972431709430084
0.9956795882576002,0.9953151423059788,0.0018326457147673208,0.004386247874239828,0.0,0.013538662344136046,0.9996486646861363,0.45356693863868713,0.0,1faa1ca9f423cabe7f919b5b66affb0cd7de8bba96490e941be6a40157568f59,1,0.9943440493944592
0.9770737053483673,0.8842537574234205,0.24490711237036097,0.7087606723979366,0.14285714285714285,0.006032549031260714,0.9998814921640838,0.6702937483787537,0.0,1fb3359d39e2c264d064c2eac1983e0ab15b98765b844ff0868be3e7c379d691,0,0.001840943492026724
0.9999408141649324,0.9999514376841284,1.5216865912414339e-05,4.091913506192523e-05,0.0,0.20269529521465277,0.9619548126112244,0.5721279978752136,0.9933785796165466,1fbba695da2aa19d5e7fd1f60f3aaeb94920d4fe4301911af1f070deb6f9406c,1,0.9964390993069793
0.9959061991439594,0.994645208805696,0.001557280569280351,0.004255359680699677,0.0,0.02575206756591797,0.9995362629232779,0.684071958065033,0.9867831468582153,1fbe5b36b8e70ac916769c3377a7dfa561961572d2e14eab832ce8b62835ce07,1,0.9965298552295793
0.9751762634797397,0.9703990404211978,0.008531192398674937,0.021585923585199174,0.0,0.6999305188655853,0.44732344463319296,0.9399856925010681,0.0,1fe4a698060ef82f65a24140c41fa67d3708eb6a3fa1cd808c481f350d90ffa3,1,0.9366401371986804
0.9999998384257232,0.9999871314286602,3.11332148879239e-05,8.896709684056587e-05,0.0,0.005551690701395273,0.9999445426286501,0.5075244903564453,0.991805911064148,1fe651b72d1fa3e1946f52b62990d38f0109fd881b9905320994cd618f08b3a1,1,0.9971905764472464
0.9962007926030877,0.9938455847972005,0.0031303447861294503,0.009676240454351337,0.0,0.10048311948776245,0.9936227934379809,0.6974271535873413,0.9616851806640625,2007594d5281f8acc95927515eb933f734cef23ea5c5136d113b4dc0db1048d9,1,0.996109821760821
0.9892770289193564,0.9865118735104229,0.003781354686275317,0.00742902728345729,0.0,0.49322783946990967,0.7364818971672078,0.6702427268028259,0.9618421196937561,20236d0514ab804e6caed45f03bb7c77ec9084e71deddf3d9b43165f5cb2dd71,1,0.9894967962530397
0.997208556721261,0.9970607561735082,0.0002876939972853873,0.0007100386650475965,0.0,0.08689242601394653,0.9945819609288138,0.6160222887992859,0.97795569896698,2026e852f9960d9af39045078dbaaf2f897d9bba0701beb3eb5751cac8b0d291,1,0.9966370928809204
0.9975638466857918,0.9667362645264725,0.049925042074654126,0.1480764771609433,0.0,0.019263744354248047,0.9998292720509704,0.926517903804779,0.0,2038eef99b6ffc46fc46be01c1f6d28e53c9c4d45fa17cf711b48d16cd28efdd,1,0.9791391693706012
0.9913458049388139,0.9892090852316359,0.0026305720648324336,0.0051829880360683145,0.0,0.0933580994606018,0.9937915998728497,0.7636569142341614,0.9343107342720032,207512f194b290fc02561c9731bebbce5d060f19f53feed6e4aaa6a620555827,1,0.9955392164560907
0.999999522435463,0.9999997627615931,1.5870703128164708e-07,4.4499991415304327e-07,0.0,0.37637239694595337,0.8568099220565845,0.5801340937614441,0.9728926420211792,207c376c68728e872c299077b79d2023ff50ea38dc656b40a1e1b695b909a536,1,0.994897791432324
0.9999878918322135,0.9999806428044188,1.9180571698095076e-05,4.996435642004199e-05,0.0,0.9187674522399902,0.04054771399818044,0.63993239402771,0.9605982303619385,2087cac613eec147951762d6a3e2838d9e9776674becf83ca042995563d8411f,1,0.9562326344237758
0.9857607837310323,0.9522705049851095,0.02699593854817718,0.07818128563869249,0.0,0.10670307247619173,0.9930000086804146,0.5587100386619568,0.0,208ea6fa0051b07e801bd38bd1ed0bc643e315c8734525688b1d8a2168bd87af,1,0.9817166670380055
0.994986854516088,0.9874435360861366,0.011730270525614758,0.03377212402481522,0.0,0.1763896346092224,0.9815580105484973,0.9592764973640442,0.0,20ad1f8a1f954f9fef79bbb9a5e78687281fde5e6139cd71afb93a02b8b14ec2,1,0.9897776398083119
0.9940047426926825,0.9939187957006572,0.0011713599881205128,0.0023546118375086245,0.0,0.02509838342666626,0.9995932826934518,0.5710013508796692,0.9929144978523254,20ae0d67f8c0074d3f6bf6604d218448a36d2241cc9b5f9e26b3b46592a87cdc,1,0.9965999484673247
0.9950856877009862,0.9642174550364603,0.40183651422485056,0.9184541917177612,0.2857142857142857,0.13401532173156738,0.9870152505359897,0.9742286205291748,0.0,20c19d78d515d75199baa507f36ce2b0b8e9445696fbbf1ec19c0bbb7b11831a,0,6.975956595018726e-07
0.9886179715935641,0.9879864161813885,0.0015911289710031915,0.002567585349464885,0.0,0.024581611156463623,0.9995930946969495,0.9771729707717896,0.0,20ea9b54a2b576aabf94e0fc74056f3738d067f182c327f8f56e378b7ff1f561,1,0.9920188322885649
0.9952909478556022,0.9800210825435122,0.02667491471070937,0.07918952073799401,0.0,0.014014005661010742,0.9999987771993,0.9602620005607605,0.0,20f28e0c131735c5095ef6cb80055357315a582a1880d10c23a2319b82c14fb0,1,0.9876418116307255
0.5152691319941334,0.7978547045178164,0.16684763795711516,0.5119578785894083,0.8571428571428571,0.9098465964198112,0.0742388915323683,0.6509543061256409,0.9675520658493042,214cf77090f540b6f416374a595d286e302d685818757ea1fcd4264c23add170,0,1.8404924510610417e-18
0.9919061462831908,0.9705630515510985,0.021389665011970177,0.05605763516996931,0.0,0.10844780504521385,0.9928971982648948,0.7322790026664734,0.0,217a5578e3c434157a1ebe923e73b512aedd0ed797d0ba83a0975495de92f913,1,0.9865933744386781
0.9859907559663655,0.9803104171903023,0.006903323597203551,0.017533848964985818,0.0,0.6915742754933834,0.5031593456304674,0.45929038524627686,0.0,217a7990d5d0752be0dde51fdd428f3f28a73099251e78835632c33797469573,1,0.9625208308822448
0.9963602194423725,0.9948466299647898,0.0019131031772938126,0.00463916757228188,0.0,0.006871024144389298,0.9999017931216589,0.688054084777832,0.0,218b980a83f11607ad8a53395207a1648562396d23ddce37c159aeed527d98f3,1,0.993897850067609
0.9900858267667032,0.9827334302245783,0.010057586216099168,0.028657477152454147,0.0,0.0747252106666565,0.9952502444929505,0.6214275360107422,0.9677653908729553,219d6520809084142a81c51a5b7623ff192ae0a547a866036370cd483c974705,1,0.9949095169422344
0.9999431462379015,0.9999431923001929,6.47190329591962e-05,0.00015359599527086073,0.0,0.4051508605480194,0.8496441007076633,0.49745267629623413,0.9826731085777283,21a22b5dd5be2f0f0f14c3cf2484caf5b556b585571425a227c3ffa10b59a9b4,1,0.9948805454458829
0.9972435281434119,0.9959206995972717,0.002736357172608804,0.008002519232108596,0.0,0.023797214031219482,0.9996202460731106,0.6467038989067078,0.991561770439148,21a7bacae14cd66e87697fcd646f41084d558d32eaa51dc5bfecd84f363c11f2,1,0.996621928365758
0.9930857504451887,0.9910669271578383,0.0025351794469126113,0.007207100929828569,0.0,0.04935431480407715,0.9979709894083724,0.6099836826324463,0.9575261473655701,21b29e4b0f74fc374c2e56c1679d4fedbac0c0bf464ddd0948951e60493c43ee,1,0.9961660320843184
0.9965228574808005,0.9947915851154867,0.002580274081051679,0.007362579482472209,0.0,0.02326756715774536,0.9997188284874349,0.9790045022964478,0.0,21d08d7cff94c48b9d3b4d287a4029f560f2f600dc49f9175681e7a752a3e5df,1,0.9931255225714353
0.9819468114633284,0.9306024686809922,0.07824419429455398,0.23531732421598361,0.0,0.480868697025582,0.8093916854889713,0.6025066375732422,0.0,21d09381880105480cc67c4a095bcc1fda846633a7bab85dfe756ca0be979391,1,0.895672570510592
0.9997957908307966,0.9997458878909831,9.86467531493295e-05,0.0002348219689778018,0.0,0.062250260257853164,0.9975143069363037,0.40759187936782837,0.9910975694656372,21d85da6a47d25bb7003451d1c0f69f51841ab232f86d8eb4c4c353fd51a3323,1,0.9971460243884224
0.9970841806445636,0.9953274490119626,0.0018221974872956073,0.004914690263704502,0.0,0.022498726844787598,0.99968706481732,0.6101415753364563,0.9210382699966431,21d909574da7bf6e6c65429fa568cff160ca922bab9756bf1dd30d324cde623c,1,0.9965454550885087
0.992385506756004,0.9915575742637898,0.003044636910970728,0.006153536771306922,0.0,0.2360338568687439,0.9654116856689025,0.7925414443016052,0.9628337025642395,21dd2cb5f465f36029985c3830a19fb1247b1c1742c0ca98b7ca3377cd82c9ad,1,0.9949799662514446
0.9948188085774571,0.9933579367138501,0.002203564379709534,0.005829471679661857,0.0,0.07929080724716187,0.9949699155750583,0.7861244082450867,0.9608659148216248,21f5f6e286280bd5c9988c83044e1f391a843c9b8099621c06b14e68c90af4dd,1,0.996031855527347
0.9980166474417518,0.9973247846176144,0.000721234611425765,0.0017556485465507476,0.0,0.02013552188873291,0.9996941308086265,0.835279107093811,0.9618362188339233,2208e03a1c3fb85917005ea6163c376c854d605333e780cf6a5a8c1e06443fdc,1,0.9965507615995154
0.9566169114722503,0.9609594358160481,0.027176142699158405,0.04201804418400179,0.0,0.08312064409255981,0.9902367505279043,0.6936457753181458,0.9518733024597168,2210a7679f48554cd0ff18d9a100c1e3ca47b65e0634d95fb2b5987a288d082c,1,0.9860695617210575
0.9998706623000814,0.9999395286895016,4.690581760748367e-05,0.00012598813989435066,0.0,0.06618370860792136,0.9973529757201034,0.5445919036865234,0.9928171038627625,2246cef63faaab07117079986d175271cdc91b119b969c8ea4f9593a5059125c,1,0.9970155996431345
0.9489116014266326,0.9114995972074683,0.2559281121474787,0.7279557321136639,0.14285714285714285,0.8382624716999345,0.19468916821309568,0.3383466899394989,0.0,22498aa5461a2bcfa7c150f47ceaefe46e37a3e52d39b330411cacbff59b6c7a,0,0.0001769511411185772
0.997172853178114,0.99628968892085,0.001067290065663156,0.002589173356828613,0.0,0.4254524107103802,0.7576270541178969,0.4748903810977936,0.9406521320343018,22541f5e160850a16d349462876cc2667388548babe6ea7f131811064c9bf5ac,1,0.9929331621520834
0.9952176615644983,0.9906950847335663,0.005318768840906096,0.014533567998066932,0.0,0.0055547356605529785,0.9999626896633922,0.9711431264877319,0.0,22591a1dd15e40949650134fdd1d8c1ff99b1fbf1c6fb126d62293dd846e72c3,1,0.9924226362552393
0.9973567952680504,0.9950115597498209,0.001877036178306102,0.004991615062004406,0.0,0.005002856254577637,0.999987445299599,0.8829938769340515,0.0,2264f7a566e781f107d8bfaf7493afe330f4c0388215e9b91f39b4201f28b53e,1,0.9935722035332822
0.9753090603620298,0.960932648562079,0.31242454708824535,0.8998904448274765,0.14285714285714285,0.01829707622528076,0.9997895732274558,0.625018298625946,0.0,2275ef1692748252a5a17c99015b3ab0cf595f455ccca5aa1104d4e2f92efacb,0,0.0015536338070277786
0.9938937942503198,0.9921529357802924,0.004011864023790761,0.009472528238351697,0.0,0.1721169501542512,0.9776388198171018,0.5501368641853333,0.0,2294c76ee891cecc658e559066cab732bfc28d3229c8e36ea1ca5fd2ff50c48d,1,0.9924923585270197
0.9803604073797877,0.9257768514322715,0.29127967368491103,0.8612365637969418,0.14285714285714285,0.14539371427045528,0.9833322532577685,0.2869802415370941,0.0,22cb6bcc9feeb309541c4a3ed84b050f36d5b35f7808a449c2591bd6dcac79a7,0,0.0015453602271339937
0.9994908549544109,0.9994872691588542,0.0003253489530354147,0.0006594560396532049,0.0,0.03701957659586144,0.9978661235458761,0.5599424242973328,0.9944817423820496,22d0958477e6d09fca289db77c96f67e054083bf0715598853b10490fd3a29a8,1,0.9970205616161618
0.9954682957061071,0.9915367472152149,0.005888439316939252,0.01606468342495926,0.0,0.011830270290374756,0.9999559760243298,0.9129390716552734,0.0,22ff78c3fdb0b201fe44fe4f50ea983d53b88af08eed3aaa5045c5d924ed9002,1,0.9925648641707808
0.9954148378507701,0.9948615429063273,0.000560399140781265,0.001345623725839129,0.0,0.06418389081954956,0.9963366349338847,0.5964468717575073,0.9740418791770935,23027a7f8de854689d5a813fc16f0b0c226800df5d3d7ef06ddddd9b7047aa46,1,0.9965462554077862
0.9869814963444675,0.9753762717039228,0.013718973162874607,0.038067031478335775,0.0,0.6609435081473319,0.5697022765063159,0.5623378753662109,0.0,2315ef4fa17aa982beee8793c69ce8704e8bfc2fcd37a9f142ef98e411ab42dc,1,0.9611912751015304
0.9917020063176681,0.9895037452663255,0.00163472300686056,0.0054786737309417965,0.0,0.2395617961883545,0.9581821635650525,0.6901408433914185,0.9784409999847412,231c8b908e4f060efaadb3cc7d32166a4f1a3a838653e2b6abfa0cb70019ce5f,1,0.9950998879364146
0.9977825868547511,0.995850125669709,0.003845407923506666,0.008220974946172742,0.0,0.03241122511613888,0.9989123326536774,0.35397711396217346,0.9885491132736206,231caee7764c34141e75619831ca9620ad29bfc02aced499e2fb85e37fda6648,1,0.9968502941407098
0.9966461673139116,0.9968670996632175,0.0012509845861563074,0.0021978952186353187,0.0,0.9602212309764993,0.020252143296669203,0.5486721396446228,0.9548743963241577,234591f69ed573280e146297f67a0ca4e9684628c61c615f18d590e48411ead1,1,0.9499783565640981
0.9987548863836769,0.9980889535951041,0.0008019927641938751,0.002410690609973676,0.0,0.018981456756591797,0.9998744794016906,0.9370709657669067,0.0,23793113a2281d034bf1b99ac7303c0d0622a884a63110873fa626601d13a4de,1,0.9938477142478539
0.9973003308870931,0.9972644629369458,0.001583734454815518,0.003056827523357341,0.0,0.0045001877333916696,0.9999250497960754,0.5680750608444214,0.9984847903251648,237ba21e1330e3bc196e6c21993d9e05997e62da85363222102844a0fe326b8e,1,0.996876234710604
0.9971364748501081,0.993656937310304,0.0037076007753219296,0.010223621280606054,0.0,0.010139942169189453,0.9999999992134537,0.9637330174446106,0.0,2380dd7e6d538a7ae390bd3902998dd29b683364050b1c7b07a4c39df3f1b618,1,0.9930281919132324
0.9759999718858527,0.9563274250057724,0.034338058797781526,0.09406870422695601,0.0,0.3051617741584778,0.9106928619341257,0.6372424960136414,0.9467936754226685,23837060ec4e2f2034c0df7ec1100d6c22a2a069d41b571cdf23dd3b012ee16d,1,0.9823975948733488
0.9854966358373551,0.975284144231391,0.013869779837226693,0.03531104543386865,0.0,0.27529990673065186,0.955585354272911,0.7685531973838806,0.0,238593f54ee996a2b608fa4596e0abfdd46e6c6bd80a1ac38c2ef2850ca4ecb2,1,0.9855437183217792
0.9943065383219374,0.8777691279301596,0.2687406320404877,0.6153993081558244,0.2857142857142857,0.0764014720916748,0.9949992643510398,0.9651691317558289,0.0,2399e10e8457108bd3cee0269edc2307db25ad1471345c37f6778cf8c23746e9,0,2.731185577227447e-06
0.9959944444129407,0.9941748079732882,0.0022514896217028634,0.005944435375617702,0.0,0.02413545362637266,0.9992744265352455,0.6577022671699524,0.0,239f0cecae7a87bcfb303ca54d30ffc5164042a922abeb2f1e5fc2aa5aec3c0c,1,0.9937773388690591
0.9931677679242475,0.9919165901824789,0.001374332312134763,0.0032255276887880324,0.0,0.02913755178451538,0.9993916462267445,0.6418583989143372,0.9797572493553162,23e5a89833e3ca9219adc7f044ba600db53d3ed08c0d0378d354cb94cec525c7,1,0.9963479862297013
0.9952757867366604,0.9931835167341118,0.0015303652100102211,0.004037670726734444,0.0,0.012834548950195312,0.9999983586524521,0.962548017501831,0.0,23ed5829a1f549fa353c8b49b13f63554d4b6c417a9ac4796aff44dda02f4fda,1,0.9931109346715927
0.9951842764387981,0.9852866880650352,0.011431840008563066,0.0343749769303881,0.0,0.00847535207745377,0.9997919437216338,0.5540752410888672,0.0,23f147371c5a3e4a501feddfe1f8116d239f5a8d42dc216e511d3f894158c370,1,0.9922082925054054
0.9958887298205423,0.9954635550840502,0.0005057967051540461,0.0013602064896266475,0.0,0.044258177280426025,0.9978822297888306,0.7513148784637451,0.9755661487579346,240e35f7cfcf2b5526c7ddac5db3f5a00c9714ecb2d0490df0448c2e7b8fa4ce,1,0.9964699158803991
0.9976004291667423,0.9925015684959663,0.005496969990456073,0.013999703746524372,0.0,0.10766297578811646,0.9922863566609667,0.9248981475830078,0.0,241e3877824ae103006fa03d485764cf22a1e92f0d091714adf3e7a7ac7f942d,1,0.9922013661451163
0.9984971587053881,0.9993163502299593,0.00044518431071558076,0.0013367937642104573,0.0,0.1822221577166403,0.9789268751865003,0.46439868211746216,0.9929847121238708,2428b3a44e95a15b3c3f1459d5752725fd1ff68595268e55edbfed8718a208ca,1,0.9966419436969994
0.9423369090599805,0.8800262754505432,0.1062536489022113,0.31020272963502815,0.0,0.043794453144073486,0.9942329718595326,0.7505825161933899,0.9578596949577332,242d1ec4cdb16d28fa2dddd25e539152527dc1c41e13c11fbae11724f172daac,1,0.8638051286046307
0.9956563573587232,0.9845968935583231,0.012681497778154931,0.033355956787778696,0.0,0.05277276039123535,0.9974609552236822,0.8051072359085083,0.0,24323e3091a8015c68a173ad68175e32b2e12c11ff3fa804b953cdc31b8a3f34,1,0.9908989058217216
0.9999986634388874,0.9999979681424561,1.9377479682056812e-06,5.354808277542414e-06,0.0,0.016662828624248505,0.9995880871050709,0.39177456498146057,0.9924865365028381,243871500ca933ec7b36553a9b110f18df49a3df8c5cab8671328b1ecd5163a1,1,0.997280178437691
0.9960353661427207,0.9954541521159845,0.0010682949773130742,0.003042470852017476,0.0,0.022550523281097412,0.9997200767480242,0.6104053854942322,0.9637483358383179,24458e3faf33c41d6a317d48c0e00050248548f0ad222e90b38d4e3a429310c1,1,0.9966477892744169
0.9834467946030437,0.9673665761522184,0.009887798421259779,0.03368617786541693,0.0,0.16072030276096777,0.9801724467599083,0.44440338015556335,0.0,2468e1a6172667aeb6abbf5faf066f43e3d7257fa19abc101d94de215e331cb4,1,0.988243651459621
0.9931821789280795,0.9870372892640672,0.007249264692510782,0.016967981328679223,0.0,0.732566893100734,0.4433854035082295,0.4840601682662964,0.0,249c048768ec4252e62782045ae4116e08f4c9bb45b9d99c0ea3d6e7f430286e,1,0.9617122319017527
0.9970598322024787,0.9960914630933583,0.001180707665122799,0.003782214480269719,0.0,0.007506072521209717,0.9999843804137731,0.9302295446395874,0.0,249da953fc6cdb7186055dca1719976a88975df6f1c51626529c88668a008b80,1,0.9936154454870773
0.9941088821577749,0.9920283512594724,0.003208187689061487,0.008843818781633761,0.0,0.019657373428344727,0.999836052976199,0.9055783748626709,0.0,24ad36b3e85c2b7bc37562019a3609500e674af28a391824d219db14e90305d7,1,0.9928333681722251
0.9999223326537124,0.9998031347440542,0.00024730232483845206,0.0006618616647561329,0.0,0.047733802346961986,0.998126220897264,0.5143693685531616,0.9890690445899963,24b0a8a20ee198779e2744b06b5750c52ffab5ef67bbfb7f925f1246cb2fb1e1,1,0.9970671689066783
0.9959636344186756,0.9955690994357841,0.0009760873742632452,0.0023014426269676643,0.0,0.008003009483204539,0.9998574688498673,0.6938841342926025,0.0,24b9972b6d04835941ae7e51e092f9f0c54290f37ae8be4ae79e92783edc1ac4,1,0.9940143962953861
0.9941459712943115,0.9897065836372196,0.005473565522572469,0.016225526356866027,0.0,0.06270074844360352,0.9965315395552311,0.9598801732063293,0.0,24cb74dc0af395ea1c88617492d8137cd6133cb6ffbc6f9f50b011c72814c1f0,1,0.9919196974439589
0.9927353045235788,0.9919800229975947,0.005108690924981781,0.010741476018044177,0.0,0.17058667540304406,0.9778425479842144,0.4112330377101898,0.9799496531486511,24d0df6bfbdd96bbb8c0decd9637f6b3fc47108ac0bd971ec4008b912cf13bb5,1,0.9958156720169822
0.9999086360174718,0.9999254938573128,0.00010462477585331145,0.00022997482320680408,0.0,0.1004118844866714,0.9925094251753511,0.4832116365432739,0.9984135031700134,24e099bd3fbd6b13bdcbc2cf100d9e8e01d2a4484ee9b59c557e4b39e16ff420,1,0.9969850794769277
0.9912655014923551,0.986868086175397,0.003136396528327061,0.008545912702062064,0.0,0.07023310661315918,0.9960106734543009,0.7785285115242004,0.9349490404129028,24e36cde4e13804d3db75a1e0603d504b2a52c9a0f2141dda667533f935a66f9,1,0.9954506306535672
0.9950754760811434,0.9943818873610498,0.0015795566767364349,0.003884434081475985,0.0,0.03238630294799805,0.9991422604628117,0.6224225759506226,0.9922587871551514,24ed8b650962ebf3260da9703974564435cf2a0dfe15426440441ebff2312398,1,0.9965522443193305
0.5978712934938597,0.8387768976116237,0.34461710881172897,0.5766581230054184,0.2857142857142857,0.8302118889987469,0.6629070285321556,0.2887360751628876,0.0,24ee82568e1283e06d79b42d90c63a4c365a85fe4bc79980baec51b1b88f0c68,0,2.2802337439529702e-09
0.9936338023729648,0.9893119840556014,0.004257789535620497,0.012057687418893903,0.0,0.006235480308532715,0.9999937576215978,0.9528923034667969,0.0,24f650c577ff003d814194566fbdfede96ba12a89046d109c92b35c4f9d668b9,1,0.9923647005032
0.9872340812963379,0.9800823529980656,0.011415112181644869,0.027091555953198787,0.0,0.13878029584884644,0.9912015678084802,0.47631925344467163,0.9705881476402283,2509990bbf4ff47d2c67475d28f5f1b84e30b1b3358b91895d4a57f4f5bbd839,1,0.994396943562544
0.9932613703566125,0.9871102585289779,0.009640337351609157,0.029366652948612192,0.0,0.21011054515815406,0.9688741313746287,0.5891742706298828,0.0,25104253e11d0d8a2430a3b8f4bccc151eb4ecc2a57079c6a23e79440ee176bf,1,0.9906937397517737
0.98744252802271,0.9843354624149836,0.007778259319226256,0.021555887999280612,0.0,0.14990310369108115,0.9849949426642184,0.5241506099700928,0.0,25377e712895c1e20eea51d34e8e52fdb4009c89d1ecd11c32292f4b8d708fea,1,0.9909994848012585
0.9854934404904816,0.972986898182244,0.014363503513748835,0.03866445763250359,0.0,0.863193154327039,0.15135022345481314,0.5795592069625854,0.0,253a2ff1431f0e47542fe2bf3e0cc5348efeabf791f76a1bf513e45fcb69da39,1,0.8897882338306408
0.999861827019097,0.9989620643461405,0.0019321125664358188,0.005541422896333573,0.0,0.9360622763633679,0.019604758412472407,0.6049940586090088,0.9157242178916931,253dd7c215cf44531e3998da4e882daa2dd1d5b56750e9ff7cb34a6b1f28d22f,1,0.9509816210605245
0.9936939678541566,0.9922355864342857,0.0022688836921913387,0.006872820647057726,0.0,0.009793272222460663,0.9997889418297978,0.6159349679946899,0.0,253ff16f92a19d970ffc7bded65400b8e4f8aa1af96a6055e05fa6a95207f223,1,0.9936522854822051
0.9972896718727311,0.9907155046083188,0.011704193950143578,0.035072948847322705,0.0,0.026871800422668457,0.9994926419725835,0.9827500581741333,0.0,2543d6e2834c0081e8018a9773bf524535e181caf5132d707f0650a89a0d74b6,1,0.9916073149559879
0.9692820390168283,0.9631396061715162,0.02142231751584267,0.03698573343702018,0.0,0.8781348457987842,0.1269271637232277,0.40978556871414185,0.0,2569601c2316b6d7b14bb7ed4e88f2d299b234024eadd3efeb39a1e5482aa0ff,1,0.8369343410763511
0.9999754967752235,0.9999608394901497,4.460282076143049e-05,0.00012186089869184112,0.0,0.005610549822449684,0.9999671775740854,0.34084585309028625,0.9953612089157104,256cecf6d5530a657f609b8257979dfe0493664a8d61d468b0ca16bf895a5956,1,0.9973497141451275
0.9948361461208101,0.9520528591623082,0.0751424673426242,0.2210891500443063,0.0,0.017500579357147217,0.9998959777688016,0.9628639221191406,0.0,2579dd9f3972bdf7060cdfbe0ff6cd0ce763203fbfd37ba00d796f37380e0100,1,0.9606804814029647
0.9999998180580922,0.9999994566771007,7.33153480541729e-07,2.100735391785747e-06,0.0,0.0212246123701334,0.9991507281996062,0.4508403539657593,0.9924689531326294,2584fbcd8ea0c71e886629c068c1e8e109e2762b975368232e137ee871dcdf10,1,0.997213615397977
0.9955851708020583,0.9947869843077538,0.001398947193439035,0.0034652647131364622,0.0,0.015483438968658447,0.9999699487467741,0.6661885976791382,0.9976653456687927,258c3d94162f398125cdf62b43276029fdf82f00c9f1367bd4beccd133251d79,1,0.9966021215519832
0.992710768099788,0.9913384047715242,0.0027523584974405587,0.005525279252391435,0.0,0.12033438682556152,0.9894918437120518,0.7091802954673767,0.9709523916244507,25e243f1232d6943e6eb6a837cc25dd4d3d465d3ec8d9d9c1d86f6942e6d70d0,1,0.995759689871349
0.9956105736684617,0.9481746175398066,0.2638124438725916,0.7671545268436233,0.14285714285714285,0.016210688206545115,0.9995532563562944,0.629327118396759,0.0,25e721d2b0749d06eb51a405fb031af9d2a18af1f5fb0969272ce4033595200b,0,0.0036826519541170604
0.9754375980104149,0.9649240954399438,0.010999924047194541,0.029966771229091194,0.0,0.9586195200681686,0.009394791118553649,0.745356023311615,0.9958760738372803,25e86a3510f496eb0998cfb6a067a7da15245602eab02ba08a6189c584c361c7,1,0.8908518902172528
0.9942924693938439,0.9877805728291698,0.011648798060957973,0.031335467988277514,0.0,0.04079252853884118,0.9986267686316532,0.7281582355499268,0.0,25f67a97aa1e608d1d4d93f4b8b713fd4aec77fcb02af468b8733b331190c9eb,1,0.9916331119143239
0.9999743838361269,0.9999794942484906,2.36220563216001e-05,4.941366029628702e-05,0.0,0.007596782408652226,0.9998748797036929,0.3426727056503296,0.9947344660758972,25f9f1b4e81ef46943bc0dbee79fb9ec29cfed44eb4e07a9957a9e90e272c9fa,1,0.9973445035922389
0.9900357223537177,0.9745678089954192,0.020533282032649206,0.06403031722712316,0.0,0.03874564170837402,0.9983362984210259,0.5804185271263123,0.9752529263496399,25ffbbaac5672c0070193630e811293bf889c01bc9aa1eed53a8ce10608427f2,1,0.9936477156051035
0.9836800670685986,0.9701197761449112,0.03164066081242144,0.09081727256675753,0.0,0.28968316316604614,0.948264986548173,0.5874859094619751,0.9862926602363586,2611f51976e04bc9df479bec20dfaa9a48d1c24e53a03cefe27b04c8b8c561d8,1,0.9885848535508894
0.999999856213526,0.9999998241780882,7.798628036015283e-08,2.005649416606372e-07,0.0,0.014958258718252182,0.9996929252098862,0.5047292709350586,0.9974405765533447,2637036371a7986bb12f4120f14dfcf6ad87492ddcd2832ab7e5c3378cb5363a,1,0.9971852335538097
0.9845453623652762,0.8387807767599122,0.3165613790220162,0.7455281413720676,0.42857142857142855,0.008881628513336182,0.9996587015363921,0.9840521812438965,0.0,2637467144e1a5184434d31bd09d4f89cb2956fd7e006920b76fd3fd90dd8e5b,0,2.3666921366080477e-09
0.964681645349253,0.9180323650266609,0.41273397227824465,0.8999081643768473,0.42857142857142855,0.002504885196685791,0.9990110696488335,0.5680526494979858,0.0,269b66ffffbacbf3cefc103c17ed557ff679af42f57bc3713c5ea4636e3447c7,0,9.487148325501661e-10
0.9883548393795999,0.9845908475580449,0.003185671406975307,0.008797275491322698,0.0,0.07267600297927856,0.99530658621013,0.5743415951728821,0.9808399677276611,26a82d308ad0ff4f06a5273c2b01ffac54fcca092cacc860f95f7cd2a1be31b7,1,0.9956123037439538
0.9922883161772375,0.9913412647547994,0.005372653510281944,0.014012672715626673,0.0,0.0037340521812438965,0.9999816691792016,0.9541361927986145,0.0,26b330ced15727bb6b712a93a373c5778d56d84634a9af8750d1b45d5aedfee1,1,0.9923125603983481
0.9964711623576437,0.9933047396314979,0.003518446121715564,0.011096444883472644,0.0,0.007028804626296873,0.9998563662605927,0.5458407998085022,0.0,26b3797bee068acf2a2fcd7918c0b295d5ec47ac5116f7837135a79371c9a105,1,0.9939372293545474
0.9922379734211801,0.9741494267366221,0.0207206870380659,0.05575097423887554,0.0,0.8427247107028961,0.2015025904320734,0.97577965259552,0.0,26b9df638c83ed0ac287cf95287005af8caac1e2e6d08d41dc31e67150aa5840,1,0.8854361085327633
0.999988293997777,0.9999837559404041,2.3299734799623703e-05,6.08795718336384e-05,0.0,0.03013437986373901,0.9987962130490403,0.38713791966438293,0.9944555163383484,270826eb3aba7cd8de31e283b75f2982874432b0a36c93d4266dde48f797e5a5,1,0.9972565177260254
0.9963085534227258,0.9882016828495409,0.014526439558960326,0.042047403468211446,0.0,0.02290761470787191,0.999244584675647,0.489376425743103,0.0,272411c792a93564c98c4904cb5cf895b43fd4a5130765c2742573cc8f6995fa,1,0.9922425198804445
0.9970833697664712,0.9958581510132213,0.0012161141872642331,0.003258722920140955,0.0,0.004935920238494873,0.9999919986510484,0.885873556137085,0.0,2727a5f7d41a09e113534ec246ad8075da3cc6795bc878aafe2b9285f1da8ab8,1,0.9936923927369069
0.9953895672564099,0.9935866030176198,0.002285989055828059,0.006083771995637004,0.0,0.05487461760639423,0.9977765127023,0.5120935440063477,0.0,273f1164ed82b11569929298309af5f97fcf9ac31229a8821ad85f95512b5795,1,0.9938526881471177
0.9956843841291863,0.9932335069271568,0.0027250575094912846,0.008164460524358597,0.0,0.013217449188232422,0.9999999643830636,0.970553994178772,0.0,2757a15111a068b88377d1b57fcdec52aad0dbadf685c0558300714c4513f7f7,1,0.9929919130736202
0.9999989483308158,0.999998403750129,1.4990404374558992e-06,3.842820824325198e-06,0.0,0.00876530259847641,0.9998373554662889,0.37943506240844727,0.9975941777229309,2764e657a8023982f01e0cd5878fa7a730ee26f519d30664ece625db936843ad,1,0.997315446367291
0.9999655626172733,0.9999593788243194,1.9474711386125145e-05,3.810510933819604e-05,0.0,0.07974231988153083,0.9961065474527596,0.582756519317627,0.9967049360275269,2767711eaf625f92fce7bb8c492e7ea137e32662d2837e3cef97657630d631c3,1,0.99695229916274
0.9999611252941327,0.9999432444392584,7.011940305715156e-05,0.00018828973826019033,0.0,0.7511807084083536,0.2876795701869081,0.5209919214248657,0.9939565062522888,279239a33c081ac46e7c802f0f526b6278ae00842be9892b4f8422f11db2ab47,1,0.9781020247566936
0.995962728625456,0.9947923880666985,0.0019082086727380749,0.005555717639794455,0.0,0.02371305227279663,0.9996580267453152,0.9642088413238525,0.0,27923e1822a38e98c3aff1ce032c22bd00f50167cb978469c50da4b79ef338ff,1,0.9932005127680006
0.9930302591838575,0.9888357825979391,0.00841127033414354,0.02400927646396578,0.0,0.014998078346252441,0.9999768158659939,0.9387837052345276,0.0,27930c69df48f9e576d3db374322f5e95e5620a4f9a03914d02907412c3c46ea,1,0.9917069914845686
0.9974000868390642,0.9970631598513979,0.0005144297197306434,0.0010783512492706926,0.0,0.02258998155593872,0.99961201312349,0.6115244626998901,0.9887822270393372,27993caa31a1879a6f1c3bdc38c11939efd096dcdb4e8501f205c7b3483ed455,1,0.9968305662587339
0.9928776560776523,0.9779534541234655,0.017181279417528048,0.050162855568905595,0.0,0.09208296237810626,0.995062184821891,0.5094603300094604,0.0,279aef6dddcae95bb95d99162a687922de26edd78541fb4e7e92e317221c73a5,1,0.9898509832786571
0.7687111457670893,0.8208232090470055,0.21045844502102454,0.3839861022850666,0.14285714285714285,0.14580468647181988,0.9999173656816251,0.29634523391723633,0.0,27a485e77eaf0aa87cf3cafe122f8aca6b6abd2698da2aad9b4f5086421267d0,0,0.00012959018534082812
0.9880502617362397,0.9864201960840224,0.005968762390801499,0.013174222390513912,0.0,0.432735800743103,0.7813869109289943,0.7831393480300903,0.9890918135643005,27c1ccace335f0ba9b8f66faa06b29b6ed337cd266b11a2a03efed89ac2b8367,1,0.9901575490792874
0.9527868685471549,0.9672870374847574,0.029480906154471544,0.04820612235050952,0.0,0.843457335274536,0.10521426051028263,0.5051005482673645,0.9489606022834778,27c49e58fbdf2c617de877e222b78dc7b1e92339dedbd96fea8cdc8d6be7e421,1,0.8665005774953269
0.9999353797034518,0.9998999521325201,5.548519975643306e-05,0.0001240184397368802,0.0,0.06606156374460187,0.9972758710888683,0.44257092475891113,0.9843891263008118,27d9835de48b9cd6285b9055df4aafb29ebab63eaaea1bf30e421669abbcbb39,1,0.9971031639838591
0.9939817099482207,0.9838181755664059,0.015436235781123539,0.0382739417657606,0.0,0.09125781059265137,0.993454556952689,0.9196610450744629,0.0,2816d57d0889edf3c6dfe1bb17daee65be23377ca1ee17d707355f2df1b16498,1,0.989410244648466
0.9999969644282038,0.9999964772274231,3.168165262947086e-06,7.70845716787627e-06,0.0,0.7635738253593445,0.22267613477672357,0.5087847709655762,0.9435344338417053,2821af04695d48d584129474f3541b5f01c2cb65de0457944abf8fca2f0446fb,1,0.9740332571860872
0.9961922029485283,0.9873342436977681,0.006729241646098074,0.018338984487920592,0.0,0.02168391086160776,0.9993385253700472,0.5486811399459839,0.0,2821c516c9d8d63e2dc8b25f74f15fd62e0d66235e0850f860c468ca6ce26c27,1,0.9929597653117392
0.996504490668698,0.9951862817712736,0.0017304757864455695,0.004060176433463458,0.0,0.012642621994018555,0.9999810273651303,0.6442932486534119,0.9732459187507629,2828774ed750d09cc9737fb48884d7abe18325ef59b2e6493a8ba899743cfa1a,1,0.996610707222739
0.986531211931664,0.9876373096485113,0.004286742757950469,0.008404887289620968,0.0,0.4727372526735375,0.7821269128694556,0.6289177536964417,0.0,2829d3b3749954e3744fb512419595814cf7072316ccf7935ee5c6eaae3bed34,1,0.9835195455333113
0.9970052733080514,0.996007247792675,0.0011584723738673692,0.0036083419554885365,0.0,0.013283252716064453,0.9999916580289072,0.8437533974647522,0.0,28327f0acfb37d64c3c7f7e0147cbd033a8cb098338c53879d1c8a502dc4e289,1,0.9937680606337568
0.9950179257240132,0.9943791403824992,0.0011615931064786113,0.0029996683357387255,0.0,0.033652544021606445,0.9990497866174889,0.5813583731651306,0.9910070896148682,284508f74b843b6421ca3cb20e681995fd0ab7cdc78e081ea5cc3ed195908c91,1,0.9966186011373992
0.9963194623768846,0.99538796437243,0.0009740274204634839,0.00282805934441388,0.0,0.03810584545135498,0.9983554161330485,0.7017042636871338,0.9703688621520996,284ab7be879e37bf55cf21207cc26e0e278b566002317b3113c4a4afd3314f85,1,0.9965207230492475
0.9924891723414144,0.9917442419315963,0.0038678399225180317,0.008054462100047122,0.0,0.005997359752655029,0.9999970175694389,0.9375131726264954,0.0,2850c4daea70a7ff0907db86f4bf1dd7ec8f66414dd888e37f98dd3bb3c8a7d1,1,0.9925622417655312
0.9999979755255575,0.9999945421707707,4.370135446196096e-06,1.3735037635602008e-05,0.0,0.0034692031331359854,0.9999878068190988,0.34607458114624023,0.9943351745605469,286c04f28be271d0d1a4b7c1eb3591c882b1cd6b9100e7d6a0c9dfed9e9e3a14,1,0.9973508530651468
0.9437744336138746,0.8130343410310662,0.2682392803070102,0.6746119106760449,0.2857142857142857,0.6438588409091466,0.5685325630768329,0.3001537322998047,0.0,2872109120be5aa587f64d32cf0441044ae9097b88cae265d8ac0ef51fda18d3,0,2.8426423876336293e-07
0.9973649055277799,0.9958272548844163,0.002290363672412501,0.006776287198543507,0.0,0.03376340866088867,0.9990758929918966,0.6733814477920532,0.9776816964149475,2877e52d4950ab272a758fc15463ad6375fa477d29871cc511faf86dd9c11a98,1,0.9965623143377124
0.9928213582069164,0.9950159335126881,0.0015282570913085346,0.0038486941112674407,0.0,0.027300461297897982,0.9991563325956425,0.4600101113319397,0.9946051836013794,287abef3be9aa2cad2d2dadffa866f4acc12ab2e4a864e98d4bbe232e5686848,1,0.9967152978807708
0.9968188163406894,0.9856659186258432,0.019064135182595813,0.05666770660227527,0.0,0.16624563932418823,0.9827206578363186,0.7226582169532776,0.0,28a5c09a6024557e9bf6882712e7de1b15a66eb2c8fa91d882d87f824e7bbab1,1,0.9894117090639606
0.997829953990757,0.992511531548993,0.006500348838550537,0.019363039788863112,0.0,0.00632023811340332,0.999976103237363,0.909729540348053,0.0,28a624a8f91f25396b6884870f849c13aa9ae270d963307bf4364de842b350ca,1,0.9928020434893087
0.997832314851838,0.9982479091907385,0.002545442228626575,0.0055611566247944595,0.0,0.22495001753350152,0.9594125111896762,0.7844564914703369,0.9812412261962891,28eb7b96ecc287a4dc2631098f7101d1fc358165aac95a758e8fe845627b7818,1,0.9957011989738181
0.9999704896496385,0.999969008899936,8.389526678276114e-06,1.6292496037355487e-05,0.0,0.014619900844991207,0.9997402674103234,0.36549100279808044,0.9947694540023804,28f262133db559748875b5a9e863f03f2a257e7d9b20094f9551495ae6792dec,1,0.9973106452490902
0.9958180155763294,0.9934292939910777,0.0024061696144964872,0.007016680077287158,0.0,0.007340800947789079,0.9998786491860019,0.6365067958831787,0.0,290bd8cd0f299c388f9734a7379bc9e0b20c26d4e7c6152e8ab581686366ad5e,1,0.9938224071640371
0.9947888930560939,0.9850123433354695,0.014661880739037894,0.04443781824026938,0.0,0.008384406566619873,0.9999952670728057,0.9354069828987122,0.0,297f11b9a0907802edad86a43973e1d4b527743bd1ec8572dd72466d86e112b4,1,0.9905871219653151
0.999283019610593,0.9994217516725481,0.0004275421778345159,0.0008082982568147132,0.0,0.0034117621726637015,0.9999555922712624,0.3572450280189514,0.9955466389656067,29b1f0b5a4caaa519b3c547eda900b61907603eb2a87f74abd66274002a0201c,1,0.9972829377303425
0.9999998302585634,0.9999989628045161,2.0938661808712218e-06,5.993396333348056e-06,0.0,0.00922810286283493,0.9999024995894452,0.4061734676361084,0.9983489513397217,29b7802be25f7b5342d6d43b45009314bd3e9cb2de3dba7cde7e43b5cd3be9e5,1,0.9972915348425886
0.9970129238417955,0.9948496747485802,0.0016902111905015634,0.004419110182771011,0.0,0.008545085787770832,0.9998440943886621,0.5633687376976013,0.0,29d859ce2644e5c15abc44e1f7bdab830afc8712343d92fc6f33accc65c7ceb1,1,0.9942076340404412
0.9826618152115508,0.9165147357013422,0.2305563146933249,0.6703576531413644,0.14285714285714285,0.4499383568763733,0.8198769798742344,0.9727990627288818,0.0,2a18ac16b3dad6ee9341955aaf1603ff0510541421ea401cd0ef37af2139b0ec,0,0.0017017935249423145
0.9907029248537489,0.9888164949405113,0.0026965855319375834,0.007632362576818652,0.0,0.020689547061920166,0.9996832470815528,0.5928308963775635,0.9787793755531311,2a257ec4be78f738e1f4bbf3e1cb1f59ea9b6c9d50f878adb931427079db706d,1,0.9961160485349186
0.9633862366945686,0.8939812834007477,0.33151087175976945,0.825659675149583,0.2857142857142857,0.2441503405570984,0.9557487164616536,0.8209359645843506,0.0,2a29b1dc43366bf97bf7aa60ba8ed1dbd0c1a0ea29f14284b4fbce031aacab1e,0,7.980653588593893e-07
0.999931086170462,0.9999320287109932,1.5627040200073188e-05,2.295370264190158e-05,0.0,0.009703055024147013,0.9998420418433399,0.37640976905822754,0.991565465927124,2a3413b6b5915929a58df22b95bc5144707d735f5b5f136f8bdeb9dbca2a50dd,1,0.9973022990595886
0.9999823387884986,0.9999798958225733,1.2671797355272543e-05,3.237922522617854e-05,0.0,0.017464391887187895,0.9993951142904703,0.32741352915763855,0.9955354928970337,2a3dc4d145c9f1dda9df8b481779d180190ec10dde5161616a5e0e4eb1b3bf5d,1,0.9973400791133872
0.9974882110996458,0.9953872894896858,0.002906613283956899,0.0075985690505969705,0.0,0.02020716667175293,0.9997239944194306,0.8004341721534729,0.0,2a4663d37c9ed43aeb370dbc5bb8ab5063ee6c56f16e383706cfaee4f25e631c,1,0.9936067366565828
0.9999998109189059,0.999999743688097,3.001986815006154e-07,7.975513590224053e-07,0.0,0.033322788774967194,0.9981652937841247,0.536024808883667,0.9965694546699524,2a5aeba114ea5646a874c71faa71890d3089d0770880c1be772c49ebca5bba2a,1,0.9971086300740181
0.9974253255184696,0.9926214164121097,0.005460585839770436,0.013887261306213206,0.0,0.013801753520965576,0.9999561510677812,0.9501086473464966,0.0,2a70c5498545a6882d647fc542ca083087634d3bba658db29e6d8d41ac41b0c6,1,0.9927367315940571
0.9954341039887031,0.9945249624610005,0.0013208100513853237,0.003420034401636407,0.0,0.018717527389526367,0.9998539683163223,0.8862673044204712,0.0,2a898d35ea3254f28ee014ba70fadf7345df67705e986efc53c553b2ddad9d76,1,0.9934071594487869
0.991560210071113,0.9903231009234538,0.00354677225185532,0.009199889529035919,0.0,0.07122345268711683,0.9968442751711344,0.4559831917285919,0.0,2aa0d8319118a729cc77da4b19f769256da4de732b91143b05423ec9da78c7a4,1,0.9932477404942917
0.9942023473960109,0.9865282594210589,0.010510053249693473,0.0280793028310532,0.0,0.0053389668464660645,0.9999410949974578,0.9561373591423035,0.0,2aab7e2023bffbeb8ceac9f5cd969754c5e7b762dcb696363b5a2da60d1cd7df,1,0.9912145170321756
0.9991942506855789,0.9990121139568906,0.0006237993414826078,0.0016714432297676443,0.0,0.012732314625066632,0.9996418646682783,0.5929046273231506,0.9976018071174622,2ad450fe3aa4ded20dc44c94bdd6904b22ef077a07ac9e6161b7586e89042f91,1,0.9970118037865081
0.9981759719848238,0.9975249263219711,0.0008757547697365449,0.0023907332964856476,0.0,0.006699204444885254,0.9999913925604165,0.870574414730072,0.0,2ae990e5d6b91fae3c38776eb2736c11f7944324c069f848c2bdf02d77626bb3,1,0.9939496533926152
0.9954994020222201,0.9805265683922423,0.015476812757726263,0.045033458865026056,0.0,0.012770243920306172,0.9996289299725132,0.6406769156455994,0.0,2aebfa41f35fc7297846c521b0e61f8953b89d1290bad0824aeb6fe8b466148a,1,0.9908491236393853
0.9998748345243907,0.9976499239188971,0.005600361880025715,0.01594254443659953,0.0,0.05740648880471884,0.9971188354225269,0.5539681315422058,0.9878761172294617,2b077afeab0570df640740545404014d43b09803a0b263ee282dc084ce55cd65,1,0.9966204157315095
0.9856815403368261,0.9873058365709443,0.004681795695313711,0.010835758389145585,0.0,0.012488219670085954,0.9995695511724906,0.5997300744056702,0.0,2b0cf7d16cde692dc4d670ceed88a609b891f6bb1ab11d3d312f603f37c89050,1,0.9923852375604303
0.9959243932133647,0.9937677430554475,0.004045202265837633,0.011878530164141865,0.0,0.010854899883270264,0.9999999357776123,0.7874938249588013,0.0,2b0d862aa1851632b2aa98f3fca306d94e580feee76f13d7eb2568228596ce02,1,0.9933380214829004
0.9966999949618236,0.9904029411587381,0.00813064487689633,0.02292050832730197,0.0,0.010464131832122803,0.9999958737985685,0.895725667476654,0.0,2b3b410a5c4df06e39dc13ad8c829a4cf74c7bcda3438ec8de21cd9405c54caa,1,0.9923154026383482
0.7048345401481162,0.8496652523403102,0.28505447031630177,0.3934311060946535,0.2857142857142857,0.08785343170166016,0.7081008696006551,0.5078591704368591,0.0,2b3f9ec5962c7e4ad440ff15a3373bab2ae4513931b646494371707d0377abad,0,3.2394813666598045e-08
0.9996606612762486,0.9992510575171364,0.0009978546207762746,0.0028442913221226446,0.0,0.02372496947597284,0.9991801134754439,0.37550589442253113,0.9945513010025024,2b49ed025696ec6ef74c772ba1dfa552b6a46e4ef038112d2dd9ddbea95e54ed,1,0.997201466353827
0.9804853628540902,0.982299226379288,0.005260273818962071,0.007839383461336169,0.0,0.7058812379837036,0.5064648467475413,0.8766485452651978,0.0,2b7809aac2a43dd518406bbbed181b8ecfe77d74492e86e9c2082917429af43b,1,0.9565248707784764
0.9969632849614628,0.9874229560843831,0.01019881925080069,0.031535308627894,0.0,0.21377557516098022,0.9730925944481712,0.9179635643959045,0.0,2b8342cd91f535fe37e251026311df636ccdd1dcb3a3f04fd5c9337810f1551f,1,0.9899731396434311
0.9989378402657815,0.9973688174452005,0.0017202893536805103,0.004442264587147471,0.0,0.006302773952484131,0.9999906463552277,0.9644275307655334,0.0,2ba8d18242c36eb807ce4c57118f9fcac67ab8cbb68c5c8bded4b2ad67bc46d7,1,0.9936923063726518
0.9931624167668434,0.9850085128158984,0.010015123273478817,0.02547413654782893,0.0,0.01390683650970459,0.99989991474739,0.6044989228248596,0.9790781140327454,2baf3ffbf247e19969fd361053d807a4144c8f76b70fc45d56bcfb052542541a,1,0.9954639254565861
0.9874393528598991,0.9877338159299379,0.002833665473332791,0.005143651525994497,0.0,0.101776123046875,0.9933378186876912,0.6053252816200256,0.9525770545005798,2bc40c92b6dc6a2a41247a76485226e93f4cc5bae3c877fee08ebbd387ea2cc4,1,0.995529152497771
0.9957897815318183,0.9928378030877305,0.006430515028658279,0.017942137039750894,0.0,0.06904959678649902,0.9959961394829696,0.973471462726593,0.0,2c0453d6aad916fb418767785a815a2292ffe626de4305c42c0fe4145d55f2b4,1,0.992136056170557
0.9932246547904472,0.9912009995238933,0.002764383055080017,0.006264760051405416,0.0,0.07732057571411133,0.9949710808234237,0.6396428942680359,0.9579584002494812,2c1e20a00305df68698b2dbfa86729029333ea9d48b589e64382547293523579,1,0.9960117392806789
0.9957853640227563,0.9876366182938586,0.01303921559653026,0.033861910396125856,0.0,0.8056777443125611,0.14067099988392695,0.4296444356441498,0.9625340104103088,2c49e870a6c3477d3a7f3ce55976dd767f14833c104684e02b82d15acb61613a,1,0.9537331888662418
0.9897727417442496,0.988207304455962,0.003227157004784577,0.007165782261739043,0.0,0.6127843260762931,0.624025858381435,0.6324139833450317,0.0,2c70f6f887ac6853513840c0a94f7aa5cc90c7d576a44b038e34a9fc8dc18adf,1,0.9760055944730734
0.5770785891348555,0.7951444238306596,0.3340082998689153,0.5287807544936067,0.2857142857142857,0.8504759818315506,0.24059585967478267,0.8115459680557251,0.0,2c97f4b073ebe6de597bd7a027f72f7ce942eecd4dd8de734dc678ea12331ced,0,4.0017691975022794e-10
0.9697919480422272,0.8457676199848574,0.23087099100733594,0.5150144932834793,0.2857142857142857,0.03707855939865112,0.9975588181121975,0.5786361694335938,0.9807872772216797,2ca8841ed7f7bb67c94de9a5f7f67ab3e504decce9f82ccc3b4ee3df1982367d,0,5.81597351435338e-06
0.9953138835109414,0.99602923151786,0.001285932594068879,0.002565022931257932,0.0,0.008127927780151367,0.9999992882966239,0.9691035747528076,0.0,2cc20689e01e42a4a22660260f0b3f4952527692ae7b80482804e5ac9e94784f,1,0.9933825246572541
0.9945265012377914,0.9899174727732103,0.005474461754364216,0.01553025323368027,0.0,0.07035195827233973,0.9970940622862328,0.5514683723449707,0.0,2ccceefb961570376ec40f5baf8e9c08c7b0dfddc324e18136080c82bfd32dd0,1,0.9929749089429565
0.9976679818295451,0.9975687785420273,0.00047917287241534454,0.0010178196578457532,0.0,0.00716167688369751,0.999975134491576,0.9546074271202087,0.0,2cd7c17123488cfac299c814a8b734059b9373724af458be5d34218b15466fc5,1,0.9937839870414175
0.9559430691665153,0.9433378387914616,0.03403497971000555,0.06813550913001332,0.0,0.2861437201499939,0.9409681929364031,0.9394258856773376,0.0,2cdc14b78eb54dced4854f9cc88c776ed591d9062e99c643e73406337e67c09a,1,0.9541864593299584
0.994534752248924,0.9842713954507543,0.017532315750996605,0.05218950347774165,0.0,0.0077939629554748535,0.999996951072865,0.9775102734565735,0.0,2cde17d06f35c330a4ebe2841c5e83fe04843f1d587b8a8df9c095af8373bd69,1,0.9898537958436783
0.9970448200592443,0.9963092098162668,0.0011035972475320725,0.00289876953432755,0.0,0.005950927734375,0.9999954193502165,0.964460015296936,0.0,2ce6780d984909e00b338900bb6aaedcfde8eef2086948b723421c11517a5d30,1,0.9935635933394033
0.996212628621159,0.9941805070987407,0.0019120233890991638,0.006311398509348698,0.0,0.019164204597473145,0.9998510838494452,0.5956791043281555,0.9835650324821472,2ce892acf41e920775f852d3e92a4ff4fdfb5e2c6637d780bd2cc29b264dff55,1,0.9966208967472533
0.997439316165059,0.9952891659817714,0.0034139175855905555,0.009190419623254287,0.0,0.017127394676208496,0.9999094795365635,0.7899656891822815,0.0,2cff5e2e5a7fbbf3ef8c90768456cd1b2c477b71f8ef3d30a252727c71d493a3,1,0.9935814524263962
0.9953191325301347,0.994661966921312,0.0012391487689928785,0.003333761252316436,0.0,0.014160454273223877,0.9999952033351982,0.724307119846344,0.9987778067588806,2d000dbdf1afb0691a5d624bfeb4f614425ad05e21585a489d47856c8c912d9a,1,0.9965370235413679
0.9972400225895608,0.9964452659347919,0.0016543938494142775,0.004016142143322576,0.0,0.004744470119476318,0.9999966447523595,0.958869457244873,0.0,2d0c22cd164c422a7066ef700bd34221317a2e9fc3a2f8ff06ef3629ecfecb40,1,0.9935377895786811
0.927130886836856,0.8974043974700313,0.054623605602625115,0.13565540233842532,0.0,0.9887632112950087,0.00845424148299402,0.855269730091095,0.0,2d163e2a0f46ed0dac9fa8242879f3db48f4d8bde4adfa9a88fc9811c7979d5e,1,0.34203476838732016
0.9999985271470337,0.9999975324359128,3.972744607599053e-06,1.0667400132571617e-05,0.0,0.006029131822288036,0.9999499073711469,0.38461828231811523,0.9930493831634521,2d1e493e3ede11c023e91975f115312a91b2e8929d06b703fcfa61f68eeb0053,1,0.9973089620449342
0.9973548912620054,0.9881730500118573,0.010294053536423958,0.026555444684041585,0.0,0.011786222457885742,0.9999936286717178,0.8842384815216064,0.0,2d4ce459b71f56376dab835c77eaf7ddcbf090c674109e400c56e88197d218a8,1,0.991828744735271
0.9939740943824887,0.9917786867924546,0.0025764647443394934,0.005869210868392649,0.0,0.04956787824630737,0.997630498965228,0.7179028391838074,0.9602925181388855,2d610f74a4f99cb05944fff7dfa2e6f51c588b420e3ae7afd3eef8778a544ebc,1,0.9960787069203229
0.9987790433133072,0.998611031987157,0.0004284399421780571,0.0011641187642047665,0.0,0.007570191286500485,0.9999003301487284,0.37240350246429443,0.9972383975982666,2d633a867220ccb4b8b04a43ca15f8868df6489adc4b1f3f69883333d98bd8ad,1,0.9972238200723151
0.997654141179043,0.995834412158553,0.002173128691585148,0.006336201614910109,0.0,0.00936579704284668,0.9999511750024994,0.829708456993103,0.0,2d6f7f95ec2775b24fa5adc0633b21c870726bd0e10eeac982dccbccbeb98022,1,0.9937284386596692
0.9908927086121417,0.9851897117735751,0.00773345724555689,0.02152260815414569,0.0,0.017431413750183172,0.999428873051192,0.387876033782959,0.0,2d8059da34b6609c6c4b428a382f2d7836cd0519e6f124666e9afa61ba32b2b0,1,0.9927051980399757
0.9963197103731929,0.9950004081470026,0.001598739800323165,0.004469035992601733,0.0,0.6214795708656311,0.6418904279006395,0.5738486647605896,0.0,2d84c0cae07e82cf7a0c688145993b7027aefa8eb2e2d400d5db616006842a45,1,0.980933841356183
0.9866694822711981,0.9327351136681328,0.2169806430817566,0.6239972140154334,0.14285714285714285,0.7876153439283371,0.30630603804591144,0.7269877791404724,0.9818649888038635,2d86e5b0487d0c7c29388107ac1c3519112f0902a363c00e646080d588eae5e3,0,0.0013453947851959508
0.9964239913870503,0.995461372098693,0.001852950348520251,0.0044811048223279415,0.0,0.01689566485563103,0.9995330595653139,0.5776205062866211,0.0,2d8b826b2e60a2fc85c44578611df170227de129f95b20364aa94b8c4a1530a1,1,0.9941354295443905
0.9941360001853593,0.9569056937097044,0.08402918127175592,0.24294859262117185,0.0,0.005486249923706055,0.9996173840389015,0.9348364472389221,0.0,2d95d77fc7258adfe01a5dde106301047fad56e62847e2d51e80b8257b07f285,1,0.9573192349029999
0.9878870706909813,0.9808076078030094,0.009988491045920811,0.02996655465974274,0.0,0.0589824914932251,0.9965194512856093,0.6498088836669922,0.9727053642272949,2d9b8b3d578728bb3c0c549da0fc3b5727e97cdca9be8a044e64f28a1e5bd642,1,0.994731119211029
0.9659357617446258,0.8563527590062251,0.16178405543831761,0.4448935198068885,0.0,0.20861369371414185,0.9735938233525582,0.9647045731544495,0.0,2da8f75cd801ea8ab8e68d394c885611603edc8068f65d6ddab205e2163c3e8b,0,0.4942297586576788
0.9890675855491562,0.9842652739833869,0.008678690816467135,0.025542757733503008,0.0,0.02847391366958618,0.9991793016547726,0.6035621166229248,0.9795292019844055,2db625e7606bb63266b091cf74a92ba6b57ef7db79069e54c3e9ffb12a68dc79,1,0.9953368373952802
0.9997871388612064,0.9998576077293426,6.877971163187928e-05,0.0001712909096491256,0.0,0.06368570029164485,0.9971424404282899,0.576071560382843,0.9971815943717957,2dbf10f8f59649a26128efaa5b07df9ef0341f348614b8d06f722de14612e821,1,0.9969878472182399
0.9940883637882233,0.993808940001294,0.0010897318509356408,0.0020141409969155477,0.0,0.10336142778396606,0.9934326179615862,0.5773872137069702,0.9708802103996277,2deebcbf3d08e1691d7dc2417d0e0c357036a6b2b1dd8862351d884a99591054,1,0.9963155364183436
0.9949691851488275,0.9841685456416707,0.018087518761981256,0.053922477205268944,0.0,0.03595111518652678,0.9986453799360473,0.4057701826095581,0.0,2df31a733a4d562af7ce0ca0982ec224c445c076bb63906ebfa5957e36ce2134,1,0.991409026390815
0.9960723044963373,0.996424500862001,0.0006258776715587699,0.0011143763727051313,0.0,0.00467356853121665,0.9999301207237448,0.6014133095741272,0.0,2e10907bdb82e6f230ad90c9c616e713919b8cb19b96c2df11e5d0448676633e,1,0.9943144773435373
0.9921506201419462,0.991214988003628,0.0029870197648532923,0.00690473452100715,0.0,0.09030842781066895,0.9935958531828648,0.7976059317588806,0.0,2e218422a8e7ef179b6139dd62cbfcb8a8af2d2f1b4efc21a232632607ecc554,1,0.9924529746799676
0.991686057182824,0.9821993592447139,0.012995679079357792,0.035697445836445074,0.0,0.03129017353057861,0.9992646321897504,0.9570226669311523,0.0,2e26ab4c1bfe429fcd7b207c711042485b311d2bba712056a8e4c946538be203,1,0.9899083958309385
0.9670022156135342,0.9363448351575101,0.31972837877192883,0.9466470890052744,0.14285714285714285,0.015551984310150146,0.997242456307239,0.7250052690505981,0.9818174839019775,2e6c41315f71745eb4b4e405784a9ffbeea036c1101d7f18a752e6776c7247a5,0,0.001672935405221801
0.9956282181902713,0.992533040705574,0.003931609527121332,0.011297324446079338,0.0,0.015322864055633545,0.9999762711753797,0.9734160900115967,0.0,2e72ba4dad986c8503183c4deff1fcbef55a627101b5a34a85e758697cf29a89,1,0.9927569891898894
0.9971727788924607,0.996720447134577,0.0006923777144445849,0.0019855946051497986,0.0,0.028183400630950928,0.9993567410901644,0.8442009687423706,0.0,2e80167e2c58dc78a8e272a4b28ff9f2645516352202190c5a40a40445d03ad6,1,0.9938084062295774
0.9946644576516267,0.9938181000376843,0.001513725515873538,0.0036711941974287843,0.0,0.06093001365661621,0.9967323097012069,0.6583936810493469,0.9797414541244507,2e8599ff0cdc6c11f8b4d2f736a9e6109961a399a16218f695b5cafb6289cb99,1,0.9963608689586282
0.8876350738136864,0.859768268329605,0.3801723393149273,0.8379369843188116,0.5714285714285714,0.9128646981844213,0.09142813995656789,0.4639577269554138,0.0,2e8d8542961da2470a6b984e3b3f7aa03f584a7e014c354ebcadb5b91c586ec3,0,1.0513101087343622e-13
0.9998332324541789,0.9998495771114577,7.663157245272546e-05,0.00013869131195063853,0.0,0.9415010809898372,0.03192852895871317,0.48819592595100403,0.9711442589759827,2e97e62d11e8a30a73b197e980f8d0bf0caef5163c9ba0ac4bf910aa1dfde37e,1,0.957051359325915
0.9917540546671723,0.974897081015663,0.03070896975324425,0.09102540746912058,0.0,0.0864449143409729,0.9951099177756294,0.5623795986175537,0.9942981600761414,2e9e756004f18a4e8cd07cfd119acb0334b23e2aeac23d11bd075e69c1559db5,1,0.9924142113385847
0.9939307352771157,0.9913052108810846,0.0035323957620827656,0.007058466002736852,0.0,0.03213775157928467,0.9991591189742443,0.6214877367019653,0.9366167783737183,2ea00b27471832cc294fbc869bf9390bcaddd491b3cc9dea068c1a8955086fbf,1,0.9961102915442159
0.9867563485213748,0.9774297619717763,0.024137992821295494,0.06832906281439984,0.0,0.47764152287416894,0.784062886312449,0.43571245670318604,0.0,2ead73cebf0c783e6f8d2925194769dfed7253b3dd803796230ff71796475f6b,1,0.9757829427330191
0.9897812914124599,0.9822576963728776,0.009973552521459195,0.029175277434909885,0.0,0.019589006900787354,0.999678444741091,0.6976930499076843,0.9792687892913818,2eb4446b5c004337bc9721ffe369e23d3f7cd0370ea1b112ad75f5007ed78360,1,0.9950165423674504
0.9933848964351005,0.9055484018950326,0.14997316461038643,0.4387290396689544,0.0,0.28883498907089233,0.9525967754260837,0.9608875513076782,0.0,2eba8a01ec5cd71ec57db70160cd4308c3f1e6d83707787fc087b36863dc8c87,1,0.7375146148114443
0.9913649316165773,0.9889423579332586,0.004487927979557137,0.011809144213747791,0.0,0.006174206733703613,0.999985515150965,0.9732075333595276,0.0,2ed3db713c83ca5d1108c129b6b173cbb4628f48ec02323116458d1468bcf339,1,0.9920636250944386
0.9999933010564785,0.999990498694357,9.516897612481071e-06,2.5149865388394034e-05,0.0,0.07485555112361908,0.9967517159566132,0.4474024474620819,0.9979472756385803,2ed7b0e3efedc60dfacec513f4e777565fea0d51a58183bd219c3718aa84a4b8,1,0.9971083884679791
0.9701161810321745,0.9385844502510624,0.059418144890618294,0.17282720635161855,0.0,0.2549879947015725,0.9502359128785368,0.5219050645828247,0.0,2f03ffe8098633d7dfcb326fe832d25df73199efa838d7f90b5303af40078f2a,1,0.9493935155380533
0.9945525354776633,0.9937375544568915,0.001542691305701582,0.0038191204779598475,0.0,0.012676775455474854,0.9999958045655654,0.6442655324935913,0.9823453426361084,2f04b99631967ef5ea44220d44ed280b4376f44c79b394c31f23687d63f83f1e,1,0.9965151081302219
0.998016503133635,0.9974999050914358,0.001948447840744255,0.005007504251873541,0.0,0.4721027016638688,0.7453861089376592,0.39165690541267395,0.9562277793884277,2f2f684bb6079de735e3e95c20519e9843c907e2fe2bb719bafb6a889ac0e815,1,0.9928474838688954
0.9945674524472884,0.9940580976798323,0.0010837542232142196,0.0028744859118848623,0.0,0.03707766532249384,0.9987176505452486,0.5825801491737366,0.0,2f46024fa140b641399dde89d3605b9c8c2499886cc03ba895062c6d181ab84b,1,0.9939079469682086
0.9868970640661207,0.9802053201391427,0.010606488202367245,0.03240180999764908,0.0,0.02941185235977173,0.9991418509091206,0.513131320476532,0.9804907441139221,2f80d56269fcea1807841b3f89196ae4999db0475494ba51c620afade73ccbfd,1,0.9949913290562322
0.9858071021716589,0.9843728363992472,0.0033380887982500254,0.006217411766991546,0.0,0.020869561243741064,0.9992187781947294,0.4059354364871979,0.9898788332939148,2f87793f879e8d534d99b20996eafe6fe1e3b0c46e6da43e8dd6685c21178b02,1,0.9959095478876265
0.9878317355490859,0.9900630307411624,0.004699193510242778,0.007070103517612099,0.0,0.17767083644369247,0.9764721446371143,0.46132969856262207,0.0,2f8d34fc765cc5b564c6d1d3c372a861663abea8886830152a45570b41333527,1,0.991863162164668
0.9950349734912433,0.9941646696955548,0.0015862260142305948,0.0033440295866654646,0.0,0.04153907299041748,0.9983902861291055,0.5998982191085815,0.9769001007080078,2fbccc92ae71532ddfc97b2c51b7fb6fd4d9557a41c8b853c69883ed9a4837d3,1,0.9965052346746711
0.9838326047795706,0.9182766665419765,0.09182967521900694,0.27416296499517767,0.0,0.4790792763197449,0.7980712254733202,0.48744508624076843,0.0,2fbd004d1dcca355cf215ce927a3057a195bd4fd19f7e4df230cb8a1c666f70b,1,0.8573645020083768
0.9937476062453438,0.9923996769795834,0.0045186523162092885,0.012237574240124505,0.0,0.023083090782165527,0.9997447537575538,0.974840521812439,0.0,2fc24a1fb6698a602f04730a1468f1b38337a4299813bb59235ef90b15fe5561,1,0.9924844036317892
0.9999967902131935,0.9999970109477827,9.099614132027809e-07,2.2361953865881795e-06,0.0,0.04045065492391586,0.998127854132304,0.4783383905887604,0.9884293079376221,2fc648b3b45dd3fbbc037e188fe1026d5183760a5ffe783acef607bd574cde03,1,0.9971375533208985
0.9999915912707802,0.999969167942287,3.267538705958032e-05,9.771302730126305e-05,0.0,0.25015896558761597,0.9516544734442214,0.4490065574645996,0.9895172715187073,2fd23905f7bac405973e98c9ac672c14319e5db99bef32206622764ba1d79be9,1,0.9963887519643405
0.9940629062001338,0.9922371156568068,0.004246977910725784,0.012214834120952265,0.0,0.030734123662071063,0.9989843964266203,0.6559208631515503,0.0,2fe44ce2e22414f8580365781976433be366f6e4e6ab6ad101f4a35de2b1f451,1,0.993260281936895
0.9942050097926366,0.9922480343438226,0.0024300163561703785,0.00739206100998957,0.0,0.020838797092437744,0.9996785056064226,0.6260889768600464,0.9735129475593567,30080a530bba7e2b912508076076e30deb9c2b0439d00e6e5e7519c0347d6135,1,0.996371799692596
0.9998166467881202,0.9998086213304564,0.00015202121348334348,0.00029151330265560053,0.0,0.09445993602275611,0.9951868547508452,0.5414684414863586,0.9972567558288574,300d24f3a3e34a909a0d000dd1cf2d0840fef480b4459d6a9e943fcf864a249e,1,0.9969423245932658
0.9999436306168958,0.9999392064416978,4.408269100005165e-05,9.58094412799618e-05,0.0,0.016230685636401156,0.9996593233562464,0.393480509519577,0.996783971786499,30220ba02a76b5ced52b8287dbe0251dfac9fbbb81fa1b11fc49b37012c1aad5,1,0.997281052690125
0.9954635503523914,0.9952191286568685,0.0011431476053336397,0.002249587502330286,0.0,0.05455136299133301,0.9973032538689666,0.6635072827339172,0.9848235249519348,303455e8ac333b94c74968cf927fbe4c9565ef49e0f5c34e1cb93481e3f10e8d,1,0.9964957028744019
0.9888628598414442,0.9868966711971999,0.004211288960952915,0.008749215404065369,0.0,0.26389068365097046,0.9559722473710215,0.5867509245872498,0.9557746052742004,304e8e68642b9e7c522e62d37d61b9680d409d843bf9c83c8e337ce4ae463cf9,1,0.994521747210752
0.9892858255821977,0.9755775220342563,0.023088483584731454,0.06441923698043311,0.0,0.21623209118814568,0.9664902536329426,0.5887984037399292,0.0,3057e88d1a88530bdee027077b2eb88d19334131624e1b6f2efa9d3943aa3ddb,1,0.9857441106626976
0.9949918071464492,0.9957173346178945,0.0017800699378371172,0.0034823596469857722,0.0,0.029778730123731098,0.9982573092362024,0.3263294994831085,0.9960028529167175,3079bb0781f796fa3a65b3cbecbff76c2aaef535a6b84989bea8b3126f243e5b,1,0.9969241492341802
0.9883895587863875,0.9678764369200084,0.040422720170437014,0.11757862899274119,0.0,0.029636144638061523,0.9989269637709387,0.6113455891609192,0.9620742201805115,307c237b4d61ba33426a5569f0cc896ded9371401736037c98b813e1e17c52bb,1,0.9899949654463865
0.9990896515749939,0.9994136054866797,0.00032513116953873075,0.0008082600291716035,0.0,0.9309003353118722,0.0228946809871812,0.535536527633667,0.9322206974029541,3080caeeeb25c50c3e5b3dc53fa3d354625fa536ba9b169d47831f041fef3992,1,0.9541331322131341
0.9962781089597949,0.9962090023370107,0.000298878490380379,0.0006461915745000829,0.0,0.013015699572857023,0.9996403338408884,0.5622983574867249,0.0,30a5b02401164c73b3370a6138cbff1b420073bb1d1c7a455a1d8d0657dd1c68,1,0.99438702871013
0.9992942610898754,0.9995595377933497,0.00020514041306070964,0.0005754087622222744,0.0,0.005683513357823856,0.9999389525020389,0.31036272644996643,0.9981900453567505,30d8970fea4c89e71f8aa6acd91ae9fac4da2f2f31a9f1ecbaba595dee01015a,1,0.9973435392193283
0.9941375181713134,0.9942492925144302,0.0030613734581166185,0.005859037415294005,0.0,0.0038987523797531206,0.9999297843787377,0.47575947642326355,0.0,30e53f6c18ac275355e804ed7d1f1b68fdcf4e6a96ea7f6c815aa9ce131903a8,1,0.9940312447203752
0.9858457242720043,0.9856549352366405,0.005582466951578002,0.009934182425940574,0.0,0.020276010036468506,0.9997849149659715,0.8889280557632446,0.0,30eab9052f6afa04e71e3762cc562c3b6edb9c618ec3058e55502045d1a76b5b,1,0.9911933025254381
0.9581371261195769,0.9545736424671325,0.03866729658109822,0.08523540795179486,0.0,0.8348762927785871,0.1738498963471132,0.3616521656513214,0.0,30eb1a7697857d1541eea87e7b308551e1b9145c1920b6e3ed8d9dbfb25873a6,1,0.7813471698114576
0.994875047863405,0.9926150524370813,0.0034232748004275363,0.009907189239061087,0.0,0.018253684043884277,0.9998811237320425,0.6654747128486633,0.9916896224021912,30f1ffd9b0ecfeb448e08555da2f624c0ec75bb8d80c7f3cbfd346d2a91998e9,1,0.9963456704805733
0.9970802122248887,0.9968509642700896,0.0002455847126030763,0.0006405409955964059,0.0,0.0057904720306396484,0.999986033673751,0.9365166425704956,0.0,30fabf50a954c006238cf34dcf71e0563815c5a624b57c662bf77d91605496c1,1,0.993765066805118
0.9951128656267412,0.9947344959836871,0.002038134618166666,0.004812219841929699,0.0,0.014647305011749268,0.999978318977263,0.9335344433784485,0.0,3113cd1b8dcdd745d31b2a540759ba45763285db450072819d450e0060473aed,1,0.9932269152590951
0.9960732132862448,0.9256929216282923,0.16386382513456643,0.4716839920103386,0.0,0.0065863728523254395,0.9996072756034345,0.9035950899124146,0.0,311d2e95205cd8fd60460b5ec56df5ebefba71b71a76696ee34d6f2f5717bdd9,1,0.799043610504443
0.9962132747912176,0.9937847651467783,0.006310491984659461,0.017844038237566417,0.0,0.08311278373001399,0.995478455280712,0.3582875430583954,0.0,312ef95e88eb2a79009b318d7a6ca2802bb531076279332b9f40be9f964a9cd8,1,0.9936747754768052
0.9933838112429959,0.9934966594467555,0.001436668392848026,0.002589238128568261,0.0,0.05831795930862427,0.9968580608551237,0.543976902961731,0.9643638730049133,313421475c3db46ac4644ec04909b0c9b6e64a0cb105fa1fcdea40b028f36f5e,1,0.9964165761914382
0.9868123715611706,0.9573211693462319,0.058198596461033245,0.16300961906628905,0.0,0.06299922560748566,0.997133048909852,0.5183172225952148,0.0,314d267d17d63a05e5643dd9b7b83ac669a0deed68eeb3acee5d7dbfa1be907c,1,0.9726458375952104
0.9955161683962706,0.9932059744626669,0.003912385541248443,0.011610206604992252,0.0,0.005089864600385268,0.999929458208344,0.5641385316848755,0.0,314eeb9440091ec620d22cdbcecb79c49c40776f30b33591a977c486545208c9,1,0.9937963372076529
0.9979840690141615,0.997169466538211,0.0009035380499281553,0.002682538840956261,0.0,0.03329497575759888,0.9989763498919829,0.6317644715309143,0.9632070660591125,3167176143aced2e2ceba970dac1796260c51cd8e2dd64d071cc5cdb86502b0b,1,0.9967370219783149
0.9882308593109883,0.9669580874810333,0.036355718931151866,0.10815997670906739,0.0,0.2942056357445637,0.9332414498379573,0.5653955340385437,0.0,319119fbfb15ef8ced6e9be9237f0b548b75b348c8a44445488fb9946fee0773,1,0.9777911159149765
0.9957746640767295,0.9914056202549649,0.0037773910496480493,0.010124079241260131,0.0,0.012821435928344727,0.9999967305810533,0.9276401400566101,0.0,319bd8693eccdc86678f16b63ef9d7453b8a7677eaec6c6d70623cabe9681ea0,1,0.992794755322822
0.9979052549673995,0.9976598757009075,0.0004898025642934837,0.0013827475031417125,0.0,0.031766533851623535,0.999041232715021,0.6645262837409973,0.985780656337738,31a332a4a492bbadb5fab57c48f2f8c4150df4be650613cbfb782c4d414b1196,1,0.9967871435279021
0.9906921063267766,0.9899589935101237,0.0022485545356058594,0.005439187285365299,0.0,0.06091880798339844,0.9966742618767218,0.6822866201400757,0.9310895204544067,31c69a3b0037895466acdd69a8874a3cb421087e9e9d005fbb086b1fb50175cb,1,0.9958274231300199
0.9979586480842503,0.9951235163991271,0.004581926962517081,0.012407284523181628,0.0,0.008356690406799316,0.999998167304106,0.9583709239959717,0.0,31d2fc2ab21fd469db85cc4bcf2295c4659c2116da590843fe2ed52b00c38f43,1,0.9931256852660576
0.9918536130438685,0.9290062500373725,0.09325268844469999,0.2535246016542556,0.0,0.027717649936676025,0.9994497603476862,0.9148668646812439,0.0,31f4b8eafcfb9fbf4833f7b2b918eb11f2afa4b4009fa9bad422ea2b303d5daa,1,0.9261468238967555
0.9980799510953373,0.9964369571006301,0.0024256747620078484,0.007360117194607052,0.0,0.021751761436462402,0.9996677866950033,0.7871302962303162,0.0,31faa49ecce5e4f0ed56bc404f0cfab0f55ef8dc5f4946aea33166f2a51277f4,1,0.9938141276856249
0.9999893781561093,0.9999610212364044,3.5289946940745333e-05,0.00010915954361444682,0.0,0.025851819664239883,0.9984860363650653,0.49282586574554443,0.9842071533203125,320fa2716cd2c1f68275c72a6c940e4b060e13221400d3775955ad7b43a506a6,1,0.997143339883071
0.9939040097098597,0.991655859123301,0.003775964455947605,0.01011543680877769,0.0,0.07760500907897949,0.9959719137253215,0.48959168791770935,0.9585802555084229,3260955c229a4ef13193f5d3c0c789bad17afc522454773b50f32807c875ce15,1,0.9962094383196745
0.9867331768522014,0.951387632129575,0.041111366837049114,0.11528027116645667,0.0,0.35927116870880127,0.8981176654760499,0.8809547424316406,0.0,3269d4d250013b03a3099e03f55e7b3a91955e7e033c06133052961e53c2d92f,1,0.962509302961025
0.9942952127053326,0.9933251392622254,0.0017891938134099665,0.004268176173365057,0.0,0.04984700679779053,0.9974226879106394,0.7043572664260864,0.957111120223999,328cbd58ac66e5f3093b941fb42ecfbf3f39b14b5db2ef9be8479e335c1ca4ad,1,0.9962316164533738
0.9744276905116367,0.8762339340198714,0.32787838170172917,0.8824084043875642,0.2857142857142857,0.9730741977499415,0.025669989249784034,0.3342611789703369,0.0,32f258311c30f5463794b5e6827d918a74d04b9677c9ede4c8e77a319e65afd5,0,8.111653366835104e-08
0.9917115670071591,0.9890750476975086,0.003530443276963875,0.008596047528239725,0.0,0.15740233659744263,0.9867781761521563,0.6651834845542908,0.9725369215011597,32fcebd6bd782443702cbcd564365f4a1d0675625e0af6049e141cdf09f7c034,1,0.9954769975121213
0.9999934921283771,0.9999910953871816,4.433031441472818e-06,9.545144119081202e-06,0.0,0.7582510709762573,0.19564486545516804,0.5709753036499023,0.9458505511283875,331630c522dccca69421cebb4a93602e0249444610ae9032ab13412f7dfd2f07,1,0.9720390682073973
0.998275719228921,0.9866514178202087,0.010437487230013111,0.02681263159333469,0.0,0.0165708065032959,0.9998730311737349,0.8980843424797058,0.0,331fa7a91d72057a1b8a61cabdcb0e301b2719edf4517bd7e22cd6ee85d317bc,1,0.991648694542738
0.9815949361921243,0.9774962997991692,0.011050324083621601,0.028607914312472338,0.0,0.31026870012283325,0.9256903861923356,0.5514869689941406,0.9727684855461121,332e4a4d4c415d4645acec745ec83ecb4f6143c062b07f111dcc6e8e24d12326,1,0.9920008457716623
0.9917232078216214,0.9849018296931248,0.007749397124350059,0.021721423408849708,0.0,0.11593645064147748,0.9918284659907833,0.668041467666626,0.0,333427fd1375c98c1eaf46b7e6c6dae55a64292ef9a98c28e6a9a70607f697bc,1,0.9913245633188343
0.9921422569361723,0.9927182343617179,0.0018406898233022204,0.0026827819113578455,0.0,0.004852294921875,0.9999825468501821,0.97025066614151,0.0,3336f9152d24127c72544679ad1f9dfb7c04646cf5768ef4282a22efbfb8b855,1,0.9928103486730886
0.9840830037820744,0.9852455963618559,0.004727730101556927,0.00922615441132392,0.0,0.2271495610364708,0.9621568826296254,0.45764395594596863,0.0,3344d6a18399ca149eff06a1acef4514f4d8ef812273b95bc992a2f612b856c6,1,0.9904937855349509
0.9937712248627961,0.9857077076919952,0.010541240236446136,0.03150676792613527,0.0,0.02104175090789795,0.9998054180602453,0.9768161773681641,0.0,33461f25d9ecca313a83440ab311e6d8def717afbaa22356010cdc410e1f7ff3,1,0.9909866503995046
0.9967061816136435,0.9965180109448027,0.0006349133754455535,0.0016644022455257756,0.0,0.022548258304595947,0.9997411811595471,0.7101148366928101,0.994652509689331,33746d9146ca9d9901eb736ef69f726a06fdb45f91e977d8e6558cbc7be000cd,1,0.9966846071577067
0.9970378035677838,0.9962815096945353,0.0009066504510840695,0.0028627421940110587,0.0,0.02062743902206421,0.9997116535418966,0.6896107196807861,0.9831494092941284,338d317f4341ced6860a7036f1af56267bd54515e19ddb7e06e28b5faa729886,1,0.9966776052989104
0.9366975107402449,0.8454546074979019,0.3505259162530214,0.8077650597644122,0.42857142857142855,0.3952176570892334,0.8706673480518581,0.872100830078125,0.0,339458bf12b23b99a49dfa80d090eded0960a5588a1adcc33a6a4411b0a649aa,0,5.166201619898716e-10
0.9998669194162011,0.999900034088503,9.991930579814712e-05,0.00019834324268874353,0.0,0.008152915915001599,0.9997493071352274,0.5543420910835266,0.984289288520813,33a2f1ee6b55f965cfc79fa19c8b8862ef991f7b3a25e1302613d059ee3e7386,1,0.9971156945054714
0.9999999712000376,0.9999999761222487,1.216495970524602e-08,2.5805601478931852e-08,0.0,0.0038048499263823032,0.9999821532465384,0.43712759017944336,0.995336651802063,3424dd0baebe52c01b77d5292106305c99d1bc1d0e99cd4ded660ecf89eef758,1,0.9972684081528148
0.9977822554959657,0.9969255033929924,0.0009456757590106548,0.0024031135914626134,0.0,0.018072545528411865,0.9998470838873488,0.8496146202087402,0.9904989004135132,342c8cd3b03d421acbb01c44bac6c8e4f5ae69904d52e1eedffbc2814edd749f,1,0.9965591492121509
0.9964111743643618,0.9960267398073623,0.0009374858311025118,0.0022229336255545655,0.0,0.004831607916543189,0.9999463884078269,0.628361165523529,0.0,344074788049c422d6f58526fd5d581cc30854e0fe3e46134c606bff90b1bc38,1,0.9942228414478416
0.9976283498098676,0.9979245307000276,0.0010065264872768447,0.002045061869274366,0.0,0.5399337221124743,0.6579441218845287,0.585361123085022,0.9588415026664734,3449e37c3e42a4fcaeda9e566d73f02f818b7c19b2119804438d25466f8527bb,1,0.990505204498322
0.9949445709763105,0.9783415795871957,0.03564333095026754,0.10380114250063432,0.0,0.02474421262741089,0.9995467924231117,0.9692031145095825,0.0,345e52f8c95a2d0e222d074b5db9bf8d96e0d26ec6978103f7821f215e9dd03d,1,0.9850826584702539
0.988411697532308,0.9880374407475838,0.002501629496266564,0.004794150167155161,0.0,0.674539148803168,0.5392735144525493,0.4726865291595459,0.0,347e3015a781b10ed9e658138a8bdc7b7a0aa72268c6c0ab52db8d0f153e85fb,1,0.9715058134692157
0.995570792008608,0.9950687738469574,0.0012912885080196182,0.0034617910189339574,0.0,0.020880162715911865,0.9997863346590771,0.6725237369537354,0.9874472618103027,34847617d81869ba1b9eba80f8a2307b1f24a9778386fd650dc1e5c72f7c600a,1,0.9965810932273117
0.9623685312978008,0.9015838870872992,0.19810589122809813,0.5782382414698441,0.14285714285714285,0.016245603561401367,0.996576410526427,0.5943094491958618,0.9897000789642334,348acb365c4316c17d9abb380b8405e8b1807de3fb373f284e5c02c2281e6248,0,0.008035425997878315
0.9957756414425857,0.9928574235158237,0.004561966554162723,0.013338191137315603,0.0,0.01902252435684204,0.9998829438293111,0.9807674288749695,0.0,34969f47f15830c11440740e3647c81bf314d9d695703eff633f5f71ecbd2647,1,0.9926860630730332
0.9952323644754679,0.990953453145201,0.00406453436700165,0.011785612768145382,0.0,0.05779546499252319,0.9969120711655511,0.8561927676200867,0.0,34a27f5bf1aaf2418599b93acb07cc20cf0d85c04be122c06f07755c8dbd34ef,1,0.9926032597664765
0.9683374363954143,0.9291851683410979,0.07581828218307608,0.22245844749439914,0.0,0.027447104454040527,0.9992953905990449,0.5834619402885437,0.9364416003227234,34a6e870fba910b5f9ddffce8451a73404951b451000b129a2c84b4f8f7c806d,1,0.9647533723354431
0.9993367380866522,0.9994114622762573,0.00013265185412323155,0.00024104845606620048,0.0,0.006287849042325612,0.9999143078023197,0.40193358063697815,0.9965406060218811,34c91a501673ee7c65f1bb9e09ff43b8f7dbd3aa54bb8d57d39956b2b6fea9f9,1,0.9972535562313105
0.992922447718752,0.9915855254500352,0.003043999334083795,0.006850691002993181,0.0,0.040911853313446045,0.9984990796276292,0.6795142292976379,0.9656364917755127,34ce2486bf33a55e4fa415dab8d375bb62612858d4c932f3b314ba8d93a05cfd,1,0.9960900282640243
0.9979555439336525,0.9954950612415111,0.0024936957832543327,0.006046993423183464,0.0,0.0028117075562429216,0.999991214642642,0.5503197908401489,0.0,34daaf1a39bca9bd3285ad53a01dea8b343d360f48827f5947fd5538947c0c58,1,0.9942692343673155
0.9970280363721602,0.9783082884186846,0.02784724472140412,0.08360180541846995,0.0,0.060233235359191895,0.9963539075857785,0.8274688720703125,0.0,3524b9b8f857c78e7ee0e6536001b1171a9e63fb7327da8ba350374a92d1dae2,1,0.9874348732902314
0.996367860944586,0.993774299476431,0.002882370336842471,0.008710740821836888,0.0,0.020817806943804373,0.999364454009286,0.5882754325866699,0.0,3555cf4db22638ff301c9c8b501af58406b5a63442f98ccbbc24d1f9d7b9c29c,1,0.9938753036336015
0.9977511808010994,0.9960542901546316,0.0021402591671881447,0.0047930717526029065,0.0,0.031558334827423096,0.9989212065234433,0.8622758388519287,0.0,355b9842cc56d577d640fa78ccaa5781b6d531254d0450a9b53fe5546c544c9b,1,0.9935568524922461
0.9999836576056703,0.9999763693937511,1.4060383110546175e-05,3.3019482662766597e-05,0.0,0.015264404006302343,0.9995894223686403,0.36444324254989624,0.9969946146011353,35689a619ba150f359dab9def21cd685d46c8241d545e2b8f1573cf7eceebaa0,1,0.9973133905247004
0.9997930989426566,0.999876642059241,7.418445965779209e-05,0.00018616423082799276,0.0,0.032922752200376784,0.9986878845129136,0.4393693208694458,0.9912545084953308,3570dff3680e9e31520ccdbe25efe2ccaca8e34af829f8b4bbf810cf2e1a87ad,1,0.9971843548839032
0.9965089821802744,0.9956532909487618,0.0008058497499917902,0.0022317406573942877,0.0,0.016898930072784424,0.9999319250874457,0.6942281723022461,0.9547913670539856,35869b8bd577b1c25cf55bf712c51d080463561c0dd38e36df18300ac5c7a78c,1,0.9965857638120309
0.9999972307840991,0.9999971057940346,6.380959376907553e-07,1.0466007499380292e-06,0.0,0.029445938766002655,0.9988805187328855,0.507690966129303,0.9965628981590271,358c02cbe35f47be5e0f0a7565781df0c9a72afda940db86bdac1905af3dce28,1,0.9971482152717042
0.9997522910107712,0.9997955540726741,0.00010935513008122219,0.00018957975618105592,0.0,0.018176885321720064,0.9994537224562606,0.41043418645858765,0.9965223670005798,35d44f198edb438ed7aa65c1e0d53d6800cf967da594afcb16623acae8bd4ef4,1,0.9972464070309408
0.989964184475693,0.988268241644522,0.003988544588016267,0.0064624730906493785,0.0,0.09592085326738903,0.9947543556018229,0.5722970962524414,0.0,35e13dcef5d23b0c99c81090e9403f78041197becd38bb934a250a60aa76d256,1,0.9924019519574221
0.9978459052869759,0.9985248329251989,0.0006148053869427065,0.0017162114728927307,0.0,0.11005360888805171,0.9936333015877129,0.5306596159934998,0.988926887512207,35e4f7aded5641004d5a3e949b38a6842c8bf212d5333e08d237f4f29502b0cd,1,0.9967608531022926
0.995641765406439,0.9870427215041967,0.009995285578823395,0.029093984201981497,0.0,0.016567295351928274,0.9994868884475824,0.5752807259559631,0.0,35e99793fcda3e18c7208f26db39b4d20a8e1bd9dfc988352430308a242dfc52,1,0.9924777489382332
0.9959301860438562,0.9952956592490807,0.0013931003005215436,0.003232827998736698,0.0,0.005002319812774658,0.9999465108786003,0.9709479808807373,0.0,362111b214807497de8c54c84b351d84ff206dda92d3a6824f6bdbf564fb98bd,1,0.9933604147918464
0.9973163392218001,0.9918997987790156,0.007163519916339841,0.021243550421689794,0.0,0.006520509719848633,0.9999966965100708,0.9491692781448364,0.0,365f06ca2d5251ed96829ecadf7c0398fbcee64741f801c3eb25baf444ccb2cc,1,0.9925278664967581
0.997125348252579,0.9969763253431344,0.000605325916831162,0.0009863103226208647,0.0,0.030557751655578613,0.9992915617393219,0.9674438834190369,0.0,366bd2c8f27f2862bf8f9042865b6e4474517c0ddf563e7f77b89ab73aeb491a,1,0.9935489149253233
0.9973207093736038,0.9947433379829942,0.0023289237210136677,0.005819772379782512,0.0,0.0028181748927484022,0.9999789909204014,0.4775353670120239,0.0,366f0d1e91f53e019b19b4a279c8fdc6a734e6a53e383018d91464e10ebd261c,1,0.9943404715357362
0.9937461216717101,0.9923312480233655,0.0017748917039632005,0.004463247693714534,0.0,0.015643537044525146,0.9998996040588087,0.6444064378738403,0.9888712167739868,36800caef7613568a4b8e6098e61ae0157ea95e2e2bfa4df853c09b08c51d506,1,0.9964158901508935
0.9876143891761089,0.9370104667273897,0.2530352554083987,0.7392086819639961,0.14285714285714285,0.06500931080801947,0.9974229353567682,0.4954180121421814,0.0,36b58d968c353b253be62a8ddbf38435657225571a1b02d26f2c17f0a2ee8488,0,0.003603922082780277
0.995619408604792,0.9883699719359855,0.006993173570159678,0.01825507432740281,0.0,0.0041280388832092285,0.9999931256632116,0.9478138089179993,0.0,36c280f22c110b94be8329bf5357d766e23636600b8bb45bc79195a29b4ee6ec,1,0.9920530932368339
0.9909279292167691,0.9854508224111245,0.00626253169261686,0.016100048129588096,0.0,0.013113737106323242,0.9998751678336375,0.7177051305770874,0.9208328723907471,36caad7ce5025463f2a3e2fa1696df8c5b2b6d67b6d64ba357b3e9a9240d144d,1,0.995367392107785
0.9998339374493764,0.9998823132687696,7.208558394045433e-05,0.00013496799361018436,0.0,0.9520081281661987,0.018472727613243093,0.4935919940471649,0.9710688591003418,36d0adc968e0e8954b3b30c50a2c9aa6c47bb3eb96103207b7578361d86a510d,1,0.9554606123112085
0.9930700400256433,0.9939437698370795,0.001300022687609147,0.002427767946385417,0.0,0.014032949663340594,0.999589294833958,0.46518558263778687,0.0,3713b8ab0738b1e3eed9d9e563af1b2d353c7a2065cdb1ed85e4312aad958288,1,0.9941224987034909
0.9831838499432105,0.9735981760728095,0.010905072919503626,0.031554700504347236,0.0,0.7427055239615935,0.3641017246826839,0.5153135061264038,0.0,3713f3d6579db21ed28f83724798c18ac5e9d2d5aad2393c5a3878a83697ed33,1,0.9376529790763639
0.9958804502273024,0.9947951259598126,0.001443393569612595,0.004161306009317233,0.0,0.011675279571863189,0.9996872439206556,0.5677680373191833,0.0,37268b89e42d15752dc9a008a36953aa0ae835052508e6c27a34be8751ad5787,1,0.9941488518615361
0.5429341764643939,0.734130620264769,0.2505847600052217,0.3908833414345948,0.2857142857142857,0.8631025776267052,0.664195175108654,0.6282666921615601,0.9433055520057678,3730add4fac3537206a9f52a92eb02b4a1d63d42e1ce5dc0be952d7294396694,0,3.1603957299174145e-09
0.9929245090190932,0.9923968751523622,0.001052719030033768,0.003086606458134522,0.0,0.026589512825012207,0.999471445474687,0.6893416047096252,0.9684433341026306,3759b6c0002e13c9d5084ed051823210c0e830017a66133a82427a60f047e2d4,1,0.9963115502760654
0.9999753357413176,0.9999636577145574,2.5093541842805526e-05,7.191972953628152e-05,0.0,0.01925268210470676,0.9995430380860478,0.3965694308280945,0.9989899396896362,375abd6d99be25c6d1ba8d0ed38f3b72109696f716f76bd571e67728f8853a18,1,0.9972782180090207
0.9876291856066343,0.9861060616663149,0.003028938399956762,0.006361618045371387,0.0,0.04020202159881592,0.9986437164629741,0.5219406485557556,0.956388533115387,377725b103639849e0a2270b0f139f3a1c109110fc1ecdcc1dca0858613fcb0e,1,0.9957996597139991
0.993398072011335,0.9902195613779597,0.0027492344874305613,0.0073449653040624785,0.0,0.1899724006652832,0.9839776468254465,0.838435709476471,0.9463053345680237,378409c5c486a277591fb27f0aa3904b96b068a6d60c418f5ed3ecfc5f3daa5e,1,0.9952141976004822
0.9961357732948477,0.9959693382837155,0.000641315665817188,0.0010631301031676088,0.0,0.005340874195098877,0.9999998486649428,0.8944638967514038,0.0,37891e5ff9bd63aeee17b52f1baeea747d94ab073cc6bac4bbbc51ce3f7a31a8,1,0.9936790252574768
0.6140029871564712,0.7281024840412155,0.2120144947231481,0.3601913840208731,0.14285714285714285,0.8772225379943848,0.061911132095626466,0.624599814414978,0.9747728109359741,379fa657076a5d212f26dd8b1e005ef1065b91470ac00d41c6117732ec05369b,0,1.025632991516979e-06
0.9999953658266606,0.9999942363120409,6.252433242366315e-06,1.6092656396198877e-05,0.0,0.02193434350192547,0.9992997376488401,0.4271793067455292,0.9972498416900635,37a38d4d228484a283c708c600f8fca76414157bf35812ddb6ec9beb1832f2b7,1,0.9972428221584594
0.9977949612705409,0.9967159901190678,0.0012873596644100353,0.0038314926002325222,0.0,0.007649481296539307,0.999992241564734,0.9783908724784851,0.0,37a3b01ddb2e194e7b4a6078788fd0467ff076cc2e5ad87a11da30ca57245ba0,1,0.9935901526970073
0.9999962389099697,0.9999968353334892,2.5814552712263673e-06,3.866565822799292e-06,0.0,0.013345374725759019,0.9996964672758974,0.43010058999061584,0.9973376393318176,37a5e85d2491b107423bd1ddf82b94921e94cf142fcfdf925bc9fb1d90c02656,1,0.9972586720099754
0.9947041855675041,0.9942378358627596,0.000998495782898292,0.0026920018979768034,0.0,0.016004621982574463,0.9999523493972439,0.626788318157196,0.9923043847084045,37fbd56866a0a3035642aa17765d76d61dcaf0740d5b8082bb239c12f7276157,1,0.996609583873725
0.9949087886891591,0.9944762075761696,0.0015695911247108636,0.003878839295115899,0.0,0.003479599952697754,0.9999867950370951,0.9573612809181213,0.0,38271453a3804045e10edca3de54832458f8f8bbe497536e9cdc5842df46ca61,1,0.993246503977682
0.9984466458466198,0.9978387236214274,0.0004376223426009075,0.0014014816084858641,0.0,0.0010958210332312705,0.9999997059332587,0.7024766206741333,0.0,38358ad8090fee9b486ee2fe67f3b5e125ddda1cb3a3034831714917cb73d19b,1,0.9943903338216202
0.9958613821032664,0.9886159310317648,0.011379030289556238,0.034546673689370255,0.0,0.004105567932128906,0.9999999499785613,0.9585412740707397,0.0,3840ac06b5cdf5667c70d831dae9975036c42fe80c2c66317581193e0233570b,1,0.9915279779499749
0.9950070984029579,0.9864204007386983,0.02365780053019464,0.06650835622773255,0.0,0.10837900638580322,0.9913955525339666,0.9496016502380371,0.0,3849aad34a98c1ffe04a72fbab466f7a799700bdfacef0456c5e4c4d0b29117d,1,0.9881658950369622
0.9999817187583889,0.9999824535611602,6.807364655152387e-06,1.0705117657755385e-05,0.0,0.2002508044242859,0.9179283270515138,0.3845488429069519,0.9624610543251038,389bc8cecf71b273e9cf8b72060163a268c01e5f9d0250e4e243b041f0fc0c74,1,0.9962641684682007
0.9977267019345525,0.9976095772962214,0.00030566428659477117,0.0005404178101536816,0.0,0.006294429302215576,0.9999830047492095,0.9646835327148438,0.0,38a6542943080e30a0597cae6035e6d220083727bf1df42ea417378ff638709e,1,0.9937914560912288
0.9931201055643056,0.9924509123170088,0.002599919155091538,0.00622272347960197,0.0,0.11463848501285148,0.9918384557884836,0.6288248896598816,0.0,38aa694f411717c38216b1077a071a7e9c9459d3c252411e08adfa5a79ae00bf,1,0.9929618932850336
0.9999999208333693,0.9999997042008234,4.817375284284846e-07,1.3941702414595603e-06,0.0,0.008732323534786701,0.9999238920885435,0.40455693006515503,0.9903449416160583,38b677dc7d5d12fe6788e25892555ba696262c8e7482966cb6a193e55ca099ec,1,0.9972814638420546
0.9923710773503178,0.9840120687520655,0.011108834679242617,0.028588158617841558,0.0,0.09089072048556274,0.9951314493987804,0.36421194672584534,0.0,38f4f9f446b5eb93f7d3ad4b37ea3b8e319fe39b52effc8e8e8ee96a1ce41b6b,1,0.9918246732143091
0.9816445934793604,0.9309612628533925,0.30541315864727797,0.8944466494788305,0.14285714285714285,0.15615391731262207,0.9791783203922961,0.6509755849838257,0.0,39033641adade5565b32146a413b02e2d6cc5f08d5f187cfb64a2765ae1c091b,0,0.001124953874031411
0.9952475354964118,0.9916860048975202,0.004683244294108724,0.0134976783855012,0.0,0.02501201629638672,0.9995516446278321,0.9779576659202576,0.0,390d3f5edb81f50dac3b35700c5e5f4e475b09a3a8d6794b62f5cbb2cf679119,1,0.9924921998061281
0.9999470006665887,0.999926146500268,4.775608868027131e-05,0.00010827583792171388,0.0,0.084299236536026,0.9953257557682915,0.4424513280391693,0.9905636310577393,393ef216143caa471febd05df339ff91b2a2af59a65eb0e8188a74dc24db1fa4,1,0.997067520936693
0.9915998389999422,0.9860418036968465,0.006652649338037127,0.016576140772908764,0.0,0.1962378918927836,0.9741470615932815,0.6181823015213013,0.0,395d6dac01311fb3fe4100b7ef74e2852689c7cc7a8a6b5ccab1eddae0972df3,1,0.9909033489347743
0.9949574857356144,0.9940168761458307,0.0025964602756326674,0.005674891130904247,0.0,0.00680994987487793,0.9999925771309229,0.8803837299346924,0.0,39703a99affcbfbd529a3766019789ac4d62cf14a9dc407a615f4ead29809a91,1,0.99323837139482
0.9893251530247827,0.9749567486963743,0.015653609859377353,0.03854170384804956,0.0,0.16500914096832275,0.9817690551365793,0.8507652282714844,0.0,3978b071c65e4844d38deb87367b6f7c12fa81f63e7a1d7a2e6f8b3a7d63ca10,1,0.9869120981086211
0.984942341503297,0.9336360177529238,0.08143587051153828,0.2256239634366935,0.0,0.4558364152775337,0.8133536364571156,0.46328240633010864,0.0,398fb82a8c2720854ea30b08f5d5fb9b8452e64cf0450de72a26fcd2b6f14686,1,0.899843428492873
0.9956307941990851,0.9917682328002363,0.0034401217081082556,0.00896911215040852,0.0,0.14593321084976196,0.9851039245161141,0.9566593170166016,0.0,3990d1f67a816b1547632a8f14c02e1bccf6a37b162cb981cfa9891edc08a11b,1,0.9918566608437247
0.9972236125696712,0.9959642430734509,0.0014048709674781513,0.004129462963834757,0.0,0.004747314844277839,0.999934792430134,0.6066704392433167,0.0,39e600e675e15b778cf68c33dfcf031015535fca02c0e6c360f2dec725c3b882,1,0.9942664543360947
0.9904408242259616,0.9360268330174973,0.11845584057411566,0.34406951189138846,0.0,0.15351158380508423,0.9796550870862988,0.705402672290802,0.9928247928619385,39f4ad10a32ed3e80924c5ba1ee09a41298416f5128e3b66afd02de6ce9d830d,1,0.9396113647733466
0.9943009218611917,0.991422619165253,0.0035884521091907756,0.009498607507028651,0.0,0.13543751835803322,0.988432478223401,0.5904862880706787,0.0,3a1641253f275db4c57a13c130e494b33b7003afb3c7fa3373b9e7024a69c2bc,1,0.9927759699859442
0.9959540418160648,0.9912803662124245,0.012284321156356906,0.03465889577566461,0.0,0.008463382720947266,0.9999959249932265,0.9789493083953857,0.0,3a1fbc0278974842bf1fb4033f19b56362fc9e3de06ace7afa85d31aa75795bc,1,0.9915664226298725
0.9822958540828863,0.9757179746410269,0.009599480679395396,0.022106784275764547,0.0,0.8827955722807547,0.11397715220583693,0.4265502989292145,0.0,3a20c0e7b20d182bcbda48474ed3a0b43a32932fccf3c6f2bb49e02732d8258e,1,0.8933428786332732
0.9961185157815367,0.9867679516496098,0.013496182337034495,0.04102224243073738,0.0,0.005455732345581055,0.9999018225733929,0.9575226306915283,0.0,3a2d59092eb910fe67cd8884d51bdc31271616186c6d6ed76dac6f27ab628a99,1,0.9910331482348292
0.9999716199057155,0.9999779707449257,1.5805112624120447e-05,2.5378055272177934e-05,0.0,0.15187615156173706,0.9775521144601482,0.4585570693016052,0.9759917855262756,3a3c96242e067ad9b018d3f668ec384a3582bc1bd5b83da79ec666fd21613af3,1,0.9967696635045066
0.9804422933342727,0.9762644911653179,0.006594075339869963,0.017649461892395024,0.0,0.024099290370941162,0.999411312996745,0.5928069353103638,0.9637962579727173,3a3edbb9a31754d549e0ee77b7d9078721a122c503fb914f1d9b82cf91be4305,1,0.9945565877978372
0.9892237897420081,0.9876603657765509,0.0034671999844630677,0.006816378821000724,0.0,0.06750375032424927,0.9972265639968988,0.7772828340530396,0.924070417881012,3a472c4a2ad2db967786d61513021f928f4f6e33aebe210045f4bb484872e990,1,0.9953504082735266
0.9945343225656013,0.9933662250546984,0.002236209667000095,0.006428411897668296,0.0,0.05965721607208252,0.9970479996863881,0.600310742855072,0.9931042194366455,3a54f438d8ae75010cdefbc0921cbfae23f7c13cca3ef0f630b19abe7eee4fa2,1,0.996402270221486
0.9997823701695461,0.9996256386624324,0.0004946885272138627,0.0013467647855703625,0.0,0.15121279656879816,0.9824278629596125,0.5214769244194031,0.9850322604179382,3a6137fc499aecaee5d70059b71679e6a639467b34989abf70ce9cf974399444,1,0.9967056679893714
0.9922376419426209,0.9887943423072786,0.00542712999382219,0.01581463302161638,0.0,0.024569874567071937,0.9991554440445267,0.54165118932724,0.0,3a6f2787774e3064ac375362f643f6e32b34d4fd188b2de09ba89e31c83a29c9,1,0.9930044880383416
0.9945784086738617,0.9347199925306314,0.19850809528858168,0.5666961901944072,0.14285714285714285,0.01117849349975586,0.9999995120929634,0.9801512956619263,0.0,3a73c734379982b545024e7a2bb08006a72582fa6a3e64c694a558a18e835b0d,0,0.007996995827946963
0.9971580244544108,0.9968222940141891,0.0004728499529310731,0.0013588374911746026,0.0,0.03362107276916504,0.9989805014141238,0.6208562254905701,0.9870007038116455,3a80d183fbbc973e19319a8e6ca61b173863b8cea3540db96c5099e6b084b00c,1,0.99677689269889
0.9961150741117716,0.9955447950454427,0.0006031908365253779,0.001529669907941992,0.0,0.0022928328169606726,0.9999909295141476,0.673300564289093,0.0,3a83316310340c91b61bc3fdb03c2e35d0649a8242b84d3c39c85bf5dd345044,1,0.9941279765796697
0.997959753589251,0.9963367656033145,0.001906650200130521,0.004603773118740051,0.0,0.048677265644073486,0.9975608191621731,0.9421745538711548,0.0,3aa1dab9aebc5315475b24a6997887888ac3e1e5cf50d822db50215811b7f4a1,1,0.9933536249869894
0.9956664726624718,0.9941313721070756,0.0016116888503477094,0.005295361506256091,0.0,0.023741424083709717,0.9996244967679264,0.729457676410675,0.9847641587257385,3aa43995937bd68eaea6f5a75ceb6bd9487b6ad36e454418dead0ab8f2ee3154,1,0.9964490291508685
0.9994595856986056,0.999510117812238,0.0002464518387285626,0.00035566624664415674,0.0,0.01058635950817852,0.9997442255466705,0.39205384254455566,0.9946786165237427,3ab19dc6a3d91c5af62b5346fd0ccfb8ba9cb2d551a1445c274c7df327e898a7,1,0.9972510377396961
0.996657106282813,0.9957566426445107,0.0008882132010206502,0.002478241491418065,0.0,0.022885262966156006,0.9997386816436707,0.7169885039329529,0.9394932985305786,3ab5ca4924332cfb0e2321c2bed600e6718efa0fb68e9c42ef91e692b919d35b,1,0.9965175076563354
0.9916485702573968,0.9912201310337144,0.0011079780320319987,0.001885706761789896,0.0,0.056904733180999756,0.9965803867002057,0.587723970413208,0.9746268391609192,3ad60a90ee3d23088490022b6ccf2849d72aff41e30183a100a0bcfc6ff191ce,1,0.9962398755122092
0.9978760340917725,0.9902091421270817,0.007517855883124486,0.018719627442905784,0.0,0.010881602764129639,0.9999954879265242,0.9732145071029663,0.0,3ad778796364c86187198a07fa644b9cc80da2ef2005ebc76d3286d24316a410,1,0.9922139265388925
0.9940701668579293,0.9843519010528609,0.010189267474842905,0.0259852499494736,0.0,0.28902846574783325,0.9519392860975845,0.9621317386627197,0.0,3ae5535a6017210024a9f88626ad7dc1d504dd87cbc8bbb2560873a4dfcf8cd2,1,0.9878888498250784
0.994630159592601,0.9920301421887092,0.003701893869801895,0.009254986437653538,0.0,0.032757300882457666,0.9989126199062685,0.6374604105949402,0.0,3b05254b89da9e52478c2511bbc0474638784fff5788a48772f2b2a2339232fa,1,0.9933513321514137
0.9980092237445665,0.997675022556978,0.0005178714745184395,0.0014800507001060392,0.0,0.005119204521179199,0.9999994441055244,0.9661813974380493,0.0,3b3ef1633b4278d1d444d8c0a8fb686d98acd6d2f40feec474acc23edead8084,1,0.9937972389766456
0.9974146299264878,0.9968217547980783,0.0011049575446725208,0.0031508830545314837,0.0,0.012331187725067139,0.9999998456778697,0.6362918019294739,0.9997100830078125,3b55246e6759f8e85df46dfff50eb932740012685372c882728663e00176c36a,1,0.996809857633404
0.9939799574023964,0.9896819982346002,0.0056308067209437625,0.014536287724303253,0.0,0.002197874237918214,0.9999904033997419,0.670158326625824,0.0,3b61be73f0e4c67fb492b6ff1c1baef4d294701a1aa50161ff93d1a1cbd65b04,1,0.9929564630902005
0.9887039706277768,0.9728413226491426,0.014858177400529629,0.04420943508799008,0.0,0.062150854613238604,0.9974099865669016,0.4224589169025421,0.0,3b6f7e7702d21cd5b07d5618b361ee3c33cf57bff2b7f30018aac6a26e773cdd,1,0.9897570523276238
0.9923844281458648,0.9904276265453082,0.003108230240132029,0.008776365415500923,0.0,0.572167634963985,0.6633614830547101,0.6521763801574707,0.0,3b9bed3af7bdfdb7a29d76f18213c7c8e9d2857ccda5f334bff424c7944f7e61,1,0.9796125931047149
0.9999635480104733,0.9999680336824818,1.3128432642927184e-05,2.5934898818153836e-05,0.0,0.36639630794525146,0.8587558518402345,0.4184858500957489,0.9596753716468811,3be7ebced6c7e39d72097b16e207b9679c1ab276e760b39040f419ec59247864,1,0.9951824167060203
0.9956512452584931,0.9328627513918597,0.0756172668691516,0.20287131418351478,0.0,0.0347445011138916,0.9987296616601529,0.8674060702323914,0.0,3c19c0757f7cfad6ccb56fb4883e8d9366b4a67975906fcf26ace9ad37b6cfd4,1,0.9490001579942018
0.9955101834894543,0.99533499237074,0.0007657201871871677,0.0016341308305591884,0.0,0.026604652404785156,0.9994049143393784,0.6441242694854736,0.9869187474250793,3c36f8d2b4c1edfabae0c83b5667f58743d88d35693045b1b54a3413a8c69e9c,1,0.9966346536911529
0.988334816244885,0.9938703103384403,0.0027541476594651485,0.008671136211288306,0.0,0.00298155085198637,0.9999669428116907,0.4959312677383423,0.0,3c605f2be0c0b1dbb113601574a7ccaef92e4d428766ca0179e2c9618c82f03b,1,0.9937114440643957
0.9964026493894884,0.9956144147480879,0.0006721252511274944,0.0016616784414241748,0.0,0.014478504657745361,0.9999918632636371,0.582801103591919,0.9811646938323975,3ca4f22b041f3f78d4aff5d60eca1ac9f75ffc24048c3d99074b9a95a748d655,1,0.9967704877471556
0.9842706651183171,0.9657394253567583,0.028224015800376784,0.08640837184863814,0.0,0.06353485584259033,0.996167308783808,0.9435254335403442,0.0,3cb38c3b164b1f3e3abba0b8e30b2f5e4f4701f697e9e01b9449e000707f0300,1,0.982648588526448
0.9999998401916548,0.9999997803953388,1.0931909079785205e-07,1.953701286928771e-07,0.0,0.008959060534834862,0.9998984395270766,0.4642549455165863,0.9936100244522095,3cb67f7b3668a4ae60eb2e9e66ad8301675550391502897c0fc604f8e98377c7,1,0.9972301001502778
0.9004218908170406,0.8903369854908826,0.32653871605757,0.7886577690909896,0.2857142857142857,0.10777495393995196,0.9889559148086562,0.12174912542104721,0.0,3cc4387af1833f50e1ed5d34f89f41d4f2a77ca72f7b09090a8afe32a90046be,0,6.527856589971848e-07
0.9957156906443732,0.9932977236530506,0.0034191623935049716,0.00881259688013293,0.0,0.012464617377618552,0.9997039480249051,0.6175527572631836,0.0,3ccad014ef5b9ba996b68c7a565b6e6217097fd066280043c1dcc64d1d28ecf0,1,0.9937009947539029
0.9927830241588208,0.9857997669486924,0.015357959485224079,0.04445206779258326,0.0,0.032804012298583984,0.9991180663364237,0.5798400044441223,0.9918964505195618,3cd5240e46912d166aac76886f5a7c1807b475ee3bb87bf25810ee803eff0b0f,1,0.9951150335370714
0.995995222252174,0.9889278027725303,0.01056742978465778,0.03224602771720445,0.0,0.007983993738422896,0.9998433375305242,0.5574241876602173,0.0,3cd732348a058171bb83eabd85ce8817f47a5889aa081ee95b0df49e6bd5f6a9,1,0.9927268938702752
0.9959172120551923,0.9962644758454097,0.0015130996602582688,0.0029804803930705056,0.0,0.5547539591338538,0.6784560644946174,0.5384263396263123,0.9960395097732544,3cd9cae3a6a642f475ac7930663c322683353f6da909d20f918fa3c9810c33be,1,0.9907452255313569
0.850887887182406,0.89704267553479,0.11852149544183918,0.2262892196437107,0.0,0.028924545273184776,0.9985060728093884,0.33354878425598145,0.0,3ce73739bd47da41e92b8627e1450ad7b151ff8900314e2e2c23d32ffc3c9634,0,0.5838932024673371
0.992604308451849,0.9884935334773418,0.0032634715747144392,0.00782069211149583,0.0,0.043451011180877686,0.998426005060489,0.6412208676338196,0.9616016745567322,3ce73c8d03296f0b9fcd7a2501b6692b2b4a4bbd230e62e40bd2d9de71e1afe5,1,0.9959431954823893
0.9913423906979618,0.989888918908791,0.0031768494481942467,0.007144143600044672,0.0,0.07652872800827026,0.9949865134385988,0.8337414860725403,0.9592788219451904,3d04fc9dec69e0b37f5d7b780dcf28fd87b9e92fb57defcb1e96f4445c514639,1,0.995560701979304
0.9998771259667403,0.999899026294787,3.333447236140176e-05,6.208511955329877e-05,0.0,0.0040253046900033665,0.9999928690748312,0.3324929177761078,0.9928684234619141,3d15961c89492977cab58c9b37ac4eeedf07236ef918bbd505519c16d892c6de,1,0.9973521703181223
0.9911444497477252,0.9505763137500766,0.08800148536790842,0.25484569662992673,0.0,0.3836256861685581,0.8726182142293938,0.4764803349971771,0.0,3d30d6a55e4a2795550c3e0d4c6e6878814353c9c7049e65497aa3b637397505,1,0.928131616517797
0.9965576673607923,0.9925469884460281,0.004940871448908091,0.01047405745292529,0.0,0.008776187896728516,0.9999999868013535,0.9679485559463501,0.0,3d3184c4b695378ae1c5a24e2612c8a7532bebfdd44ade89f15994495a40be05,1,0.9926849104399085
0.9999994875545443,0.999997821728757,2.387062958215172e-06,6.896471378392011e-06,0.0,0.0032851211726665193,0.9999928587229181,0.5305806994438171,0.999589204788208,3d474a3d9691e3064aaf8cc9dc7e4bf3fbc721936d102fc390058c3236c51222,1,0.9971875011199174
0.9866314034991748,0.9546782177985401,0.045183670506673705,0.1284199243398168,0.0,0.11617504738579881,0.9917988377755499,0.5757543444633484,0.0,3d6cd4b3a50c6c118565471c7bf945eecad50a9040cd0863e995d99cd8b9d20c,1,0.9757548256535681
0.9938993008865865,0.9926708015640962,0.002963560124583032,0.006568332491820983,0.0,0.16717171669006348,0.9829510181110847,0.7193278074264526,0.9955429434776306,3d7c8769ebf12dd3fb7a83bd8c180cc645010cf9d4d298c671188d74fa6de0f9,1,0.9957211647923125
0.9975513533876167,0.9969908069138133,0.0009448126634871894,0.0027593058894925574,0.0,0.002634526696046299,0.999988264895352,0.6479213237762451,0.0,3d8a936203cc0d4be1b448d85e6f46649e9e42f570d14f94134a6f70dacd6325,1,0.9943312190861848
0.9956991349227817,0.994756202791352,0.0023104848964178993,0.0059947415601595555,0.0,0.014202237129211426,0.999970145220729,0.8211483955383301,0.0,3d8f4cc4f090e1c68a3f9a34a7cce8874376699754a3e41c7447c838916436b5,1,0.993496553072249
0.9960363579994772,0.991939276586847,0.004559731207031449,0.010666647605973356,0.0,0.007390320301055908,0.9999962385046804,0.9157045483589172,0.0,3dbaf13a3bca3d5274bc98c019c7556beeb3e35dec4fe0058595728356021159,1,0.9927955600074084
0.9999279370044427,0.99993861079994,5.6472478039374555e-05,0.00012154276178749677,0.0,0.6798411011695171,0.3051202293404844,0.5903152227401733,0.9619945287704468,3dbb4a0e48d191bbb9a0a9cb0cb01e179a7c5d1d5b344f7f5ab8f82684351bc9,1,0.9790144175023511
0.9936852657817069,0.980140997489694,0.033039554481854416,0.09439721440415016,0.0,0.007429659366607666,0.999968731391036,0.948935329914093,0.0,3dc55d22147d0e78cb01984846ecf6b9e268a09aabcdf985cbee9dbdf1f84b5b,1,0.9860885452065467
0.9944075535461335,0.9373481936620457,0.3619108658664928,0.8813539317012936,0.2857142857142857,0.014202415943145752,0.9999919892827708,0.9433783292770386,0.0,3dea4bce2b2f0d395d4b6980e88704e825f88d55b6f73953f00f423e7a11edf9,0,1.2865655815512506e-06
0.9999659220823999,0.9999781342460047,9.950219175526418e-06,3.3321195215261574e-05,0.0,0.45292970538139093,0.7432512926204217,0.4553236961364746,0.9507386088371277,3e0c0aa60c66f89e91e157025ecd9b3457054f4907af8cd2b3b6e5bc0638c9eb,1,0.9933121196293632
0.9897494119621852,0.98803401804208,0.004121064451107518,0.01110069133952935,0.0,0.2392647862430299,0.9480572398328361,0.3047802746295929,0.0,3e0c47b9296ae2d5603686d2b689386fde778733fa6b1da70924558ee454e4c9,1,0.9915668056317107
0.9938716246426985,0.9908055863309626,0.00582990992573423,0.01682163010513427,0.0,0.004438347626358596,0.9999558604006045,0.4858247637748718,0.0,3e124bfd1a00e7ca40da16cfbbd7124ec4f01cbd7dbe733d2d89e72298dc84d4,1,0.9934654413963089
0.9854826628535959,0.970573945117492,0.04516165506828182,0.12499011190504306,0.0,0.0425870418548584,0.9980070371238977,0.7097034454345703,0.0,3e73e494331b7fc13ae57919d97dc734cb500a88a6e8758a0154b6d8d826c938,1,0.980151938626796
0.9922390083556809,0.9901821153518392,0.002697800546710897,0.006500211056286065,0.0,0.15839612483978271,0.9881426724750123,0.6779616475105286,0.9398831129074097,3e762f6282dcf37acc89ff2a38983790ef2587e05443370509ff8992312139c7,1,0.9955344404460089
0.9999966438138873,0.9999855179667917,2.3644880242197514e-05,6.745515573512209e-05,0.0,0.2997128367424011,0.9187017263684819,0.5305219888687134,0.9865151643753052,3e8d1ed3fa1836d450ea412dc2213ff17b2a7e978914ce1a60837902cba733b1,1,0.9958686024369148
0.9999926551695553,0.9999918980868572,3.657893629496301e-06,8.137650171258957e-06,0.0,0.010218092240393162,0.9998500446970254,0.42494791746139526,0.9991737008094788,3ebba0b97e1fa996ccfa1cb4f4cdc7248730bd6a5260cc59089cadd833dc9fa9,1,0.997272758412852
0.9398074288303386,0.8172259610886348,0.15425505581613574,0.3935551468233341,0.0,0.35576866134942975,0.8897080574834185,0.31524279713630676,0.0,3efb4cd6758f4afcdae3358f91f386466234dab0c039bac6a32a7c5097c3ffc2,1,0.31600006447452256
0.9987181846056675,0.9982911361461414,0.0019524122677558567,0.005116900656545961,0.0,0.010980089195038881,0.9998354257409474,0.32558301091194153,0.9967600107192993,3f0394122daef23c944571b208cb984585faaf61263da5530f79ca57e44cc737,1,0.9971732022289708
0.9999303679548995,0.9999214995397774,4.4120342141714514e-05,7.709268421289308e-05,0.0,0.0027637355960902538,0.9999913455275449,0.36832597851753235,0.9950894713401794,3f1b1bef8b20cc4e49d9500d0151a9e39065d775b11471cad204cdfecdd12168,1,0.9973267633197791
0.9995607579721171,0.9996299921381956,0.00019395662363803201,0.00036922603131547973,0.0,0.14599484205245886,0.9790839630253266,0.34281715750694275,0.9811530709266663,3f27aeb4d290537c43608bdda2003fd305d983fbd8848b3c048be21826ba9e20,1,0.9968906648637605
0.9977148126095241,0.9923336441470535,0.00869140268551573,0.02537136893115821,0.0,0.010833442211151123,0.9999906631089507,0.9717931747436523,0.0,3f5dd5ccf27b7e7422cf36be38f2e0943731317db223ab034dfa03c2afb8404a,1,0.9923189500201913
0.9988690780139098,0.9991309487272071,0.00030089429538707695,0.0006911482368384316,0.0,0.0030221908138564624,0.9999686650037581,0.35135307908058167,0.9876026511192322,3f70833bb261b234d072291a47d76f4e8719d3a643bd021cdb8c0821adc1b3e2,1,0.997263037511355
0.996082594715815,0.9950472959151878,0.0018874757601233631,0.005471529524286756,0.0,0.01100301742553711,0.9999997562794436,0.6714497208595276,0.9994456768035889,3f7a0cafe113a30e3472d7404e5de30223e7ab7efa60f10e5b1bbcaaae53d67f,1,0.9966135702026905
0.9924408095356416,0.9894084307174585,0.0022967926515641878,0.006835420189053032,0.0,0.12640440464019775,0.9893882036131979,0.7043073773384094,0.9731481671333313,3fbb22143b2c2a4db75e42ae69b5eed94ca9578fcbc144d2fd76b96bed77e67c,1,0.9956942496469692
0.9951842532868269,0.9940082227539724,0.00158702345122374,0.004387527493102228,0.0,0.07419365644454956,0.9958295020871091,0.7070029973983765,0.9583596587181091,3fc315324b199e1b065360cd9810805754c2312e28a8d9a81e4e97743ca814ff,1,0.9962396699572408
0.9999809256121692,0.9999810845562477,9.679694633572943e-06,1.5157030027477416e-05,0.0,0.6537817120552063,0.527449827602175,0.5484784245491028,0.9852140545845032,3fce9189aa866e1fc826580242e3101e695a7846d30f357c767e9c4a6aee0316,1,0.9876229802990055
0.9999545541890624,0.999958822570359,2.3555243271258678e-05,4.082078397021156e-05,0.0,0.9418607354164124,0.025304230054956765,0.5763330459594727,0.9876127243041992,3fd4a26928820c718227b64bc87968079ab8b95e037b7a60bb4290c8cb02fb9c,1,0.9557237244101977
0.8267046580479209,0.9480539261298764,0.05284027823239071,0.16796153568618719,0.0,0.23071824107319117,0.8923478916716675,0.2469007521867752,0.0,3fe7bb5328bc1093bc5c27645534fd69afa13188ab94a0767e96d08c82de61da,1,0.8615912088123343
0.9760371828317355,0.9711815768183654,0.024728578893341208,0.05583369711424992,0.0,0.735298071813304,0.21928752308359792,0.5502653121948242,0.9726362824440002,3feac528c18ae19a83311dd5bf3ba29c958ebab23d8c3da131e077ba8193a72a,1,0.9301269510748913
0.9999866899728903,0.9999869179244631,2.1696045242818888e-05,5.1939313022747776e-05,0.0,0.6011029481887817,0.5534754016141124,0.5210185050964355,0.9358354806900024,40243a391f1c6ee1a1263e8d8c1b23bde426cd2515b1ec337ae6370a0f2af2b0,1,0.9884843091381074
0.9999947068756827,0.9999830994950905,2.7303115131526524e-05,7.815600749112152e-05,0.0,0.2590496838092804,0.9339403637275375,0.47590067982673645,0.9700694680213928,402678c68de2831831010122a118e6066596558557cc2cd0761a242641a85f14,1,0.99614603134143
0.9982691360795445,0.9979449861557537,0.0006838016711971843,0.0019294252282675561,0.0,0.01098090410232544,0.9999869689992211,0.9669430255889893,0.0,4058d70ca0d35402c3a77383e05301e7b6d6ba3560b7ef07886f5f2fd0182f60,1,0.9937901092786544
0.9948579436017703,0.9944650659418718,0.0013660232186663431,0.0026288742398861142,0.0,0.05744779109954834,0.997176458631988,0.6526959538459778,0.9648404717445374,409f03336355caf2de3158dd4695f6140893c8516c3a68615fd392de8783e595,1,0.9963892833166675
0.9883588217384915,0.986160604645236,0.004724812246600666,0.010550700382564107,0.0,0.37188583612416387,0.8713048117177532,0.4861592650413513,0.0,40df2368334f269653660c792940b78be4f9947416498d49bad1025df3f9fff7,1,0.9878055103139577
0.9946763961213774,0.9965928870111977,0.0014234408313755678,0.004008970789432582,0.0,0.7433866758377423,0.22754819545840507,0.5832077264785767,0.9767082929611206,40f2a697ec726cf927c432b785c404e82fcd1c3036190f170182018e7b232044,1,0.9713759678268876
0.9999970556310498,0.9999966794955227,1.7351950030600893e-06,3.894967011695191e-06,0.0,0.004763785284012556,0.9999828016665733,0.3083931505680084,0.9922531247138977,4103a6e50e84765027f5ef6508cf1e46e3fd23f7ab38527542e796b4327f3cf7,1,0.9973794629415693
0.9956729786463866,0.9935134113921468,0.0021178187176601687,0.005539746418724455,0.0,0.013791751116475981,0.9996775980572694,0.6586644649505615,0.0,410b111659918f1aa415a7ad15bd4bb97e5d13ef9e240b4d74ccd6c4163f62b6,1,0.9937658339471466
0.9749553638143307,0.9736374109906363,0.008614954306733763,0.01583678763213736,0.0,0.9641385674476624,0.00595912876816502,0.8017615079879761,0.9956763386726379,414521ee12990d4d1ec273f8a619c17b72a420757f0bcef7f03f528bd3ef7992,0,0.900369612180131
0.9952134458757914,0.9888622004325134,0.00891246165530226,0.027085882945335586,0.0,0.04077721014613203,0.998584336385193,0.5545739531517029,0.0,419803523451412f3c1b91b87c9043da51da96e51833032725edf891065eebfa,1,0.9926920701806543
0.976237640485107,0.953884350374325,0.2855309980839073,0.818579439159521,0.14285714285714285,0.5822328328507271,0.6512132743974377,0.605490505695343,0.0,419dddfac2b90dc6ad686a6925c7df9b7603c389d47338fc522cb28f289c93f1,0,0.0007172270501778083
0.9325049197905536,0.9491775477365214,0.04148380349501711,0.07360589135780109,0.0,0.1059383898973465,0.9988396343173837,0.6171963214874268,0.9984786510467529,41b29a54c4f188e5ccc4d22f1407aa0adb017057c86ba17b1ff05001ca3094e2,1,0.9752576539926329
0.9972462092700497,0.9953179563778084,0.0024412349797642914,0.00640053287000697,0.0,0.008989930152893066,0.9999986987244859,0.9758346080780029,0.0,41c0798df9990e138a1d5bc45d06fe8d9ec13bf766ea46f900096fd39a7dbbcb,1,0.9933009081991168
0.9859224568133872,0.9077513351078368,0.19138830703683657,0.5664983285767471,0.14285714285714285,0.8817719966173172,0.1393517250698893,0.9246835708618164,0.0,41c20040a93b8892cf6a908e15b2183c73d8bace68ebcfaa400f6c28959c9fe2,0,0.0005285453011997422
0.9790840781066898,0.9805019800167268,0.005194655048366538,0.009876432263586407,0.0,0.205742478253376,0.9699507623214205,0.6724388599395752,0.0,41c5156edebe4da41cae535724a824ddab47b6a76a1443bcc411f82f549bb557,1,0.9888629870404574
0.9933392471428908,0.9906355896874465,0.0022388770270854296,0.006245615565713347,0.0,0.030260026454925537,0.9991837868078339,0.9334489703178406,0.0,41fa57b467330dbe25ac6b427a8eaa432f5d3f42615834eec5248b1eda85ebd8,1,0.9926422896661542
0.9999997493292958,0.9999996959587402,3.2041222529506744e-07,8.025829194559603e-07,0.0,0.03275630250573158,0.9986717053758333,0.37309393286705017,0.9977824687957764,4201d6025d43ed705536bb6ccfa0577e61844923d5223ead66d4e7824c98975f,1,0.9972713988043318
0.9942313755731431,0.9845328642513261,0.012968964975092473,0.04016938286843075,0.0,0.2345908284187317,0.967914218288874,0.9168919920921326,0.0,420bb0d2367670b518a88319a4303607cb20e2ae30ab66ac766a15c806c0ec42,1,0.9885568839463029
0.9847067921383051,0.9484429592098207,0.07332148388092079,0.21494597202923404,0.0,0.07324153184890747,0.9940544924932133,0.570697009563446,0.980148196220398,420f6506589e22068ffe06c3a75be746cc88d3ebd7dec4a51c0029f83cc10dc6,1,0.9768386558715971
0.9655281552744461,0.9765582885367664,0.012365627504787584,0.02380853090461173,0.0,0.5649881358138613,0.6602328937692464,0.37653958797454834,0.0,42132c5ad71357ad99c25482d0f37b143be907200efaaf1e0341536be013db59,1,0.9661188735610924
0.9890318559853846,0.9906520952906372,0.0022728303373357483,0.004759187460266073,0.0,0.005972362091422875,0.9998977293237963,0.3991527855396271,0.9963634014129639,42308e85839e262aa8052ec42817fcaaf8307ba3281a1a8fd82626201a571699,1,0.996479619900645
0.9968999216092884,0.9927142534707674,0.006914397819335942,0.02056264645674484,0.0,0.025812361389397118,0.9990992040057137,0.42579707503318787,0.0,423e960334b8e50fa3c204e04c6b5875b125abcf16d0cb46299d32d8884876c6,1,0.9937233953060395
0.9998335756793143,0.9997154537507108,0.0003029865810414153,0.0008259587032452759,0.0,0.35702604055404663,0.8750325565604935,0.43170464038848877,0.9550768733024597,42538d26ec20cdbf25c32c4fed3b1aa5de0385c295b84c3ba912cbf53e48b670,1,0.9953027035242781
0.9999755636585713,0.9999700087753773,2.5401657259292015e-05,6.359410529273273e-05,0.0,0.34272265434265137,0.9020935177291787,0.44213131070137024,0.9818409085273743,42639e3c5abedaf2b5baa499118bda64d0de78626a6805b9c1d4c6e60ae41f4e,1,0.9957081799274055
0.9981247507287785,0.9958510577983354,0.003005307972013491,0.00860208240764293,0.0,0.006332218647003174,0.9999846180916991,0.9351120591163635,0.0,427d3d589b52342926f5575edac6b8ff352c7f3abb9240b86053a6c9ecd8fb1e,1,0.9934495388584906
0.9940934433011002,0.9350873510371918,0.0863622271747465,0.24925493290733947,0.0,0.020479064412575763,0.9993332603301641,0.36230918765068054,0.0,428045db342f528c8450107752437028ee4ccca4584a5934d9e0fdb90cf4a4bd,1,0.9513605484724703
0.9969269400066391,0.9960937251205523,0.001022368069520205,0.002488632188163753,0.0,0.005976498126983643,0.9999966093536458,0.9711408615112305,0.0,428dbf3f799168974d0ddc9aa848f250663dcf98c304ee28bf47302ea3df22f0,1,0.9935301982512307
0.9855759885948643,0.9585486481277672,0.2845724165640555,0.8192874719266572,0.14285714285714285,0.17188137769699097,0.9854769560321884,0.735249400138855,0.9686571359634399,429db5efa950509cf06e9e46a22d91941e43fcfa51ca4083bbb54bdc82afcf9f,0,0.003938585159014271
0.9964144488038014,0.9943948358029396,0.0028459858551676837,0.008732565734592468,0.0,0.01676344871520996,0.9999000191039286,0.7467311024665833,0.9898450970649719,42c1de776ebf022cdf5d0f0920b4ab7c393d56f3e2f7768283ffca574690f9b9,1,0.9964192554155727
0.9941684783761501,0.9901263506093316,0.0037220918240987674,0.009829119980367285,0.0,0.057442307472229004,0.9969317422365318,0.8048610687255859,0.9446922540664673,42d1ee42c27d1f799ad2046acdfd328c4fad87011c4a85595d1aabc9143eadd7,1,0.9957395971955452
0.9888223630306183,0.9488331691418967,0.05958516875432547,0.1810801921925258,0.0,0.21462589502334595,0.9710676845819632,0.9752123355865479,0.0,42ebc2627e89dd47691aa721cf4b139415593eeff6f9442ee78a65c95fc940de,1,0.9597605616237567
0.6139663359613583,0.6453470948241339,0.19818277130196985,0.5850178988015766,0.42857142857142855,0.5764344334602356,0.3304447809624315,0.6495513916015625,0.9815903902053833,430a78aadc7b38983ac09d150cc8c7d344ee1015431d789d46cd165d7d4891d3,0,2.0393460165698023e-11
0.9888733551778282,0.9829075204097837,0.010835287514809359,0.03131684291405399,0.0,0.9486179947852496,0.038698340950196454,0.4210478961467743,0.0,431395cc6f93b086634e705a6f7f59ad1b0a7abb3ead56848f47e2225555d271,1,0.887316146884878
0.9618405522732142,0.931956266678149,0.04091342311838722,0.1262490961856968,0.0,0.5143207311630249,0.7349336670997262,0.8592124581336975,0.0,431ec1b15398edc3702e2fdd175bb31959556da6d6da14433d7af88f162edc58,1,0.9115543039936586
0.9935092690763396,0.9942785551194236,0.0016658263791959733,0.0031681560357340343,0.0,0.004010144612974205,0.9999601718752188,0.7102009654045105,0.0,433984cd4dbdc6efd9ce48c005dc054c6743d667b6de646e55aae6a2fad0ece9,1,0.9936679826103871
0.9997693436163123,0.9993332822252895,0.0011142671234301744,0.003159003117401584,0.0,0.004697863477964663,0.9999563077898944,0.34615373611450195,0.9923915863037109,433ecf1588da1f723edb0db77d8b3c6df7f45ff10cb815728a01bc2405d0d6a7,1,0.99726584497243
0.9980949227045437,0.997053458826669,0.0010658165594211878,0.0026393200829522012,0.0,0.02410680055618286,0.9996979860517606,0.9689306020736694,0.0,435f3ef79d0e941bdedd5521489274d143c0d60ac0d334a24fa8a5c38902c93a,1,0.9935983962097986
0.9992986294164051,0.9992215687971784,0.0005692497383651868,0.0013908981888094301,0.0,0.003959584042444569,0.9999595766073084,0.33420515060424805,0.9885851740837097,43871ebe875ed95873d42c7e24ab37722e18fcb9f89a34eeafe52544c5d97640,1,0.9972802397333377
0.9942753745709401,0.9924422549121533,0.0014471986787579065,0.004564668992070642,0.0,0.11073631048202515,0.9933336013181031,0.5919203162193298,0.9465793371200562,43ac92c787cf0002d4652f386b32c60606941d1e3049beb120af1db663577ebf,1,0.9961541453244925
0.995210809192515,0.9930539617582044,0.004248402547306827,0.012507851778323698,0.0,0.01989912986755371,0.9997608211631224,0.5883535146713257,0.9694939851760864,43b8318c18bfc71552c0ceb8346e857f2b89384646e8427aa146cce67e8b6f77,1,0.9963725860974272
0.9668368306578613,0.9747275560177722,0.01197730633290321,0.025106255968973402,0.0,0.7334681690793703,0.4263556478836639,0.2438587099313736,0.0,43ee8eb5f1b1937aabb99c8ea7ff505dd42cfd62e7b103711c52da95c8c75386,1,0.9409604879771806
0.9835728766192989,0.7500376412527938,0.27393012841312664,0.7861282897800403,0.2857142857142857,0.07245081663131714,0.9952228016421338,0.9210458993911743,0.0,4407e9b7ab980c20cf09fdc9b5f2d9d02dc60e2288884d037168eacc6a0a8290,0,6.209071381077757e-07
0.9969706976073123,0.9942109338810964,0.003997664915929449,0.011074847379106008,0.0,0.004812418948068317,0.9999409117902331,0.6297545433044434,0.0,443462f78d487e7f9361de8ff30cef7dab22919bb966b47bd576df9fccbc42c1,1,0.9938039471100908
0.9439119322185504,0.9452278225136438,0.04688638761850934,0.09728100480724795,0.0,0.8457176911457509,0.17459636030199743,0.2012592852115631,0.0,44380dcb0e18766bfd0f679a426217afde29e981099f6b9e5e88641baeb4dc90,1,0.7116972882288511
0.9894476238273741,0.9837246938113058,0.0062835073234495595,0.012609235163352318,0.0,0.07904069869469472,0.9963923554961557,0.5667960047721863,0.0,443ac99f2cabbe15460335127ca3586809151bc7e3900a1cb2a0f092c9c70798,1,0.9917200058133027
0.999800629829061,0.9998280376164123,9.474284992804843e-05,0.00018129871774575943,0.0,0.26055699586868286,0.9391837895220114,0.359706848859787,0.9624627232551575,4450e33423d376661d7c51b4399fb20efd35ffb0160dc2783090c2f4670aa9ba,1,0.9962994064737686
0.9999822770666369,0.9999829940113962,8.757992037192466e-06,1.5350320599503055e-05,0.0,0.011107474565505981,0.9996819742056119,0.45867690443992615,0.9952477812767029,446742aaff93c2b9f5466f89f5372b79e09a61e000b4dcef620d51af27976b18,1,0.9972312248987438
0.9947789712785825,0.9922978730652279,0.0026945964098054015,0.007779790788346433,0.0,0.048333913087535145,0.9983544353468239,0.6365095973014832,0.0,446b951f94d6ceb9d0f8b1ca5a16bf338fa70dec431eedda544ca107b02dc0fc,1,0.9934411192452064
0.9965220021610672,0.9956691331772151,0.0011787171784855242,0.003606094065187415,0.0,0.02207404375076294,0.9997052706258871,0.646808385848999,0.990603506565094,4480b8da9a607f152513bed08528a9aaa68092a422bceb6bf2fbd7ff2b211f86,1,0.9966796123489717
0.9855702062749334,0.9664573924903703,0.042476612025118696,0.1221352927418784,0.0,0.024583935737609863,0.9993876362352313,0.5832931995391846,0.9680337905883789,4499365c5404f6f5f65aca8d0ed9bbcfac4f4073dfbc661a2550808c36d46dc9,1,0.9893289103424435
0.9943321700860426,0.9934259747159496,0.002124219727879388,0.005294455916593055,0.0,0.00400155782699585,0.9999957122579494,0.9619872570037842,0.0,449bf7db03aa25c4c71b5634e31a7a2ea3f0560c8eba0f96c36f13b5f8cad5fe,1,0.9930373673511983
0.994405345291634,0.9910360216842248,0.007091374500671183,0.02022045314303378,0.0,0.007115364074707031,0.9999616980803997,0.9566364288330078,0.0,44cbe0f2cc59d3c2ac07828f58fc7e799f5d5b89e6b388a9496c44e9d5099899,1,0.9922085333582444
0.9910535651200665,0.9912261470399679,0.0013555013784020712,0.002854830737302416,0.0,0.060804784297943115,0.9966855854491764,0.654088020324707,0.9588441252708435,44d1be4785807543ecf4eee875f5a3e37d447fd09f3dfb52b2c1750546f1e454,1,0.9960730893817855
0.9713379694229484,0.9735935180980249,0.33218147624560235,0.9473788702525631,0.14285714285714285,0.6846134061596978,0.5297854130944362,0.4170823097229004,0.0,44e577dcdafcf82bda5c31db763a6c2aee3f59144a118709fbd10c1fb0b5d9cc,0,0.00030204668069923996
0.9915343968967111,0.9919232362680956,0.0016123066978123589,0.0038335531421827508,0.0,0.02529967202066962,0.9992327547074541,0.6530535221099854,0.0,44fbe46a1abc69ace1a7e9876b1a2c944ccd2eceba0ff6613efb173c03a3bca8,1,0.9933942105304866
0.9974889834077827,0.9704492198315505,0.021618984070140585,0.04960337842236584,0.0,0.03707045316696167,0.9986979552210514,0.9786587953567505,0.0,45024c474ebc6b078962a0b08b944bec47f82f8c75200cad1c2616fbf5702a41,1,0.9866963445372332
0.9193900855541883,0.8961737622327932,0.40320409572210775,0.8843393023176889,0.42857142857142855,0.9911461403631847,0.016866150592528762,0.5519567728042603,0.0,4503a30b196536530a98268da9d405b6bd4de69ca83dc6fb2f447006399950e0,0,3.358944013065031e-11
0.999965385129015,0.9998965538101567,0.00010274427524504761,0.0002803910516119949,0.0,0.03352751210287433,0.9984757373481614,0.6211074590682983,0.992119312286377,4526fe56bd9da4d0ede2b36ddc69f6a824fa31ccfecb11461666e1f59b6e9e5e,1,0.9970069005273074
0.9855396707826548,0.9874181920833058,0.002493599675620347,0.005865723902542265,0.0,0.5727437138557182,0.681039095955428,0.5589582920074463,0.0,453a0a12b12fa6fcadb9af5e35ab425c81c3dbb3090af35948d7629175b738c3,1,0.979109040281257
0.9945226701314926,0.9929645043242699,0.0035590000144920244,0.010121770602661787,0.0,0.01587081141766106,0.9995736841997933,0.5709585547447205,0.0,454dc9a4e1c0068583fcd577fa544992abba6f0247a852f375b71bc9469ca035,1,0.993685204466278
0.9524686498556587,0.9270853021105323,0.07300883509617309,0.20268041116623525,0.0,0.013077199459075928,0.9993913806272493,0.6198300719261169,0.9766029715538025,4570ce68610e2795a6e0a8c72f53806983ceb251f5a73b406929c125782f44cd,1,0.9599189697826169
0.8539966582366341,0.8655952522355115,0.114876433999316,0.17017057149609238,0.0,0.003396451473236084,0.9984559366770723,0.863137423992157,0.0,4584b4f2f17b9e01d696904f1820ac909c47640f133e5066e87d74748f3823db,1,0.4401469072638898
0.9509183825960464,0.9364732834834787,0.0453382695572461,0.09505119021641695,0.0,0.0744355320930481,0.995392992183075,0.8020109534263611,0.0,45c4adb13b5464e2b1dc9af97e89e75a19640d34474452a72facc18ee2f89b57,1,0.9528165778778214
0.8580738694815633,0.8081921934443856,0.10832319980124482,0.21777217950231875,0.0,0.24904263019561768,0.5140402383555763,0.5694237351417542,0.9860784411430359,45c98330fd5eccdbb8fe878dedb7e571eacf719238a73be4cbf9149bc1126ea4,1,0.2244636925458481
0.9975496160226204,0.9926357646229478,0.005237071807504286,0.01576529503752794,0.0,0.008451958186328296,0.9997668306519367,0.40367943048477173,0.0,461988ab362e7bd79a1e487a9b72ff38985b3d8b658ebc693f0c439b38ad55c6,1,0.9940530954477658
0.9929053140420299,0.9747824195171011,0.016664249085796393,0.04709131224404591,0.0,0.1319235712276396,0.9883008812902085,0.5175198316574097,0.0,462b8dfbb2f86b8a61913fdb5ea707ce4e371b9b5a43cdbb535530ff40936e20,1,0.9890176734796855
0.9943584237799834,0.9924399549526387,0.0020233973190617116,0.004510692569671293,0.0,0.048219919204711914,0.9978514860533281,0.5512779355049133,0.9640083909034729,462ca237d5c21fe060091e786fb6fa67e99284a8f5c66507c20abb51789525f1,1,0.9963891127382389
0.9975490169423746,0.991075240131362,0.008107707595402988,0.02360815246165293,0.0,0.03587549924850464,0.998392767465084,0.8036028742790222,0.0,46318cba3ad6d6ca0662f3c26c1874a520b95c8267364c9866e57fe28a095a45,1,0.9925390090745603
0.9980350989523417,0.9970981311402837,0.0012425593069084258,0.0036135441765171583,0.0,0.005762577056884766,0.9999904082850408,0.9467567205429077,0.0,4635179dd5a7e66ff1c35604dc2c1e319acdb8bbacec8465adc99d9e394bb373,1,0.9937155176066911
0.9978772316859387,0.9951243609876465,0.0033697682946361774,0.009827830725735565,0.0,0.010396420955657959,0.9999997377753956,0.949552595615387,0.0,46486564e19986a3f7325725d80387dc43451f7b0866b499dfe6507ae7996c3f,1,0.9932837894521442
0.9999999432779776,0.9999999140542235,3.49195726665878e-08,1.0279435006628728e-07,0.0,0.0319087989628315,0.9981874039346419,0.5147198438644409,0.9962594509124756,46556d3030e72651b1ff8dca71872dfafb2fa8e6764121e6659189f32680107a,1,0.9971319816534412
0.9975903135421934,0.9963055983057328,0.000867000078934944,0.002431146078534968,0.0,0.0033163842744037457,0.9999736944095626,0.6108166575431824,0.0,465ffdc37685e339dda42884b0ce440f770fbabe9c35c477e9f51f21ebca8d42,1,0.9943584783526767
0.9999369731457864,0.9999547289210469,2.0521947620232028e-05,4.458829014118876e-05,0.0,0.04040937498101811,0.9984566546662214,0.46504756808280945,0.9915127158164978,466a6b043eacfeeedb0c57fbccb164323bc6f1b2fbd02d19bc67c23bacc6893a,1,0.9971536256412273
0.9937590943759445,0.9908721271269333,0.0072445870698228205,0.020604029597983242,0.0,0.01506727933883667,0.9999637918045349,0.6442242860794067,0.9946390986442566,467e10e85fa9c529d2def488bc69ec9549dab39fc4da4a3ad530fafd77f3554c,1,0.9960144432219765
0.9959086299240899,0.9945081143188931,0.0019599077016459357,0.005552611340947866,0.0,0.03992801904678345,0.9985889747657273,0.7453005909919739,0.9388696551322937,468d4a858604b39353c2f6bd6940e180b7e8485eb2ca26cd9459a79c52daf156,1,0.9962830274224531
0.9961699621773056,0.9942725406901421,0.0018503480548464212,0.004486056054795351,0.0,0.0388948917388916,0.9986682368130738,0.6877555251121521,0.947100818157196,46a0ab473993c26c73e09e1cd260253438bc2090d6356cbd9f967d052225302d,1,0.9963747363778417
0.9960874174051843,0.9951769772066482,0.0013579558091362106,0.003541710465011838,0.0,0.06653672456741333,0.9958454604941043,0.7923331260681152,0.9757510423660278,46b23486937d0937c787a1e042e738b87e758c4579f39bfe366dbc5e25033929,1,0.9962886898238438
0.9948309229231249,0.9936990842862709,0.0016701055325550787,0.004828380462062677,0.0,0.006909702430649635,0.9998725193092799,0.49431246519088745,0.0,46c53d655024b24b61aa833ebbb4c7fd100ba28c1b7acda465e7cdbf28e7bc00,1,0.9941543760087043
0.9955398688107205,0.9954580680364746,0.0006136293694678425,0.0009566489606638306,0.0,0.05740934610366821,0.996832372847935,0.6222949624061584,0.978422224521637,46ccfc71101ab1755c015aeeb69380593b69389a89b35b78924f3c164a486de6,1,0.9965673017985757
0.9706404285026864,0.9670471237837585,0.014708368447671944,0.03646533964334364,0.0,0.4717046004199541,0.7930486715048746,0.5532875061035156,0.0,47015810057b5c170c71caeffdfc0913a4cb39b9da37bbeabfac705fc7f91a5a,1,0.9718913036727562
0.9960546921726021,0.9947991742907647,0.0012046500393720046,0.003285980143309334,0.0,0.018934637308008106,0.9993802981772218,0.6313961744308472,0.0,470941c6daed74a2378184f1d9157d5fe38ed68789d0cbd73f676e084fbac429,1,0.9940192172554019
0.9999837644920622,0.9999404462712432,0.00011386998482823488,0.00032167961871702353,0.0,0.04243989661335945,0.9976106371580854,0.39193710684776306,0.9909416437149048,4715c1959870a8fd5bc134c8694fcd1de76672dbc729f480af4c16235759c87b,1,0.9972104368967503
0.9690627602361745,0.9385039894409163,0.09932024722891755,0.2724447610071348,0.0,0.47062757261821275,0.804311312464725,0.2716858685016632,0.0,4739d292912030a55957e64f9b4d03ccca0310a47aa2890bc00ae865d7182d31,1,0.8619435914215696
0.9966826855789291,0.9971269761334641,0.0021700228701225224,0.003702678859127635,0.0,0.024684352408747806,0.9991266476443178,0.3550771474838257,0.997196614742279,4742f0cda9e4e8acf3e12e1a58775949d2a8e4d867d603efea12b6d667f5d0c0,1,0.9969900657201257
0.9954149220355012,0.9942664391639037,0.001645411123664416,0.0048577750974571066,0.0,0.03182399272918701,0.999211190610894,0.586972177028656,0.9746778011322021,4752230c74a16608eb082475c1759988d58eca759c059301ac2aaa70b22fab12,1,0.996568288298722
0.99620327836256,0.9946474936465367,0.003127514991983776,0.008780702198985746,0.0,0.012033164501190186,0.9999996626082366,0.9403252601623535,0.0,475295a7fabc93943e82bcf7f36863f10790ddbdd6717de9a03307984d1f64bc,1,0.9931727008231862
0.9847655150139284,0.9807071779616201,0.009044161408201629,0.02274160793488636,0.0,0.4214088320660852,0.836873118862293,0.5793865919113159,0.0,475c72105939fc75282ce8161c6f3c29fee78d758eb369b66099c5ab1b2754ef,1,0.9833000881752415
0.9999999574533295,0.9999998520804585,2.268436295683672e-07,6.541668905463159e-07,0.0,0.005738209467381239,0.9998942124576062,0.3902381658554077,0.989161491394043,476508ad69ea19678206eff7fcc6fb59ee2a626bd2e1756e7bb9f17f01cbc42b,1,0.9972981328957904
0.9999815978869615,0.9999833618006021,1.593038723176812e-05,3.417734819824553e-05,0.0,0.011759292334318161,0.9997238766542694,0.4336544871330261,0.9779263138771057,477e51a4f0b7038edaafea72ddc1c4c5f16d08bffec338c3c40586d9ff056d5e,1,0.9972255754082446
0.9951234924162339,0.9935369579571273,0.0019195397145173388,0.005660230272737432,0.0,0.02726215124130249,0.999389058825323,0.6884698867797852,0.9779525399208069,478a8aff51d4c38328dc9a118effd806c0605b2b98fe06e6c91d886241c66ac9,1,0.9964064727047595
0.9985050499678324,0.9976116277242278,0.0014631361242392381,0.0044421256244790985,0.0,0.02786421775817871,0.9991334399393755,0.9562557339668274,0.0,47a2740b3e37a63c87a6d66fb4ccc44f036438cfa9b9b9507f98fb074b0d6a9c,1,0.9936387546290516
0.998060101193029,0.9959615555466416,0.0024492797452412896,0.005801701338647769,0.0,0.011602938175201416,0.9999998385684037,0.9609842300415039,0.0,47b068a765471b9444d85afa94bbc3670da0e9910e16e1525d2c3cf46c0f22c4,1,0.9934185439164027
0.9838931053623433,0.9826044452485518,0.0035166925624737205,0.007172134309306966,0.0,0.26176774501800537,0.9497506204365989,0.7635044455528259,0.9456248879432678,47c2aa0e238974df32612becd96820baef144c4de23f5af4bd8a5a9ceb8eae1b,1,0.9935232506743645
0.9972332162563158,0.9923223041029708,0.007276328585598421,0.02171694186071589,0.0,0.017853578552558685,0.999550387239789,0.5878961086273193,0.0,47c4ef43c6ea936e27700eb4d505977211e896cad7ebe3a4a8c66fa6123a5973,1,0.9933570376174201
0.9955146939949143,0.995312139530341,0.0016928689107720508,0.0040232881056150305,0.0,0.007403552532196045,0.9999833778755118,0.950413703918457,0.0,47c82ea55c482d695e43b9df51480d72978ad42be12cde48b8c7c6da110b059f,1,0.9933378113748245
0.9978029742616257,0.9965736551467528,0.0017629130341003428,0.005385774450112235,0.0,0.014729022979736328,0.9999935599895445,0.9665428400039673,0.0,47d3d624821b29f37d67dbd30e9db566e561e3c5c51c8833725b6e0d02c6d536,1,0.9935255366421045
0.9999650500343309,0.9999675246606495,1.8474207827208425e-05,3.644143608351602e-05,0.0,0.5839031338691711,0.6787824937134708,0.6244547367095947,0.9908499717712402,47edd751c184bb60a13eb41af3a93fa39c5a06e0b181b991d8b1aa0c351c5145,1,0.9913042380214246
0.9807815340355561,0.9833006321170037,0.012418723766623707,0.02637166814468883,0.0,0.01584535837173462,0.9998626810516346,0.9721059203147888,0.0,47fb36cb25caa7c0bd70eb92fcad5cb8c665154cd02bf108ba2be1fa152f40c1,1,0.98898030363183
0.9990202811308044,0.9992816347179447,0.0004547032449302285,0.000742080653992013,0.0,0.5492233633995002,0.6614597448557537,0.4860071539878845,0.9753509759902954,4801e7e4e2253c5227e37f9acd816a90a0080ee098af0a8f82aea248cc289535,1,0.9912798942239817
0.9955825989164029,0.9811432919008577,0.024729227958332118,0.07282434078607858,0.0,0.007556259632110596,0.9999853048738162,0.9862431883811951,0.0,480da7d2fd96cc9f69c9ea009104cce27beded7cd4d52d1adc81b3dc3fcc7e79,1,0.9881666876280281
0.992931463049253,0.9913198669532554,0.006464862120120751,0.017014173035934332,0.0,0.27756303548812866,0.9540231703397216,0.6010634899139404,0.9720795750617981,4829f2bc57be8be0dc4ccd98633256a47667935e17cd261b362971016f93b2e1,1,0.9947996950398299
0.9967344985102938,0.9947661476403254,0.0021741162195487614,0.0063164783726158465,0.0,0.003835791023360016,0.9999673897145425,0.6393214464187622,0.0,483d0b67be1cfabfc8594d3bec15c57c9fcc7ed93142c3ccd72d35363694e575,1,0.9940118913304817
0.9942568497644809,0.9933167704358189,0.002216062855058162,0.004397438864516712,0.0,0.009019613265991211,0.9999969762584564,0.9384770393371582,0.0,484138eb96c3af97dace3cfcf490825b955da46b05744362e7209331b0dd5394,1,0.9930269692708676
0.9982096923596098,0.9965793005370495,0.0016167152005090296,0.003980415303271312,0.0,0.017798244953155518,0.9998102656768653,0.8908087611198425,0.0,485469c3f88b598cf33367071ff0af5dd16fdeefdf2cbafe1794ff85da4892c6,1,0.9937016671175866
0.9950004964002177,0.9922026350435722,0.0061715855781252875,0.017490920989057357,0.0,0.015256404876708984,0.9999712895420007,0.979698896408081,0.0,4862f7bcc758a1925fad6d4068e091915d54fdca19beee819bce6945e63da165,1,0.9923823300970682
0.9963530773908583,0.995558725665748,0.0015615856925619183,0.004210378804344935,0.0,0.007454914971441813,0.999864442511574,0.5494440197944641,0.0,486d26116ed46181d95097df70494c11062287e8d117e6b362352606f3697afd,1,0.9942708042210532
0.9905660239210018,0.9861782376607795,0.008951920496374837,0.02601277444969219,0.0,0.03479534387588501,0.9989866881825813,0.6949093341827393,0.967535674571991,487ebe53a9d685aabaef4dd3c7f75e2d075bee861fc5d22b7d4dcc875b21af68,1,0.995292403979615
0.9931245360805577,0.990549523617875,0.0038939797758492743,0.01157999359253703,0.0,0.46766287088394165,0.8258854237309494,0.907814085483551,0.0,48baad63182a58bcfe0ea24a2b41f4caefd860e8e6d3e7ee6a2e2f9fbb366ca2,1,0.985353009250209
0.9926020449168617,0.9898573548403841,0.006534941255950767,0.01798204396320141,0.0,0.00873766559655691,0.9997501981697037,0.458920955657959,0.0,48c8c9fd85ca27530d60669af593447a8f6759f199fabd3df3b0ced6fb9fcd60,1,0.9932533644780743
0.9960491864637167,0.9938020681249353,0.002215165195481127,0.005829523569091499,0.0,0.15769976377487183,0.9859130757405186,0.5985168218612671,0.9760655760765076,48cd39aa9e668d58c383c64c425cfa6156bd4b91c5153f9ac8e84b72c3c5abc3,1,0.9961017236348508
0.9954812932964209,0.9929298350363792,0.0030182974837062873,0.00899731266284931,0.0,0.02825063467025757,0.9994714349521242,0.7150552272796631,0.9393832087516785,48e3e2d24c6ae900eb28e5ee28a944f34fecb37e9e414e35483ea2cee0dd8ccc,1,0.9962043299136683
0.9884019549831563,0.9700976008992542,0.3021830135626678,0.8662932562562551,0.14285714285714285,0.1280321478843689,0.9904411715410508,0.8948136568069458,0.0,490dfa32a38f9e4d4772e862f8c4ba541a9d996cf3fb792d2afa74e2d89afb6b,0,0.0019343771897227418
0.9999999374784254,0.9999991512409417,1.730331321217128e-06,5.00155874833624e-06,0.0,0.1668005734682083,0.9627784729040312,0.4094197452068329,0.9843970537185669,491ced086261d8cf996aea74aa948058ccf67d20b3a105e57946bad843e958fc,1,0.9967048970378966
0.9909000930333416,0.9803480896793848,0.01007391658188014,0.02612316873056467,0.0,0.14529360830595947,0.9855939794541013,0.6700653433799744,0.0,491f318a218f9e5ebae0be20ead509de251152a0cf9f0f9191d97561c56d4480,1,0.9899838538394174
0.9864915907407859,0.9802449890376954,0.015221872415661454,0.042460201338517224,0.0,0.014419749239853452,0.9995306933378116,0.5020942687988281,0.0,497ef425934b86db2eb17f375f2d2c4bc3e411d9088dd9a204685a1e0b4122e9,1,0.9904608343968927
0.9597922841749543,0.9758735761437445,0.013126680015166823,0.029411998826284924,0.0,0.3656503757297713,0.8814306061399433,0.2562722861766815,0.0,4983cd8f8271b9191c349a3a361c46b84915bf8868ea231c06719ad33d74ac00,1,0.9809959265480436
0.990898449483149,0.9376829272098066,0.3688537495139782,0.9344766213364909,0.2857142857142857,0.24262028932565388,0.9563607860705746,0.48457685112953186,0.0,49993639e46369df12adf33c8c192c61b36c4f11fee8c5985f89e254c3cef8f2,0,1.089874305946991e-06
0.9847511914708824,0.983434660678827,0.007682264503320847,0.018444889005760867,0.0,0.42074859140884746,0.8413106013317139,0.5240222811698914,0.0,49b714c6f73a8a1490d540bcb8dc43e32f797a0b0156344e24a862b654072517,1,0.984663616567082
0.9835649772015628,0.9579714002381472,0.024438623007886393,0.06310072452867296,0.0,0.9085204005238439,0.07697890533938241,0.4960801303386688,0.0,49cb9e0a7a638536c7e17a7f105e75a190c6684e740f63bbaccf8c0588e303b2,1,0.8220529250413967
0.9684674902813158,0.9319393959983332,0.3055305138933708,0.8833460199437192,0.14285714285714285,0.8926789686083794,0.1039842055572405,0.9566819071769714,0.0,49cff4222426e57d6c43ff2852808c838042ddee5e8646397c653b8f33aad673,0,7.848831787686617e-05
0.9999636867584318,0.9999206666328945,9.51388861139002e-05,0.00026341610814675423,0.0,0.5333288311958313,0.6761694125996128,0.5469604134559631,0.9557221531867981,49d4fb4aacf7c3a301c409ccb5e347457536adba1993dec2f0bc71b67858063b,1,0.9915777884517434
0.9712269882337182,0.9472600535106112,0.03748269796433905,0.08053282279135536,0.0,0.19525049086524504,0.9733355971833791,0.6995754837989807,0.0,49e5c5776c1fcb92660739e2f0a56f58cbdc3a44f42b538bdfdd67a906dbd9c2,1,0.9674648544003527
0.9961660560882842,0.9954716170671057,0.0007931249543165834,0.0024697440193313103,0.0,0.01772785186767578,0.9998880368648386,0.6708068251609802,0.9973382949829102,49f45aac230843a9ff3772869515ee2fac04b38c02bd9d079efeb66f927aa540,1,0.9966782987479529
0.989308364365266,0.9134003103385531,0.4131020456505204,0.9472165401813768,0.42857142857142855,0.137387186288289,0.9874122266432321,0.46936145424842834,0.0,49fee893736017215457f2ed46e8ff9fd4d5cb57c80e3b77197bb755f751b2ce,0,1.1410381074862253e-09
0.9475914751217831,0.8183447707880551,0.21460321805949722,0.5658691894044183,0.14285714285714285,0.08675926923751831,0.9930486824795067,0.9774635434150696,0.0,4a09c60837f1c32d9631986f089a852e264e0c1ad1c52f7ce756eb07c54b837d,0,0.0007407053943198928
0.9719329046754239,0.9436834791629737,0.07497693668415475,0.21107487922165116,0.0,0.10450339637458228,0.9930950513191013,0.4326511323451996,0.0,4a6523e2bfcb70a33a76c06568c6b9e09e4fb007955f9478fdee9d8716840de7,1,0.9508604471210538
0.9982322669327903,0.9935307690157972,0.005609044951196935,0.014795627365428388,0.0,0.005256175994873047,0.9999996786445202,0.9720727801322937,0.0,4a6c9379a4b1709b8598498b598b8ece9b4cbff4c2396b6b302c3fe61411de54,1,0.9928524027836767
0.9955332534181215,0.9947470592199188,0.0011695953280880364,0.0028715109003039085,0.0,0.04766201972961426,0.9978556826908003,0.7644346952438354,0.9825759530067444,4a73d0456a97d779402821de7c483cb316700461a986daf06421c56e1ac5f8df,1,0.9963720165746759
0.999987560517565,0.9999887612367732,6.915793755696981e-06,1.20861348885843e-05,0.0,0.017699610441923076,0.999375185288132,0.42239928245544434,0.9979358911514282,4a8419fb196ead58b1f9b11aef8122b7ac884c55c25c8318c656a5c922fbb9bc,1,0.9972562048451556
0.9656239872817928,0.9713628821782415,0.01786578924243691,0.032338574479243584,0.0,0.07218170448868477,0.9973076622505896,0.47011837363243103,0.9981756806373596,4a84c27e9fdb0df8d37f9affc62ae19bb6c0c2c8216dc42d29f10f0a4e1d7337,1,0.9918430457911788
0.9979052283448018,0.9972824834222963,0.0013316564068710927,0.0032974214621013243,0.0,0.014525055885314941,0.9999502721705479,0.9421387314796448,0.0,4a91bdf922b2f20e993c48251c356fc600d27cd3af7ad741d4b7b13df780ce6c,1,0.9936780763278334
0.9879602868049027,0.9725696718630888,0.016355597456120818,0.03821662537098869,0.0,0.23287147283554077,0.9694844314959522,0.9735697507858276,0.0,4a93922071e4de0277a92ca5fb0ebb80cb1d9aca795075acfdbdece5cff88c9c,1,0.9844423328545833
0.9955901346460782,0.9907348496786411,0.011199874287525962,0.03210069896123391,0.0,0.0771591067314148,0.9952538076474433,0.9801256060600281,0.0,4a9eb2b21a764b90c6baa7f484ff8d5eaf54aefb868e2a16ff8d8d0a70f7a168,1,0.9911574310100429
0.996477941420417,0.9924790283995735,0.005673338635498292,0.017347301071915178,0.0,0.0038034915924072266,0.9999997498395407,0.9448252320289612,0.0,4aaaaae926a6db3921bee9861b1fdb111ec4f3eb97c7c2f9288a49c2bf705ba4,1,0.9927399754146711
0.9997770673319527,0.9986220596744613,0.002789385273772483,0.00798283874833871,0.0,0.007259344184114409,0.9998492396920375,0.5796811580657959,0.9891850352287292,4ab1aa60780862e0c58151557e21e55a3cb16480ec03a31a9833c185a2865e59,1,0.9969138692145313
0.9885773633000432,0.9817294093737113,0.007467239893761213,0.019019698897217552,0.0,0.1464332938194275,0.990829722919958,0.7677770853042603,0.9198196530342102,4ab350e1c8f604e768086b089003f72782f907a394b3da2a0de94d2d4e4d5b5e,1,0.9942403685163024
0.965135388791473,0.971912259597922,0.018003094005168013,0.028419108789700588,0.0,0.8839265680646411,0.1181119046095499,0.47031664848327637,0.0,4ad5df5fab17c582bbe094534d05569115791334e41e0f17670dd49a9f04dfc3,1,0.848967246908824
0.9962030873356084,0.973912405910672,0.31352742372593234,0.9065264694736238,0.14285714285714285,0.24942156672477617,0.9537568444168102,0.5778763294219971,0.0,4ae04a868bbba35a6b0c6a0b29a23c3e4df2a9c0dcdfcf013bd6578c42868d1c,0,0.0017395824497130168
0.9838053181919554,0.9735371634275474,0.011868307712925526,0.028486587688959175,0.0,0.02563023567199707,0.9989057019635054,0.860163688659668,0.0,4b0414941885252568152e28b98f4e354d6b78552b6986aa4490b4f3682a9296,1,0.9884159152131609
0.9986089444425039,0.9896112491578107,0.013546365946844937,0.041105277663280315,0.0,0.03594309091567993,0.9985607535203375,0.7793885469436646,0.0,4b127d101a774d6c93dff4e32dc3631b6cc3e5f32e253c5bd28c362b52d79b07,1,0.9918547626666059
0.9975986991853537,0.9982024616560567,0.0007550521499008908,0.001729554899837092,0.0,0.2069453150028157,0.9725219581381067,0.3600368797779083,0.9858741760253906,4b195c6bff52d566c7c27dd9fbb10aa392eb1c61404ed2feefd1cc4d12d18ead,1,0.9965461331096326
0.9813913366914672,0.8933502574378791,0.1394350804991983,0.4162273680083011,0.0,0.9463856220229249,0.04151433287168694,0.5600632429122925,0.0,4b1ca4028166c529574ce8ae65a7451e60247008d2b04ffc3a4ab56fd9860be1,1,0.20575963662036048
0.9978395931996277,0.9899565459644716,0.011466583171084968,0.031449829806080576,0.0,0.012504398822784424,0.9999986924728458,0.960640549659729,0.0,4b228e8cf79dfb0aba601a464ea72a1b2205cee60f98409933e6f79ccaad4f25,1,0.9917010600810394
0.9962984836831072,0.9950901091020486,0.0013090252646310676,0.003937497090344078,0.0,0.06980091333389282,0.9953924635878895,0.6161613464355469,0.9806021451950073,4b49039bac1d1c579d062f9616f23d64d5abe3adc302f983d637918de1989d67,1,0.9965143845841604
0.9907392069923042,0.9879499205217028,0.0052605069688324195,0.012374515683768444,0.0,0.06738463044083833,0.9971348181491066,0.6925929188728333,0.0,4b5ba48a5219e4d3fd9d846fb925f29688db21f3bb9788ae01417b24265ad8d9,1,0.9921695677254798
0.9401665272814063,0.8794505332634308,0.06426258438763519,0.20009971990264952,0.0,0.3980914354324341,0.8600251237640929,0.6914438009262085,0.0,4b5badf5052b3bcb61e98744ee834853bbfc11aaf8c5a037a1e24a7e7af05758,1,0.8145729908422018
0.9894309430587396,0.9752133415198634,0.01751776073600183,0.050494829463768265,0.0,0.008235931396484375,0.9999509013973253,0.9743558764457703,0.0,4b5bca5151949971fc4d9663b809177c72b8fcf52069db5c5634aa45051b1b67,1,0.988022752057912
0.993686960315884,0.9911072605215194,0.004572521133013374,0.009631206333223896,0.0,0.09923350811004639,0.9933528269909894,0.727624237537384,0.9808398485183716,4b5e8e920ce6d01f13351c4722bde48b2424e7b6c902cf5a43bb63950f12d10d,1,0.9957385816752676
0.991501307063924,0.9886646979735667,0.00523567602190561,0.01417605353920992,0.0,0.04235351085662842,0.9984127726478832,0.6317398548126221,0.9646491408348083,4b76c007f797be014d22532e36660b997066937551cc8e7f62aceb1f81e06723,1,0.995801933982605
0.9932128113222236,0.9923554915188957,0.0027745521182045447,0.005148557608901125,0.0,0.37154728174206436,0.884633224245137,0.6397324204444885,0.0,4b79680a924582b9c73614909b74c881e1aaff9dd8622a85f0a1b2fcc9f4171d,1,0.9893409916742296
0.8989886292730966,0.8695052662069813,0.2698107121082629,0.7800757541853041,0.14285714285714285,0.042452216148376465,0.9822989864426929,0.6031171679496765,0.939231812953949,4b7e4e1186b1c8b697dcc611cc711788167fc724e0d4a187380729fc6ea48ebc,0,0.0007970882452640114
0.9953438715911582,0.9948214850903201,0.0013243392115871995,0.0035833619470565627,0.0,0.0084065636528909,0.9998574403318968,0.6996605396270752,0.0,4b87b154c5ce2a05d224d6ac3f1951b5a000772f327e5b5ebed5f12c81f0033f,1,0.9938757425818096
0.9777092366979857,0.9792638815781535,0.010230737822396507,0.021822684869446867,0.0,0.131800044211559,0.9928897375041578,0.5104898810386658,0.990048348903656,4b8ac1e0c94b326b0587179b37a9e86866669800ca8966a6fed9dabd3b0c066b,1,0.9939560367838075
0.9967461631694072,0.9943687557220539,0.0019035726721026431,0.006109607698045916,0.0,0.018078505992889404,0.9999156035018392,0.9743155241012573,0.0,4bc8f0b67bde06565575eaecafca17f0d61642978c956e6145c60cbd01381ac2,1,0.9932281342470428
0.9999876903124406,0.9999733444477937,3.57489408840775e-05,0.0001009145449277265,0.0,0.04583801701664924,0.9974826098859614,0.38215145468711853,0.9988176822662354,4bd336910f7d60b5d037ee1fc8384f879e5ca5470103f507b0281a5576e4274d,1,0.9972304230598721
0.9912394318147094,0.977300877147216,0.010420264610301617,0.03137985917124386,0.0,0.013214409351348877,0.9999740763546534,0.8209372162818909,0.0,4c059427ab732dc20162170a32027eae392289e28e42babdf4316f106cb78465,1,0.9903315853378227
0.9948298139543603,0.9940556033266257,0.0018857304884603125,0.00364419562134691,0.0,0.012187856246961051,0.9996789774958597,0.5198767185211182,0.0,4c0abd5362f8140eb5ea47852c53eb27fe136e76761ce481e8e29f2a6c03b01d,1,0.994062263119207
0.9635308621816616,0.8291204854403045,0.25132883755638186,0.5869054356816147,0.2857142857142857,0.8991357087388023,0.10208993489488742,0.28619569540023804,0.0,4c22311789c5ae2c6b732c71cc87572cf0df35929d4edb70e7f0d55e089a952a,0,1.5635882469272107e-07
0.9999126327099997,0.9999417473132796,2.180780833368122e-05,6.079158326854181e-05,0.0,0.05075659975408738,0.9976711647603208,0.30115026235580444,0.988193154335022,4c32bbc141fbe64745fbde95d663f7cd12f141e18efb0b81b79ba28266395987,1,0.9972791508877449
0.9977040174350124,0.9949888872654737,0.0038217028759743106,0.00886111650088417,0.0,0.02606123685836792,0.9995314203016525,0.955918550491333,0.0,4c376131b32266706f4a628695de18449f799a27f619d9e2207ab9c20ad2e1a0,1,0.9930827390228325
0.9944711230958297,0.9922804469960002,0.00334193720244115,0.009838905214745619,0.0,0.008066952228546143,0.9999921049641095,0.9763255715370178,0.0,4c5076b8c5e7f548aa2a827fdca6b303620285fec3d50465bdc9a4772fc25517,1,0.9927587956948699
0.8603529563544055,0.9165518027547218,0.08829874908310902,0.13851860372058,0.0,0.010260224342346191,0.578283605277568,0.5428382158279419,0.0,4c71ca73bf6142b9f3a0d0c4e1cd83502d4edb2ba6e48123865161cf5ca2cfcd,1,0.5513308337114045
0.9942535637251377,0.9758307992854279,0.0387539654976991,0.11289782692965866,0.0,0.0726432204246521,0.9956965043636712,0.9717511534690857,0.0,4c96daff62e0878b8c37a486be76caea875166776552633e66faf01b331613da,1,0.9830000658689871
0.9902710264825437,0.9081573753141277,0.1358043104811173,0.3886675296807425,0.0,0.09383076429367065,0.9935347081752741,0.6490412950515747,0.0,4c9ea506e6ad0e704f570844a3a5ac684f2c42119d07dcc44e2896e1360e2636,1,0.8299346768732555
0.9867751023988361,0.9874369534506748,0.003563885989580387,0.005780495307993859,0.0,0.8600482344626543,0.14540213487068648,0.4399416744709015,0.0,4ca32e506b5abc0d722192c5dff3d38fe4332add4c924b5c2ea5f72f66933d47,1,0.9243737357175221
0.9920945064533281,0.9917569410190122,0.0018341150075430314,0.0035307640088532155,0.0,0.01704782247543335,0.9998882831427987,0.7077910900115967,0.9939759969711304,4cb5c402a062bc529bd09409efa2656779f4cb6a07d96db02f05318949fde3bc,1,0.9962474179252471
0.9961037321768651,0.9951754938986762,0.0013544286722987344,0.003974897395951249,0.0,0.020815014839172363,0.9998604694439797,0.6537168025970459,0.9621390700340271,4cbd6fbc2dfb86f063fdbf65045e363cd4ce950946f754c71f3cee6a375f47c5,1,0.996573827348465
0.9948185324089406,0.988870090513991,0.00838735110247953,0.025859605082291903,0.0,0.020977556705474854,0.9998761604150005,0.9714083075523376,0.0,4cbe959fc62be6409ac58756e64c8bb74c520940ab9b84ab44f1499a5127991d,1,0.9917598840904515
0.9615601229206175,0.929270490569086,0.26436500136841756,0.7621938056383856,0.14285714285714285,0.8494735950937305,0.15341389141689854,0.5998234748840332,0.0,4cd45fbbbbdb8ac2a085f2ff3208a2261bad33054ceabd7898b35bfa474dad90,0,0.00018405404732357253
0.9968204926207215,0.9952823979591681,0.002443937530316223,0.006959556580898188,0.0,0.004943264182124454,0.999948290783516,0.6431164741516113,0.0,4ce6291098447974839e56b27e679578d7c66e9cb50cfc85a6376dc24d9e8aa6,1,0.9940150426737812
0.9978708451189846,0.9971781123022557,0.0009682173477532075,0.002672540050668748,0.0,0.008905470371246338,0.9999926835708891,0.7652968764305115,0.9922289848327637,4d0504cd2176d9e004e6ccfac0f562e066e6389e5bafaa5fbfd4aa38c3e422ca,1,0.996695502380863
0.9937529439944699,0.99059688481013,0.004043314357798946,0.0112420227772,0.0,0.023476209491141813,0.9992120781914443,0.5585890412330627,0.0,4d236aad050a1b7b3a869cb41f652d097144dc908be6ec0810015d2448ee0f05,1,0.9933748494917439
0.9958756909633183,0.9957398067356464,0.0006036875043799076,0.0013549206331020525,0.0,0.025186538696289062,0.9995204193454628,0.6692018508911133,0.9862557053565979,4d2cf53c3dac45872790c815a8c11f3af0e7510a6ee83d8d13b8724fe3be20c5,1,0.9966481703501558
0.997071438627325,0.9897768472658832,0.011719257295466355,0.031800749131385087,0.0,0.004413962364196777,0.9999976487244164,0.9733481407165527,0.0,4d4c2c84b76f4da9c2b4b768718aaa42d0772ca50437602d6272105ab22f00d8,1,0.9915884068135778
0.999991004828102,0.9999631462965289,5.3459078150838026e-05,0.00015846786069850655,0.0,0.006518891546875204,0.9998174803787063,0.36470723152160645,0.9941659569740295,4d4ec934ffe3ce56ceccf50d7802930c19c14487f7c51fedd4acef28304634c4,1,0.9973237475810417
0.9811304253699733,0.9755057205899857,0.0086376375854213,0.01643916018485625,0.0,0.09906148910522461,0.9929079299251062,0.6149984002113342,0.9401296377182007,4d6173324581d046803513ccf60c8f39663f6f426a57ab2ebc9f1b76d466fd5b,1,0.9937470127048472
0.9973881497460672,0.9943306504810837,0.004656873458421801,0.01268297801231999,0.0,0.012678086757659912,0.9999741958142645,0.9603869915008545,0.0,4d6ea76360ccc8f7c49196832ab12a1ffce7c8b5c76a699fc386a6fcb5a6bff7,1,0.9929850236154019
0.979695280661503,0.9773623061665384,0.006862381001448078,0.01607304059717868,0.0,0.6967980861499207,0.45375614125355884,0.5750376582145691,0.0,4d91c90b4912c856ad682cb448409e833a815cf69fb7285382b811c18646fa35,1,0.9523109750155333
0.9954801315553363,0.9863712128038602,0.009116477478620323,0.023729803804164562,0.0,0.1224297285079956,0.9901990708017754,0.908621072769165,0.0,4dbd24d3bbee5714accbb2a5e9aba701602d3e46677a3e3e0e9d99233e9e4ea8,1,0.9907612921817186
0.9964279044998001,0.9851816845638568,0.010401229620740462,0.026425283073300943,0.0,0.028025686740875244,0.9993906409098368,0.9656772017478943,0.0,4dd21161fa304fe2aecf7c4caf56d39018a62ec25f14c24aa06334b6e3043d91,1,0.9910634158052943
0.9999744612054214,0.9999588417760449,3.939434906334007e-05,0.00010734465287106764,0.0,0.5542846918106079,0.6760205385650044,0.555952250957489,0.9405311346054077,4dd23a9a32e307b115373194947bc4947a33d9764ee10f02b66d66434e63924d,1,0.9913679524481183
0.9950732374578634,0.9860886393724664,0.009023115847949428,0.02263293454686588,0.0,0.012386798858642578,0.9999999775766191,0.9781883955001831,0.0,4def78b6f3f006151163dfd86ba5e18d39b27a6d5ad7c9a3e8cd72741836a4f5,1,0.9913271417638947
0.7473329338528583,0.7656164469505127,0.20838637392391798,0.5133574973161796,0.14285714285714285,0.1162252426147461,0.7111380265071441,0.5959718823432922,0.9905269145965576,4e09ccdcdd5ec6758a7c0f59e32966d7d2069c2f66e243e03b0e5110e5ad88d8,0,6.293756086304407e-05
0.9955704259866943,0.9936955698916085,0.0022763580817671716,0.005545974108908821,0.0,0.1516442000865875,0.9834842356935223,0.5845755934715271,0.0,4e1cad5a05ea7868cdd1b0b9c87144e35a2688f93e6662bef2c1820cb11f70cb,1,0.9930809392532395
0.9960113337451559,0.9955386222116253,0.0010100993632275064,0.0026737837432072586,0.0,0.016934752464294434,0.9999309623934253,0.6524267196655273,0.9965935349464417,4e4d44384ff3c8ae452e59ce004a228453ba4c5139f018f4fe7d43390e48fdd7,1,0.9966826358424808
0.8977415892697309,0.9495288157892547,0.04587287148621731,0.09484782270070913,0.0,0.027415812015533447,0.9989396500334603,0.8357877135276794,0.0,4e4f20068245609c73cefea1c8585b2164cdf08a9f21ab52931166102aa479fc,1,0.9363173014864651
0.9855322962267465,0.9813146473215568,0.008414024651812716,0.015918044223902195,0.0,0.25593405961990356,0.9607642700642322,0.6375593543052673,0.9733286499977112,4e612f15e5158790ccb75e8cdad2de9aa26833b985aa6e924159cac421122e14,1,0.9934699208146126
0.9456316070733027,0.937950152561658,0.3857110961332975,0.8896452196668199,0.2857142857142857,0.8760030940175056,0.11161236357580442,0.9514387249946594,0.0,4e7e0dc9e492434199aab7a28d53029bbc31b0715f64fc17f2eaaa41b73561b2,0,3.799605657112581e-08
0.9827273805036193,0.9762472303563815,0.0036176162847505475,0.011009030331150749,0.0,0.06077617406845093,0.9958601226477821,0.6206427216529846,0.9777925610542297,4e83a4b9c89f2795c161f1946238e1882eb3bbbb970c186a7ec1d3dc6b087f45,1,0.9947802706839954
0.997152977060121,0.9951776502042334,0.0034744599696276035,0.007507622807711445,0.0,0.010747969150543213,0.9999983707461257,0.9796598553657532,0.0,4e8572c45d485b091f4b4a82acff5d60199c1f083e1beab56f1061e0c65c4718,1,0.9931204804246438
0.9960761546793403,0.9968533617342616,0.0010508108187595397,0.0020652128852460244,0.0,0.6786697481837223,0.3023840817126996,0.4784713089466095,0.9429952502250671,4e9a23768e81b8e9c0899877513cbc20b9755a8f988d4c128618bf4059c91283,1,0.9774611405928217
0.9965478200787677,0.995573952508772,0.001287287558724465,0.0031746970243431427,0.0,0.04384803771972656,0.9982013223588877,0.6968971490859985,0.9378445148468018,4eb0038faf168c7125a4f7bb3e8afaf4d5b09cae8bbb7d1c01dbf12c30530ff3,1,0.9964380183793466
0.9812028130368227,0.9837667079956309,0.010615299253506792,0.01974509422252259,0.0,0.0881524529403924,0.995239063861423,0.5602338910102844,0.0,4ebfd383cc3665d36911124e8c9430a9a9fbd4da440ad64ca82937308d1025e3,1,0.9902149359446464
0.9917260443207186,0.9188375650625481,0.241282567463282,0.6978712482237689,0.14285714285714285,0.010797736149812505,0.9997035125274414,0.509578287601471,0.0,4ec8400ab93a6036b6d3895cd043bc65de13d30d4a86d8f739e50f6298a6ebdf,0,0.0036883605779675687
0.9940946731852721,0.9939503666747597,0.0013555126384243831,0.003130812801140718,0.0,0.0069742689108094336,0.9998680126096573,0.5502422451972961,0.0,4eca240b8ae1ee0daaa447a63cd73a6f8594795ac09e356ffd132f005ddc3e25,1,0.9940409805668832
0.9881231939568382,0.988805565023818,0.0020186259734922144,0.0037130042792996344,0.0,0.013479682324354592,0.9996846518006102,0.5872993469238281,0.0,4eccb81dac1810471538e439cc6d28723b23666f3397160e702bf380f76c40fb,1,0.993053573297423
0.9999872454018409,0.9999729332612249,3.420544496719103e-05,9.617229082483397e-05,0.0,0.014993600547313685,0.9996382035794279,0.35030779242515564,0.9942435026168823,4ed9857f2f6ee6727784c58c60e45ed3262ecb6ae9bd4ffc0a17231463641624,1,0.9973219103455403
0.9824548169033538,0.9757360164795045,0.008892866177095034,0.01957939329214553,0.0,0.4483141303062439,0.7830401256919102,0.7339156866073608,0.9836277365684509,4eecda1ca30c50bc11e5e5c960957028170ce20c132e018298d5e3aa45ef3c0a,1,0.9875484499270952
0.999783401241978,0.9997290803960738,0.0002134219044558086,0.0005193395611715245,0.0,0.007202719803896146,0.9999075375943421,0.2989933490753174,0.9987963438034058,4f0a9ebd25a66b5092d7ed484a604a447189214978126a47c0b53da100b19262,1,0.9973689880623003
0.9951611028892886,0.9950255779002685,0.000689625167330996,0.0011174413247361592,0.0,0.009531538001575371,0.9998252995765632,0.5682728886604309,0.0,4f160bf2ec2d2d620f65091884f0b23ce09aaa0287a2589afbfe793f07b4afab,1,0.994198872970031
0.9969141872052424,0.9962953993537944,0.0005600204006651593,0.0014678578667856293,0.0,0.002774223451656228,0.999986608954616,0.5800435543060303,0.0,4f1ce08bd243f784e1947b1de683ba6e53dc3d009d0185b93d14ecd89fb20362,1,0.9944113958408972
0.9976331901014973,0.9947666352644096,0.0031082698189069907,0.007478772977386881,0.0,0.02215307392179912,0.9994158736573443,0.6654903292655945,0.0,4f1e08b940f45fa2be130e0950683d884026b0650844888d2b8227e2a36448d8,1,0.9938112656243793
0.9808228881319225,0.9697320814801981,0.025033922768029147,0.06701462496244093,0.0,0.10316729545593262,0.9910907435490064,0.7410966753959656,0.0,4f2389437f8b9d6271ea4be2fa835816a3ec56860fb3e24ec23e60e4d026e412,1,0.9840023560918224
0.9999776177487628,0.9999713489780272,2.7208724041871693e-05,5.8332921123431046e-05,0.0,0.006782285869121249,0.999940834110443,0.31579285860061646,0.9952201843261719,4f2a96b59015777f9d220ea2f60b23c52870723e49863fc52f82adfdccc702a5,1,0.9973710133762173
0.9944631803982176,0.9930342362046153,0.002041975322916563,0.005219825315537663,0.0,0.046234726905822754,0.9981381698828822,0.7613880634307861,0.9872053861618042,4f3676461cd0ccdb1e4cd0fa9ac7844e0dc912627f5ccc54d44c07325254a0f8,1,0.9962169694533378
0.99718180023961,0.9956972764780351,0.001950830919436671,0.006096676450969059,0.0,0.013812599703669135,0.9996212911777945,0.5666782259941101,0.0,4f5874d46fed5bfd3c4535350232070848c8956daf7e8013d22d8aee4d1df628,1,0.9942362899186683
0.9980186093395561,0.9960390107098382,0.0034682749836909537,0.010426576738523097,0.0,0.00919497013092041,1.0000000131256674,0.8495512008666992,0.0,4f6a3d55750f5b154a0f2878ec67182c78bac87dc7ff8bb88c4fc086f4106f90,1,0.9935919622008531
0.9999999883603071,0.999999933327711,1.1153608647227558e-07,3.2107304933267896e-07,0.0,0.04392063245177269,0.9981636530832194,0.5493646860122681,0.997606098651886,4f73987002c4d26d8357e8592f54b5b2b9c837c4fe2ad857c02a400aa73ebc4e,1,0.9970765388457714
0.997013692791384,0.9811781081778935,0.017467155286332792,0.04836009207189336,0.0,0.06674743443726193,0.9971566814146692,0.6360633373260498,0.0,4f82957bf91e18a4e1be9cf1638a55cab356ff6945671927238403bcbffa77e9,1,0.9903240245219731
0.7895757150430565,0.7718299147982727,0.2797109259481345,0.6378390995056218,0.42857142857142855,0.01597629487514496,0.9773819102302322,0.5422857999801636,0.0,4f852f3da088d9f1bc26dc605ad623e592a0cca04eef19aba1c68a2e585c02de,0,3.2588353021118947e-10
0.9980911662882678,0.9977729001848527,0.0005750309749540974,0.0016540542278485892,0.0,0.017319917678833008,0.9999258977194848,0.6179183125495911,0.9978418946266174,4f937c1bba0a52d6967a2deb60df7eb85cd70bc14390f863f7d7b8944571d430,1,0.9969020026836203
0.9999965397363777,0.999993701831584,5.873972311566947e-06,1.620374111791235e-05,0.0,0.8772565722465515,0.0513956684039151,0.5172685384750366,0.9594479203224182,4fa721186be027fc83a69b4d0b4e7c553ac4c151df9eee711cb9b54d8fc3e465,1,0.9599870813874792
0.9666508023574326,0.9662941259085623,0.025756833391934932,0.04988179770201901,0.0,0.977909078123048,0.0200133755300738,0.663669764995575,0.9732460975646973,4fac11e0529c0394adbe3043042ee318bfbd0e6879d8b82514106db071ce1b21,1,0.8532585214580765
0.9975030261055557,0.9968546578741736,0.0010536859486966173,0.002954675055323208,0.0,0.01847076416015625,0.9999035835421353,0.6178617477416992,0.9990164041519165,4fc325b11bdb42fbab1237fbdf53129375056a9a700019452a3463e71b21fcec,1,0.9968213134204214
0.9661613006430527,0.9322304352029346,0.3773532251117898,0.919588136740711,0.2857142857142857,0.564310900898874,0.665486492903436,0.3275279104709625,0.0,4fc8e2ad793ebe13323b3312f940d22db169fcc59a97e479200f25993ced51ed,0,2.867232969248362e-07
0.9693450023082765,0.8426962358158726,0.20438865366401934,0.5339377565041102,0.14285714285714285,0.7412056922912598,0.4197679407256638,0.9780902862548828,0.0,4fc970c46158b21a580518a194aa81b3c65db9c680d9cf421e3ac776e91ff3b9,0,0.00026886673462816395
0.991708440307854,0.984631561087883,0.011597688795931576,0.029706544342474387,0.0,0.1863321512680134,0.9752847116174959,0.4869837164878845,0.0,4fe478770a90ae77221a57a0240eb2c5ac135e189d51733a7d5612e242049f1c,1,0.9904486865432096
0.9976671377067768,0.9974150200928484,0.000548536212934747,0.0013811423751965979,0.0,0.006774008274078369,0.9999968498669947,0.9745902419090271,0.0,4ffa57f23d356d59a89a82ee7146b32b4af5bea7e21e1349b9f328ab057a36af,1,0.9937258917018789
0.9935557967815946,0.9927687795040308,0.0012380301295224036,0.0033431839339487235,0.0,0.022593915462493896,0.9997282085472848,0.652136504650116,0.9973344206809998,500c2739d7334ba0379e0714951c84ecd8d7345dd77a2df44672d3975d32d742,1,0.9964555138115816
0.9948360603890221,0.9866467223914872,0.011306463903489859,0.034346319162258054,0.0,0.2747156620025635,0.9549884495003129,0.9561154246330261,0.0,5021d7de4edcf592cd5a2a369db7353d855aaa49c2bda372cbdd27608a8dd375,1,0.9884443617730123
0.9999920151308987,0.9999919441079229,4.447429647781055e-06,8.770109371625582e-06,0.0,0.41417786478996277,0.8586292208880261,0.43854930996894836,0.9926919937133789,502f2e62e1b9dabcc221d4a7e233e25a07354bdcef64d111545a43cb29b4be6b,1,0.9950900021579676
0.9957906284000252,0.9950626457560882,0.001403857885865653,0.004005322074592699,0.0,0.05176270008087158,0.9973569055157605,0.687284529209137,0.9794611930847168,5056eb39037374a96c9f0ed85a8a931ec0fc3ec16a5ded22d2f7ff0b4865aec9,1,0.9964589091151552
0.9961810569232801,0.9961685484843888,0.0006440248926685712,0.001257312363478702,0.0,0.05509507656097412,0.9974777778107039,0.6607066988945007,0.9638028740882874,5069b3e1aa40171266f7e68a2c5002bcb3194ef42c8a2a82e394f2e2e41dd87c,1,0.9965549237707566
0.9369780755609362,0.9199366227505401,0.06381441179347096,0.15738464664853735,0.0,0.1950879693031311,0.9681469423197973,0.8006819486618042,0.0,50776b8aeaeb31bf8df55a44582f60a9d1589b971d04f18f573468088ba2ffe8,0,0.902641096045133
0.9933087991796475,0.9779254432915093,0.03397123773024943,0.09838970526239345,0.0,0.03409023954541468,0.9989736793972337,0.5118886232376099,0.0,509902a41c2724ad76a2a87e0a286d6cacca3972ce2d4466ee6dae6383a723c0,1,0.9872049534257773
0.9915685596827126,0.9900733424374699,0.0037354822459252143,0.008844742807120767,0.0,0.13566417991797997,0.9878740600766173,0.6544439196586609,0.0,50ac98c6a4206d5a64f96200d7526785fa98bda7f52636c8a665c43d6fba1e6a,1,0.992245995084637
0.996286669649162,0.9927237184159835,0.0037903435924253265,0.010616712071891743,0.0,0.03640955686569214,0.9987010203488238,0.8435789346694946,0.0,50b079cd45315051365cd3c63102a1dc3c1bfc9ec513f59390478756267e847e,1,0.9930256195652081
0.9939685126746585,0.9773165127860312,0.018332013825295944,0.04569038914811069,0.0,0.10152587294539159,0.9940643897133521,0.49799469113349915,0.0,50bcb5d64825009009a24330aa722cc789bf3fc00232970fa88598455a5e2600,1,0.9894514923974873
0.9998214050977797,0.9998014571168014,6.46359134029099e-05,0.00011584224961995579,0.0,0.9328287243843062,0.03235941484747675,0.5845229625701904,0.9502416849136353,50bf2cdc4b1168bdd970d65fedad6729dc4e348698fa187b730a31530b446718,1,0.9554173772377481
0.9946188561036992,0.9892326774670241,0.008997081156739199,0.026265938775883124,0.0,0.013709068298339844,0.9999796818004348,0.9433907866477966,0.0,50c093d398ffecb372de8874a31fbb4b4b9cc523de09185028949b664f67c5c6,1,0.9917945095461177
0.9949985320272494,0.993032856796532,0.0009069840166449057,0.0029188708903313283,0.0,0.008559689852556037,0.9998370967228931,0.38116368651390076,0.9911095499992371,50c0dc20024d3602913c046044553c5283cf4cf00a0066128c9b2380a466106c,1,0.9968636065790699
0.9909651265647629,0.9884594345363628,0.006022143224065452,0.016654658993126764,0.0,0.14122015236448168,0.9864962739703607,0.45736104249954224,0.0,50d1e9b7e8f72a896a9adc1f46c3a8885be7b54aa5461ed56b1cf5511697abee,1,0.9922325781001626
0.9950957067940222,0.9935496026610434,0.0020068187005391545,0.00532266275790072,0.0,0.017048299312591553,0.9999148580324373,0.607731819152832,0.9739866852760315,50e4e78f3608667f370d52ec2ea9d739c524508c44beff9894b548167c91fef2,1,0.9965141122919533
0.9997461584975302,0.9998618652675967,7.827696534893849e-05,0.00024596623577461947,0.0,0.49003401398656726,0.7958598792759203,0.46959325671195984,0.9951717853546143,50e7af473c2f650775de82d75edb5a53d58639b6eafd6748f8e108ca4bef7482,1,0.9939890454578919
0.9965066255422197,0.989936495404829,0.008950812659534237,0.024450170674901517,0.0,0.00531536340713501,0.99998816239616,0.94031822681427,0.0,50ecdac09e8b2e185d5418e6ecfa3aafd22f8c24c3358a7bcd46ee14e50fdd73,1,0.9920405406061468
0.9981310449194533,0.9915232685431877,0.00797474549800474,0.021474897020341,0.0,0.014890074729919434,0.9999338599325406,0.8759228587150574,0.0,50faf1449fb0f69347ffb465642334be99462a1770ce99734b217673a5ac888f,1,0.9925564403100119
0.9929582595153683,0.9920222222249001,0.0076623243750270145,0.018956917983792683,0.0,0.37714835995165646,0.8813938409878909,0.3590131103992462,0.9601140022277832,5113920fcb891d16d08c8fee56116e5111f116823aee9c2bf648941767c7220e,1,0.9938734095073878
0.9937031883844414,0.9914631553988525,0.0025939860973754727,0.005424025941817012,0.0,0.01982492208480835,0.9998338654202634,0.7463433146476746,0.9752989411354065,51281a2fe3a89d4c14ecb127020bf5dc8879c980ceb7d378fe806905d303818c,1,0.9961400437898537
0.9942479807023693,0.9929776567408319,0.0022933886868370004,0.006840532308114211,0.0,0.023482799530029297,0.9996694443898378,0.6971478462219238,0.9885422587394714,512ff930d236e5d445971809d9b9c62dedf983f31dbb1ecdc45d132f287b8117,1,0.9963516489726582
0.9999996379901425,0.9999996389480875,1.6022015069775173e-07,2.801374254193624e-07,0.0,0.21903583407402039,0.9420229998268337,0.41952043771743774,0.9909530878067017,5150fecfeed8c1294e18eb07ac784f377ea6878c57ad16a0dfb508fc16c19335,1,0.9964303738884652
0.9999999069016474,0.9999996007429713,5.773077229299042e-07,1.6534041278152654e-06,0.0,0.01636633835732937,0.99962556389782,0.41663938760757446,0.9907788038253784,516bf192c22688f6a30fc14e621a2aa9bce1822c2d5871c0548559e6815019ce,1,0.9972551240103308
0.9962728649425597,0.9940986107019959,0.0023901454709146105,0.006921548313248427,0.0,0.0318220853805542,0.9991441279227391,0.9711177945137024,0.0,51833b96590b679a03a0a0c39250098d75b907a09be741a9487ba755293bac47,1,0.9930420865000786
0.9898488388817775,0.9841337669630825,0.00765229656944188,0.021933708263003133,0.0,0.0940538048215076,0.9947525135164512,0.5564278960227966,0.0,51b870c98a0901ec7ae1dc6f5138660b6611059866b6315ecc1a0bfd7f923d15,1,0.9916166335727291
0.9957893138405844,0.992711330017943,0.004753402421224398,0.013250869956259147,0.0,0.06118968874211632,0.9976624115698327,0.6368381381034851,0.0,51f3f26618249b8fdc1eaf457b03d82d6008e8b922fe46356f7e0be3ca48e625,1,0.9932341697880163
0.9909255166679081,0.9892206704668339,0.00509149276914405,0.012241311631123852,0.0,0.29187703132629395,0.9298657293012128,0.724534809589386,0.9915063977241516,521dc79d86172a640eba58b0d406badf9efc4b69eace93d785ba4cb3843286bd,1,0.9941506128342752
0.9932455141642441,0.991853542601873,0.0038010389125109896,0.01026746056398707,0.0,0.24185179173893112,0.9565604809443219,0.6561622023582458,0.0,52287e268e7c7a86faf1db01ed9dd92b9c899ed7518938e1d9902ba7ff8bc2ab,1,0.9914346214700772
0.9911955885781212,0.9927756898918426,0.004366475880189141,0.007265849924621346,0.0,0.11966652921307741,0.9938079055353388,0.49447569251060486,0.9901890158653259,526c4ed997d0faa7cc185131e54118f92cfa31720e3aebe990013e4bebca626f,1,0.9960274842864197
0.9933915768591286,0.9917747560624315,0.0041606151654097,0.010699999610884192,0.0,0.5132387280464172,0.7106676187193545,0.6764677166938782,0.9895742535591125,527d3f2d86210c9ffdea89b4cffd9cdd405e9ac299e2dec7d85a1842ffb621f6,1,0.9899935651015233
0.9998931566677399,0.9998818733501648,6.605107761643755e-05,0.00014889676938888743,0.0,0.007946450263261746,0.9998700565849924,0.3527922034263611,0.9886343479156494,5281c882cf79ca56368f2e48474bad93c1e78994a9464c3477395048d1af66d3,1,0.9973176502648659
0.999999197511631,0.9999977047970707,3.5397760342819155e-06,1.0053034486983634e-05,0.0,0.0037809272762387987,0.9999770208671421,0.4825189709663391,0.9956454038619995,52929aa95e69016283d7581a61c11071d9daaa20eff6da93b9b481659675816f,1,0.9972259003530235
0.999993809094833,0.9999669902977013,5.1526838584894844e-05,0.0001521155907126398,0.0,0.006986936088421728,0.9998589740183378,0.47807711362838745,0.9957903027534485,529bfa0ff1174d6fef0ad575554449fa7c082013e037d7c0ffad72af92412651,1,0.9972202169887451
0.9917788097404849,0.9906614401177117,0.0013503609564338031,0.004164570980596305,0.0,0.018879592418670654,0.9998517823433304,0.5764694213867188,0.9936238527297974,52a1807faf7429d57fc8d1f5e4c6d62230ea4ac926583e15ba5708a63ed488e8,1,0.9963905331095865
0.9985224033021208,0.9952879745890849,0.004451960552991608,0.012370521416860902,0.0,0.03738456964492798,0.99850817407374,0.7162195444107056,0.0,52a9e83b276758935daa7387d94272d5f1cf7851d13b0ee1940016776a90124e,1,0.9935919850570454
0.9970871617203961,0.9948084093361625,0.003843023742957755,0.011470586441459582,0.0,0.0048900395631680475,0.9999440968775019,0.571845293045044,0.0,52b35a71d6b161be3239ef42fedd3db099377c948d3c3b95adcbf462da683cdd,1,0.9940044194300004
0.996889752940093,0.995132089028174,0.0017309708513422338,0.005694946238480991,0.0,0.02616351842880249,0.9993918521515942,0.7586588859558105,0.9690040946006775,52c69a4a0e8a362bf46f62351f4b68fb875d052040e1e85c4d92df913f240940,1,0.9964531145979033
0.9990144230627345,0.9993395221440106,0.00037825782682830136,0.0008491978268412672,0.0,0.2839468717574996,0.9464702240390562,0.39820578694343567,0.9937213659286499,52e43c9748fd05810cbf2defe3015054d2188a616b55313409eba580c854cee2,1,0.9962498080296491
0.9978296867592399,0.9928772904972804,0.008658335427296016,0.025012286915194193,0.0,0.01140362024307251,0.9999996512282964,0.9515615701675415,0.0,52e6a6b6dc005bc85121fb10fc87a024c306a454fefe054aa2af07abf865ec8e,1,0.9924299548525656
0.8615696330289873,0.8457932814457673,0.35088007924965575,0.8136234147891122,0.42857142857142855,0.9389289034588728,0.6266583521147028,0.39961132407188416,0.0,530d7296e5f8f311b11b70bcb11c777779a725a727919af08446051719d4a35c,0,1.2261554501081815e-10
0.9961654421532561,0.9945803976259615,0.0018240897947763468,0.004550917728858406,0.0,0.03610736131668091,0.9988048513973478,0.624495267868042,0.9517049789428711,531f3e4a39f5231e1ad61e0db268a3b6206d705634ffeb4719e949577f8fa6ee,1,0.9964859134151307
0.9902767367681303,0.9893356882866511,0.0030056290158338374,0.0049669065394928325,0.0,0.1535000205039978,0.9896189687701636,0.6357634663581848,0.9610365033149719,5322a2a410b839edb859426361e29c2007dcb38746db895bc15e95f8a6bcc72b,1,0.995505485954642
0.9802191676234612,0.9790632255142514,0.007377161933770276,0.015204750132193134,0.0,0.1702541708946228,0.9874411896162469,0.5914942622184753,0.9336727857589722,53504416b903fb3c6a4bea3a08bdb5f16062886332791cb0cc60a94243ac8c65,1,0.9937993915015739
0.997167727860431,0.996495689433596,0.0011008320344927523,0.002913569499628954,0.0,0.04708963632583618,0.9980039874150837,0.6983659863471985,0.9657561779022217,535a85a0b09f12e9ba1dacf42b6744120ca9028b033e7c1d5e17b63cb4b69913,1,0.996559293632938
0.9975825130495094,0.996681462239353,0.0007209384637423524,0.0024328244143071885,0.0,0.008690297603555793,0.9998159450789391,0.37659409642219543,0.0,536bf9864617a251fadce8edc0e9017f36b790e78bc6af0176261e0b4b85af71,1,0.9948136793381758
0.9949793023532085,0.9933297896365305,0.0019400516398990558,0.005203191443734934,0.0,0.010215818881988525,0.999995597866946,0.9739868640899658,0.0,536ecb398af5d1d61e72e9d87877f82b274f89eb4ee664095ab91820a75b60b6,1,0.9930418363212582
0.9927973489924182,0.9904928346632776,0.009012201540580972,0.024165989641643154,0.0,0.048529125749790784,0.9982492679010296,0.5488642454147339,0.0,537b0483c874230d8ba4e87cb57692de02076df1d74eb49900edcc4e1e3ad9ea,1,0.9925872475516554
0.9950620809321954,0.9695228707533398,0.030638600029491973,0.085859902188315,0.0,0.013965655099946945,0.9996234446958692,0.6443151831626892,0.0,53823850f6bb2f97baa827fbfec82e91c30d66b927677b7d51f79c09dd6ff392,1,0.9862563690323721
0.8874619832047664,0.8659628874088264,0.36332479042284,0.8662357602310669,0.5714285714285714,0.9711714915647462,0.17142374152605944,0.4080878496170044,0.0,538adcd5f7b75a6f6e4bde8e896321cd630eebb6df4913757c94dbf50ca863c9,0,2.0905668685071171e-13
0.9965973016155193,0.9967263868736588,0.00034050445178944114,0.000606757637041655,0.0,0.07012653350830078,0.9958898013299833,0.6718010306358337,0.9701938033103943,539ecac19c378edbe3c4f217e44500bfae1ae46e1e69e7c91711895a55bca571,1,0.9965656345175761
0.9884620772977157,0.9867578857901229,0.0037024540074498398,0.007330351089334207,0.0,0.4583781063539637,0.8186451310941316,0.5422934293746948,0.0,53bfb1bcda3e4ca454b4322d3a5a20e2097c5265840dfabd7eec87b0d5af7d65,1,0.9856102605337688
0.5624776949320847,0.8699246468991753,0.30966088369166933,0.5554394664811512,0.7142857142857143,0.914101479575038,0.994056789670957,0.5914716720581055,0.0,53cbf29047272c889a3eb0ef483719787da3762955dfc3b5d1972e36fa49128c,0,3.714633685332626e-16
0.9964081484349511,0.964997857182792,0.2886434476495243,0.8343475910138458,0.14285714285714285,0.02119690179824829,0.9996996957991532,0.87807697057724,0.0,53db83ce12c9c066c86a33e78d58c378c1801a687d72cb4d7a7ae1af7da122b7,0,0.002748287773348835
0.9633840834116784,0.9583716920253239,0.026690598099154587,0.05494925670229507,0.0,0.08505465507573717,0.994884602630737,0.22000980377197266,0.0,53f6c31324c1467ec385bba6649c8711a9b3aab70e34942e614e308a06f4cd3e,1,0.9809729766550779
0.9894944061082341,0.9841332845527003,0.006044163167459632,0.017358399908105088,0.0,0.13868102431272508,0.9864156114666793,0.5848878026008606,0.0,540badb07bfff7b327c7ebd3bf649942469450faec36397cfbe62dbfea9a9b16,1,0.9913290897385506
0.9937482010681037,0.9910672028810765,0.0027798820619834496,0.006473701583435076,0.0,0.01020658016204834,0.9999987164137845,0.937545657157898,0.0,54293a1b2cfb91a60a00b4590bb87191db79a4a5c93423bf0828c56ad5304142,1,0.9927236148980121
0.9999662679607574,0.9999510894170565,3.9298669498885335e-05,0.0001079517481923437,0.0,0.07954131811857224,0.9964432803666985,0.421487033367157,0.9882126450538635,542ec5dbe437a98416202f36656414ad0489168dd43fb4f57f0df5593f171521,1,0.9971028705006649
0.9931174104726247,0.9911821112876472,0.0041832272228958,0.011292042839408767,0.0,0.07367748022079468,0.9957067819507465,0.7061756253242493,0.9612697958946228,543078fea1b709e6a51deaddab572123e6b3340d32439dab0bef47d3b5d8a007,1,0.9958493912946625
0.9977009410337627,0.9958601383171722,0.0028729893872458737,0.007905733789464364,0.0,0.049676403403281076,0.9980112974030404,0.48420318961143494,0.0,54320889d9d1902faaa9c8a2b127eaa7d460164c7f9d55dd463eb39f8d964df8,1,0.9941800626255515
0.9999987187339294,0.9999943054102582,1.1093508495813543e-05,3.1460044342506135e-05,0.0,0.03675372898578644,0.9974842573626028,0.4646269381046295,0.9977391958236694,54448547b047e459d347ac8c435afee9a8a0f2ca12cf41564e2b0c8f48cec031,1,0.997168879904239
0.9991945847428324,0.9992133916500718,0.00040640716815858966,0.0007284178530313545,0.0,0.010314549296859744,0.9998191443308955,0.3756101429462433,0.9887425303459167,5455c8a2af85b0f98c50ec52d5c0a1977e1a30623d0109296fd0c62efcc70f41,1,0.9972325463003128
0.8074263426313351,0.8495996888894017,0.1165852410012587,0.2146777284970232,0.0,0.9462812459096313,0.043527421721229524,0.6370221972465515,0.9657774567604065,54749192c98c9d95bc057e8ce91dc338e591d0166631f17e2b0df2ef5ee4fd3f,0,0.051231830547255656
0.9999754915234237,0.9999179722395775,0.00014588660669748654,0.00041476903081868625,0.0,0.009225818328559395,0.9996474033075023,0.3820568323135376,0.9986804127693176,547de468272e8076b6b769f22eed8bf844ca2a750854de5fb51d2e1889e0767f,1,0.997302816842729
0.9874442323715186,0.9857568778577578,0.00562061098959909,0.011711102624906045,0.0,0.2479512095451355,0.9619080831323954,0.7313380837440491,0.0,547f34bf9a387cb23d45a4a5bad5441b324446a0912ede11404a44de86e8d9f0,1,0.9896545831351029
0.9885195991881595,0.9897985941860675,0.0029238650183382995,0.005375423627079545,0.0,0.040541231632232666,0.9985835776383433,0.9138285517692566,0.0,54c58872588e9ddf720cbe5bb212b7166951ed96074378355c112307b665fccd,1,0.9920699108064442
0.9939778231836844,0.9939084752482589,0.0030358270499850374,0.006076435299316119,0.0,0.028996169567108154,0.9992075619988053,0.9550480246543884,0.0,551278202ad82fdc9f7bc81eaa7267dc65693a0c8326a913afa67bcd6e857af5,1,0.9928077597788163
0.9929601907352024,0.9928087836789187,0.0037129815146110076,0.006788471444112482,0.0,0.03608408570037257,0.998453795955947,0.36377575993537903,0.9894240498542786,551b8fc4f83de2e7e497ebea033319f219b2de3c1687eeedb88b9b34133e62bd,1,0.9965509834087559
0.9997168315440063,0.9996693064234669,0.0001526021976493861,0.0003900288997751797,0.0,0.1168893501162526,0.9893267979957537,0.43610674142837524,0.9839397072792053,55244f186afb66552be3b2046f54216709439459a30f0a50af037ba8ceea2754,1,0.9969358084098522
0.9955257871990534,0.9776375414737728,0.024935819531198604,0.07518989665193487,0.0,0.10993671417236328,0.9909065669552506,0.9382846355438232,0.0,55253b25aa7571831da9c44f70f8df2e4e0d06bdd3bc4a115c9d3dc0447e6f04,1,0.9867091585283619
0.9961533851980784,0.9959026756105872,0.0007255960919927269,0.00166773271660825,0.0,0.02430206537246704,0.9996375676900385,0.6857168674468994,0.9690265655517578,55332567546ace7f47463da6c24cfe5b905a71d572883d11029aadb45f96bbb2,1,0.9966066689558274
0.9994449053473548,0.998560727295894,0.0018285002608532722,0.004798940888732825,0.0,0.9757183789879612,0.015764328421348905,0.5970427393913269,0.9709964394569397,55348174b041f82bf876bab47a1e85b7c805d86a70f54dda20f6554f493e8962,1,0.9505967856292236
0.9922813667204766,0.9746408298164014,0.026734851125721597,0.0820416068613824,0.0,0.006279291666603792,0.9998829684340955,0.6219593286514282,0.0,5553a0030a7f6562225e16b4e76e53255d4b139dc2c018d5f7ae95035b76f3b8,1,0.9879786030008358
0.9947261086147162,0.9940590543477661,0.0014259358723467805,0.003615845203366436,0.0,0.010330204848944511,0.9998083951555226,0.5645464658737183,0.0,555ad03e8c17b8e3f906e70c31738fe083cfb1c3189991de93f6d50ee8f984d2,1,0.9940379289280815
0.9981317837357525,0.9968124704979288,0.001466765245843116,0.003570641918191675,0.0,0.00627511739730835,0.999999980951738,0.9440429210662842,0.0,556f9dcf61543e0c9df9fbc9102eb4f4353794aaeca941978328baa9b5e4223d,1,0.9936686946819999
0.9940244723107506,0.9936077634648627,0.0016894255590152076,0.0033698798410931596,0.0,0.02424544095993042,0.9996623869111712,0.5865488052368164,0.9784554839134216,55745cf126531900ca2c434cf7f9c04fd44cc9f8e661efbedf8769f49614d208,1,0.9965081382450502
0.9985628819287317,0.978824585571339,0.03018066501447631,0.07059754923818196,0.0,0.021733582019805908,0.999755654079377,0.9549957513809204,0.0,557508ee48e7ce76da1ee8d77ccad6d9ae27094b4891541d7a521562804a4e10,1,0.9865115225298804
0.9905625020376788,0.9879050847542905,0.002574287590522057,0.0062183106523624465,0.0,0.08044111728668213,0.9947667542188482,0.6616881489753723,0.9532168507575989,558fbf2b66546c3f20af6e1a827f066485f9f7119a681778121bd111c628d017,1,0.9956971986483315
0.9999760225044886,0.9999892505925791,7.625993427711197e-06,2.232615366747515e-05,0.0,0.29917043447494507,0.9164518711225917,0.5818935632705688,0.9919231534004211,5595b3833b1cf777c0d120c65a499a6e7ff5389edef6638ee2d5e8d4af916cab,1,0.9957900439088087
0.9958759759520391,0.9958760315373586,0.0009228909510677891,0.0016437138387452865,0.0,0.25798046588897705,0.9602574941433663,0.7454627156257629,0.9849237203598022,5599dd063ebd96862a8ac73447735f8f49e70113de5392d31e6e555796150c62,1,0.9955942555421654
0.9923884962025701,0.9880139075402186,0.010612881447917154,0.03022335386714492,0.0,0.5561558306217194,0.72317202133256,0.9458910226821899,0.0,55c28d4c4427ec855c6c626607cb84608fdb5cb02ab7fa415cbd6147de24383f,1,0.9771395643653032
0.9864088065393976,0.9816929065983476,0.006465810027842062,0.01824651669720321,0.0,0.8664574623106744,0.12481646615048365,0.6090848445892334,0.0,55c68e195d59d5c400fc769f3f9022ba1796c548f76c685a311bc9d8c4da4516,1,0.9070224205107725
0.9895092646731578,0.9850003357344034,0.006060985040309522,0.016775139006677153,0.0,0.014237284660339355,0.9999840811601478,0.9585872888565063,0.0,55c8d12da1edc6bdbab8dbff48fb460bc7bd94fce5265717e8ec694e073bf197,1,0.9912839503146504
0.9974799009838601,0.9869515695030788,0.012206343300414152,0.03044462290656813,0.0,0.05688196420669556,0.9964021926824983,0.8757876753807068,0.0,55e943ab6a4c0655a2682d830185c6f041ac8e94b7fd0d9a20865cb6914c5d3f,1,0.9911035293088416
0.9930283196874398,0.9926464782311236,0.001031159405660726,0.0018254828657597866,0.0,0.03278881311416626,0.9991351742260974,0.6002618074417114,0.9694842100143433,560cd40f8ff9f423abe012a450b292520d4826af1c9c39efa608634c9544b4ee,1,0.9964138545568525
0.9963556249410576,0.9956361808079065,0.0013547663123542125,0.0035359571248985743,0.0,0.012123840860160648,0.9997019357713971,0.6309769749641418,0.0,561026ac715eb64afe0b3d1f37c9e74814ab0e0d4ed59edcb9c6e6376f08bc21,1,0.9941143193988
0.9886997271881838,0.9886407590100829,0.0030178256209266153,0.004675900895135254,0.0,0.13467776775360107,0.9900056151932017,0.618046224117279,0.9652289748191833,5616b1c0a3fdf8fe6f9f8bd80a54ea382a75f6dc2606ce8fcaec2f336c4b3695,1,0.9954932003327307
0.9999725967174315,0.9999507853155961,3.4262041128912896e-05,7.936388364508601e-05,0.0,0.007756185717880705,0.9998940104903871,0.4377347230911255,0.9961972832679749,561b143fa93e8865a73739d706e4580665326b0ef835b534f6fc94a9919862d8,1,0.9972573195697223
0.9895993726946003,0.9873178327314784,0.007843341323868805,0.015378897099466127,0.0,0.013395091465566052,0.999524496657949,0.6388686299324036,0.0,565d53b0e3bf28d2487dfc78fc4f6889986312b925066738e90860c08e9df9e6,1,0.9920723810278855
0.9923740591242693,0.9915499779150403,0.001271403409079938,0.00284837253884207,0.0,0.04341191053390503,0.9982493636999397,0.6333213448524475,0.9680188894271851,5663b301deb43371837a18c18c6300b3059add48ff7bba6bd2e27ad260cce572,1,0.9962495988838439
0.9886746219186439,0.9864122697055139,0.0020657276323184353,0.004813841308730971,0.0,0.041891396045684814,0.9981434666202376,0.5737091898918152,0.9885147213935852,56821ffbab33737a60d633b48c13e9a8a9a76958af652624363b29913140b3f2,1,0.9959299303864235
0.8093762277398664,0.802595649418637,0.3202604093988373,0.7610605755210009,0.42857142857142855,0.6781468943227082,0.5802209819429945,0.41243135929107666,0.0,5689894aaea5f2b24652ae17f4554df2f6082032347c04ec2ad9da8d9b1e87b4,0,8.342555988681672e-11
0.9955615606210452,0.9953520497503527,0.0006641234825390831,0.0013047713076158596,0.0,0.020287513732910156,0.9998084356718313,0.8502615094184875,0.9890979528427124,569e42e78aeb5a2c93eff713056a5b37d8bb15a69e5b8e6b58d484cca215d3e4,1,0.9964202485205994
0.9967888745838557,0.9961399869752713,0.001206406227022783,0.003369523200147717,0.0,0.01647496223449707,0.9999348463806083,0.6210817098617554,0.9856660962104797,569f45aab6bc00be816b8ca43a9d575acaa3ace25e7e917cf1849963500d2762,1,0.9967374432712789
0.9999999227732818,0.999999357933777,1.1947772358534876e-06,3.456982917876964e-06,0.0,0.00787407997995615,0.9999211088138662,0.37712496519088745,0.9944272637367249,56b95878909095e599a2128355b919151c351963c0514cf1bacecd841dedc7af,1,0.9973147638500758
0.9980263735696276,0.9975043065425054,0.0009604268386953868,0.0019700801679898294,0.0,0.012744545936584473,0.9999997981895641,0.9628980755805969,0.0,56c1ad020a2bc0b97a42d218e44b48953a2aabf4bf0558686bc2681cfc0a5a16,1,0.9937026113519668
0.998663533645925,0.9657133321126409,0.05212248735610795,0.1574576183509836,0.0,0.050535500049591064,0.9971685367904222,0.7543768286705017,0.0,56e8e2a8b7d4292ba2895fcf3f83fa69596f4109ee6e2a698d05bfe4679b08df,1,0.9791148127050914
0.9959832120711496,0.9958084639545908,0.0011786600128523134,0.002208122791634737,0.0,0.013840794563293457,0.9999624267640485,0.7966540455818176,0.0,570dcdd7586ab2f89990fca3167decc080360d14abf95a9ccd02c43b139632d1,1,0.9937680975423454
0.9969354287717876,0.9936042000588363,0.0031457500467922794,0.009529596813716346,0.0,0.00811845064163208,0.9999998764268301,0.936500608921051,0.0,5719931ba3f2334c7994a99d2259e78149aecdf58c91b9e2922845d36d822635,1,0.9931629599524789
0.9975016814039429,0.996274919724901,0.002187816863743513,0.005958791729857471,0.0,0.019573211669921875,0.9998082409572357,0.9634254574775696,0.0,572389068e0a038337591de0121a2b71f9162a7ead974f2d8bc3be7e11671efd,1,0.9934093744508254
0.9906160879086185,0.970523481133619,0.03403176624428608,0.10016505845396428,0.0,0.016659915447235107,0.9999543776930298,0.9736384749412537,0.0,572af24bac34fe7bf4f4de64363a04a3691518077b3845e15257aa6fff3f99b8,1,0.983418053525679
0.9886674993143026,0.8759876161926162,0.30440901946145654,0.8381081731545947,0.2857142857142857,0.2788868844311883,0.9438846369081869,0.5349546074867249,0.0,5736aa2912db55205dfdb2c8fb4aabe7fa6072b69897c9ce2376295e1fd49d53,0,1.6244909472406035e-06
0.9999980466097698,0.9999983813740118,8.539445074894401e-07,1.7316782654447422e-06,0.0,0.007957951165735722,0.999931293156172,0.3700457215309143,0.9932231903076172,5750e9aef8f8a35bc69573e30f5dcde3ac534d2c0a5b8ca04995557853bc61a3,1,0.9973192132845833
0.9765793791119748,0.9534780969988261,0.29500987941207474,0.8516854134078496,0.14285714285714285,0.5141663253307343,0.743271373191108,0.9432147741317749,0.0,5758e3aa461098eca011ba466b16a5f24d93545de62668f4034fca27b42ac60d,0,0.0007047607619142435
0.9980427841097397,0.997780796877264,0.0006999553275982668,0.0017459786747129336,0.0,0.02668541669845581,0.9993860758673789,0.6455331444740295,0.9903183579444885,5764c006147af4483f24270e2d73148741a83adb8f923231e7cf3bc54fd12e71,1,0.996825702525596
0.9988371123181417,0.9993532672180603,0.0004335229543894688,0.0009825051971459184,0.0,0.11531936895049544,0.9948345419244307,0.6155884861946106,0.9763661026954651,5770258d269577d08b5e306461d81f8d9dd032814c36dba2de4698fd66b3dad5,1,0.9967129071206053
0.9938290547285229,0.9908284767623609,0.00392359191340464,0.012213730998872907,0.0,0.0386735200881958,0.9987082573357343,0.6192977428436279,0.970119297504425,579752296f2c9072cdf12f84cafa1a46007586b4d889ccbaf6033f58c953e5fc,1,0.9961490733871442
0.9972278637935721,0.9942773908593162,0.003976661827252377,0.009866969743977189,0.0,0.006258426699219122,0.9998894187976094,0.4897141754627228,0.0,57a542221c01b480126a76d9fb9f207e48cc8f230b4c918e05240e13ae1489e8,1,0.9940932044564834
0.996747590032592,0.9944837640436932,0.0033732660587033276,0.009929430240113946,0.0,0.007260739803314209,0.9999986919495161,0.9656290411949158,0.0,57aab3a55a00e1f37fa7da61569a5caa6ec01274d47b92b0ea5885849a1cd447,1,0.9931341159868644
0.9999848521551385,0.9999758903904744,2.9430819680976798e-05,7.970496459080757e-05,0.0,0.6991440653800961,0.40115469204988263,0.5199143290519714,0.9875724911689758,57b85ffa0f91e2fb6f9ce8238a00ab3516689f6b289152977040f7797b9390d8,1,0.9834042570848353
0.9926656059817105,0.9920451167934207,0.0020831318521467405,0.004918611858865107,0.0,0.03193080425262451,0.9990134864741927,0.6209976077079773,0.9685586094856262,57cc9e1159fdd180580128b81a1cd113545b026944823c3347b991598d71998c,1,0.9962820836198738
0.9917575125446616,0.9902555709247541,0.002458223216760163,0.00456035110243469,0.0,0.028253018856048584,0.999454531291735,0.7225100994110107,0.9649783968925476,58352fc5ad4c2c183ec502cb62ff6be63b1cb9403d978a6f0d3f186469196afa,1,0.9959950643416166
0.9907420915732625,0.9844385450226614,0.005533812307681343,0.013767275139850026,0.0,0.18286153671425098,0.9770740444873371,0.5718488097190857,0.0,583e5812e3fcf5008aad66bbfdfdf182c5a649e500f056f80828f93c26994d78,1,0.9911028033892512
0.9999999340822064,0.9999998976098264,9.000911933979758e-08,2.5280003968771994e-07,0.0,0.47679364681243896,0.8541475191614946,0.5534641146659851,0.9787870645523071,584a52b960357fdc6e2dd757a5b8414bedbaeaf4fc7455d1977125b58686c550,1,0.9945809214370993
0.9987231494016303,0.9971772809077022,0.001939298372238212,0.004928153556920223,0.0,0.0065996646881103516,0.9999982181985408,0.9356915950775146,0.0,5858c9882dc2bb81bf52900bc4b6f11f6b7a60c4432c97f67a47ca99a54f3a9f,1,0.9936995371133892
0.9995417227545966,0.9994564538830727,0.0006029142305555024,0.0015355805875984546,0.0,0.23472285253731356,0.9673021078216023,0.46813973784446716,0.9913713335990906,5884cf665300952c44e13a116d69eda5f7f5d712c7eef789f6014ebd8e6ac52b,1,0.9964541786457067
0.9999878876732635,0.9999794753045081,1.5806591188183898e-05,3.8390255194448096e-05,0.0,0.020225811749696714,0.9994842092365376,0.46334072947502136,0.9893324375152588,58854653e1e43b44e5f34134c4d9408ea8d3a8ac4fe01af54a617f4b4b77883b,1,0.9971986663111472
0.9912249357241787,0.9915821977262221,0.0014869858504882472,0.002629250817830311,0.0,0.014619385813936698,0.999565930017073,0.5579001307487488,0.0,58905437735ac1f2a2c7438b2f3c9264678d1c52f4628b66940e626231d36448,1,0.993610476258217
0.9940921306281569,0.9938153572079356,0.0010889839383308338,0.0024721595632924975,0.0,0.18173205852508545,0.9779470902825478,0.7417115569114685,0.0,58bc4b05ccdfeebb1b2d36c429372c90e0d916b7a6e4031f297df139c4af8df1,1,0.992525472412408
0.9975305545625126,0.9968529117488745,0.0006805290117729624,0.0020909528040914394,0.0,0.0068885087966918945,0.9999996778696799,0.9736790060997009,0.0,58d4fa51a88ccced2b1437d7ca7ae294d2943e15f4552917e5aa3f709649b8a3,1,0.993664346505115
0.9973141355997909,0.993484928080065,0.004510864513137112,0.01095160125548078,0.0,0.012904703617095947,0.9999865154006743,0.8338489532470703,0.0,58e005c7c7c090acab5a563bd258821da1aa584488a5d8e48a230671c33fc4f5,1,0.9931996096208953
0.9999976320708145,0.9999967821815388,2.135092626202252e-06,5.887878098717182e-06,0.0,0.0791560485959053,0.9962049845140029,0.4811304807662964,0.9934223890304565,58e284fca967f61408291378a602b7feeb2553684a4ba6277e3c44429578c9a9,1,0.9970558454556123
0.989846866172523,0.9809098064815023,0.017643714686838882,0.05159022117272016,0.0,0.040078818798065186,0.9983109636303555,0.548088014125824,0.9845503568649292,58ebd11362459be92799b37ad27845fea539e6caf6ac9224c77eb903a78dacc2,1,0.9944494323664935
0.998014164926138,0.9892579712647541,0.010559646647933102,0.03243608359489769,0.0,0.013487160205841064,0.999977851111877,0.9627335071563721,0.0,58f16758defbd4bdcc2c254d16d2fb30e305659afb5f91327bfdd333451fa45a,1,0.9918187643080347
0.9990704495354295,0.9990673773359898,0.0004299066573090469,0.0007788802970399157,0.0,0.7710290551185518,0.17818812478214227,0.5544079542160034,0.9396194219589233,58fd81f2218ab25295bcfd84189a10c639630ae039f525adbf0cd95ae9a07bc3,1,0.9699620556211516
0.9905676489665209,0.9893671524092094,0.001886055371050606,0.0037928388581237593,0.0,0.027982592582702637,0.9989982000406831,0.5911766290664673,0.9720816016197205,5914b2637e7378ae8e8a8110837dd29baa84a0f3cf10f549111d44907c0bf8f6,1,0.9961412408551316
0.974278119837432,0.9502008794468235,0.04255356294850381,0.1251622864390055,0.0,0.06604444980621338,0.9958997084678084,0.6729094386100769,0.9552275538444519,592317400d9b13523755f730713f3631e603cc68464e8fb4fd2021882383bd13,1,0.9843913502302247
0.9965256791572235,0.9963609454806349,0.0007548349872943747,0.001697952783882295,0.0,0.013169169425964355,0.9999931368080037,0.6466149091720581,0.9993486404418945,592510fcfc7c3c0161b850da296d634d3bd2939e1e0139dc84a842273f1ceb34,1,0.9967660135184784
0.7447253774355158,0.8264183269446,0.24366791351284217,0.5450550575793851,0.14285714285714285,0.135567344725132,0.9240701041234423,0.8115167617797852,0.0,59326af201fd9acafc18f90f45d063eebb9153b65d1f3a96fc17aac1225ebe6b,0,5.2141410628607784e-05
0.9975996353175512,0.9943871945881647,0.004262879801487442,0.012345740027903458,0.0,0.0855934917926778,0.9954289067998138,0.464423269033432,0.0,5941191673aa24a2b976c08258e957cf6dd8846a219c6cd64bdd342b7e8e3a8d,1,0.9937882157323253
0.9890883840927079,0.9888012359689482,0.005707114354159172,0.01058787946500258,0.0,0.04961080845035512,0.9980540422974234,0.5872933268547058,0.0,5955e00b6e939f12a710d799229eff61043f090468607383188a10ddefc31ed0,1,0.9924086716943485
0.9975230570404239,0.9968392300585075,0.0007725997205793337,0.001939818875053195,0.0,0.006212209817020393,0.999891641453477,0.5222099423408508,0.0,59822dde0e804d3a0af7872761d5d3b824d8ff840e24bfe0636fd5526c79c91b,1,0.9945550310068908
0.99426138193212,0.9687368029512474,0.02828596682068057,0.0746001533881485,0.0,0.05603004246950011,0.9977579285750402,0.5706868171691895,0.0,59a4f2dc0e4d97a740e425893973b53ca7d9e43ac5a9904febdc2bf626438aec,1,0.986328563381652
0.9951390336780259,0.9787945718877734,0.020038073416622146,0.05624500883292016,0.0,0.015281319618225098,0.9999829223802668,0.9854640364646912,0.0,59b1d0d4a56279d1871392e043c2ca6b7d637337b852b0b0f96a6c6b54842782,1,0.9885503365702204
0.9834632013455568,0.9827865638207589,0.00875792094925684,0.018331891386210237,0.0,0.5068534612646046,0.7660732968464788,0.5368225574493408,0.0,59ded4982c34d22b5dd4cff0f886645e408af722762ecf4a07c8a2aca3e6b613,1,0.9799370366842847
0.9999699735182636,0.9999674932025701,1.5978980470295063e-05,3.0466043363348203e-05,0.0,0.0055152885615825644,0.9999753532509249,0.3141745328903198,0.997258722782135,59f677a4f93a5d27729e92b32645450e973f6ece23b9f551d00584ac839f3c61,1,0.9973782251860653
0.9895805658298578,0.9864004062688855,0.004970935481261484,0.013474301832903933,0.0,0.2016153484538401,0.9703571623896942,0.48829469084739685,0.0,5a0377debed278f86c4c18a96d0a06f5d367171068488b29206fae6b03c137f6,1,0.9913475621433774
0.9051837553150089,0.849333122225338,0.2559803026187676,0.714837752075682,0.14285714285714285,0.984865056554554,0.01365932008560101,0.48382052779197693,0.9724266529083252,5a0dc5a7594c905aa6c7f47a01e13455fba16d5b6441a46685c40fe670124d39,0,5.218279445791818e-05
0.9953527715988585,0.9945878986798459,0.0014604078556329843,0.003020335524026585,0.0,0.02694183588027954,0.9994898952947582,0.6791583895683289,0.9643376469612122,5a335285fb2d8adec4592fda0a44e77be9a2dc3852931174b1d2e63a07a037cb,1,0.9964643329666003
0.9856611341051837,0.9862390347790689,0.006946298598837462,0.014613040455693477,0.0,0.19555105268795686,0.9704428446444766,0.4317098557949066,0.0,5a3b68867ce6d8ca9cf898e3555c7868e52de33faa012cf748ea0ca0886190e2,1,0.9908291164876353
0.9824065532130755,0.9829986128671173,0.0037226673009930072,0.009385469839226637,0.0,0.22382491313492947,0.9644895046900845,0.47866588830947876,0.0,5a587948d7abb4cc3bd8f764db823a9429b91afc8768f196c75c96db29b28a29,1,0.9902941468054252
0.9953184531898905,0.9932920377850826,0.0028757407586632983,0.006879362950138579,0.0,0.014857351779937744,0.9999828846897081,0.953033447265625,0.0,5a58e8ee0ec529856b5a4941dcd6bd8044a03f99b73607a50217423d316951ba,1,0.992963213468141
0.9997431621091204,0.9995989915717015,0.0003550190231968846,0.0009353011431575808,0.0,0.21061682701110832,0.9553033804228205,0.5434823036193848,0.9966509938240051,5a693b3bbe00838ad510b0f9651082aadb7b3af40a2ef7b661a6e0ff6312ffaa,1,0.9963653978416479
0.9899126296157736,0.9940865872924016,0.003937480914963799,0.00946263857686597,0.0,0.5239090183481494,0.6943802254440975,0.6430123448371887,0.9858120679855347,5a69ab53a6f9ff9b0ba2528a21582c6601a6b6c4f82200b651cf4ea471b13063,1,0.9896495023302329
0.9952739795923248,0.9951661305830178,0.0032522774993209904,0.007250866943208978,0.0,0.010221004486083984,0.9998925857676679,0.9213798642158508,0.0,5a789aa29e2d5d0731e35d8b39cfc98450d36155259e39b470339441c310d8d1,1,0.9931672410713788
0.9962692609204247,0.996135333497764,0.0015650252114814537,0.003145567529527082,0.0,0.09839025139802882,0.9942438883195874,0.48119571805000305,0.0,5a88761a41aed8acb33ae1e313d5350aae4c6221e29fb9990c07493c02eb9d94,1,0.9940047366066196
0.9929165042588782,0.9806276006996801,0.011828636203775516,0.027537049295156102,0.0,0.036682844161987305,0.998719235635146,0.9747271537780762,0.0,5a99f75f886ce77b3af89aeab45a276006e82b1e32effd1f4d36965bb17d0ff8,1,0.9898050376981016
0.9925786600444808,0.9867920433273316,0.007863003121889185,0.018895971310538173,0.0,0.09543003141835259,0.9946869295571454,0.6156811714172363,0.0,5a9f567c89b2af76ad1b72cdbebd9ca4bf70804b502f0b3a15250bd6b9e4a022,1,0.9918393030519446
0.9925466621656268,0.9863215159053581,0.007636681342053412,0.020815955871602305,0.0,0.08130031075441727,0.9962011164362513,0.5084033012390137,0.0,5acb13d68de79eaa679bf5fecba0da773f2fa4be9eb5ffcf6a32afc70f27a720,1,0.9922547710169177
0.9842551963901396,0.9371886750400281,0.32040909201931395,0.9451656826092916,0.14285714285714285,0.47641438245773315,0.8134393445095264,0.8511098623275757,0.0,5acb22e505ab062c1aebdfb8af01b3533644e3d2f6b4a84245f484b2e728a820,0,0.0005155889278262997
0.988526400254428,0.986234948784567,0.004170306772863285,0.008335821488018702,0.0,0.04906505346298218,0.9976669575071565,0.6041654348373413,0.9615084528923035,5ad0a133c7af11e348cce099d9e7b4c7501bb47160b349f37df6883465642571,1,0.9956055077115646
0.8527143754036015,0.8601850696894144,0.3166808123916748,0.8042121887957103,0.2857142857142857,0.6626979648135602,0.592976893296477,0.19894717633724213,0.0,5aefd31356cd654f06ec046f207e6a5be7809a72ada13890697a8e0dd8aa10e1,0,1.0302534286605267e-07
0.9844511011754747,0.961325057679273,0.024141565718275675,0.06205619230237347,0.0,0.00862497091293335,0.9999332020660983,0.9646516442298889,0.0,5b2128a9ece6318ee29d0014423de91a196851d00998223ec1927f04a95ec435,1,0.9830570348615998
0.96162037347196,0.9461162544875187,0.2850645487189218,0.8139579107373335,0.14285714285714285,0.9307188340009422,0.06508473006122903,0.3634538948535919,0.0,5b293a1783c4f6925dd8c0d6474f2c9a8ddecbf887ff17b25a415e55d816fc99,0,0.00013400623464873866
0.993851906041184,0.9907525714523074,0.002772634096986404,0.006484710948898131,0.0,0.05071061849594116,0.9976094086200772,0.7055640816688538,0.9581851363182068,5b4688b9bcefbc3851b3e082a4016c0393eed21dbf448876bc226ea43a22a3c7,1,0.9960179559016082
0.9955214111569854,0.9953939371526808,0.000560394514678735,0.0009056844751725857,0.0,0.03790903091430664,0.9987076820645677,0.6137185096740723,0.9734867215156555,5b5eea7ac70e776cab766912dd2d480df5a6929e4dd1630be06d43162129cd76,1,0.9966262211297853
0.994999889034294,0.9939866497180266,0.0013883979397005465,0.0031926858243959168,0.0,0.06593101471656708,0.9971580650948159,0.5709328651428223,0.0,5b6d6bc1d42d0d9d6823caa550e0c51fa713aa84f35fd10becb2dabc78ab1009,1,0.9937732186560971
0.9991123454198882,0.9990681367473234,0.0003596806670045986,0.0006649653113616823,0.0,0.9281008243560788,0.029041976058450925,0.4870143532752991,0.9509012699127197,5b724ae86917cb9aff90ec7c9b831b3dbd4957350f2c4e94bf98239ac0fc4015,1,0.9557527877631906
0.9917635881725744,0.9876788759166247,0.005011201304399445,0.013949378187359196,0.0,0.05033344030380249,0.9973956082211131,0.8779504299163818,0.0,5b7d768ad397c6c867c4e004fe96a6dc59c59f5727cd9e447dd31f36dd775d7b,1,0.991883083003648
0.9916107403760764,0.9904014986225658,0.0038020090623333376,0.008373338148756404,0.0,0.07559370994567871,0.9956893306811107,0.8119419813156128,0.975987434387207,5b8ff7d690a8ac9bd4ebeb8dba5ecfdfd021c0123e7c456ecf82de7f35539d30,1,0.9956341826063949
0.9965237795302022,0.99261168549252,0.003714910264066722,0.010541318479422676,0.0,0.021331369876789345,0.9993805520784271,0.6449474096298218,0.0,5ba7dbd1059ad122cd1ddac7af5a0cd3b6aa4256fdc97faf1d7bbf6302a084b3,1,0.993571977444477
0.9999999702466221,0.9999999594443431,5.07727677927668e-08,1.316209212770053e-07,0.0,0.6279093027114868,0.5973759019811046,0.5607521533966064,0.9582469463348389,5baa4613a044340a7c53573cef9f5be00d4ea009fe63b6097cb0daf6c14d03ab,1,0.9893482298800371
0.9975294551897785,0.995032269695796,0.007051037860743812,0.019637789003253,0.0,0.9492938518478593,0.025492314379859222,0.6323431730270386,0.9729599356651306,5bb1957cbbecb91ad820beca29d8aeefbc01914d8593183c0fc5578464c1e93b,1,0.944417801185747
0.9999639994008758,0.9999822272321401,1.1646788360309061e-05,3.470531576463612e-05,0.0,0.08288604021065223,0.9964330154686166,0.6243796944618225,0.9962161779403687,5bb22c5dbbd54c9155ec2a0d3ab9ca43ec045ca74fa6ca19b318b8345794fa71,1,0.9969048349027654
0.9971069563579001,0.9939936889253982,0.003948837975375884,0.010356371170603063,0.0,0.013459622859954834,0.9999947633785033,0.9755988717079163,0.0,5bb4be2cf1bc918b6bbb5b9ce9acfe602400ed69d6ff2144e09202ea3018127d,1,0.992975744145708
0.9947439384115107,0.9915198970105789,0.0057816054672081025,0.017248019080764787,0.0,0.03116661310195923,0.9992242591051961,0.6562076210975647,0.9583971500396729,5bbede557622b00b7a64714b6469f50b70eb78a30c20f789abbbe913019cccf0,1,0.9960402133438971
0.9974106813880914,0.9900022454100365,0.009441317592319384,0.029675464824844844,0.0,0.019230782985687256,0.9998596214178029,0.9452651143074036,0.0,5bd8ce25514302a4f6c196f32ab2f8bc47fbcd6883533e0b9312d52e19a452e7,1,0.9920251717919554
0.995835627493957,0.9951707397782181,0.0010952512063167601,0.0025831959732551812,0.0,0.04791444540023804,0.9976525556669449,0.6290985941886902,0.9770751595497131,5bdc341946fba133788cc0cfca83252ec2284f8e898652b9bd1d5a0cff02bb46,1,0.9965552515691926
0.9448034192149642,0.8681266135846819,0.37934896527457634,0.9274561934561039,0.42857142857142855,0.9384342598190365,0.15937896659662687,0.21416035294532776,0.0,5beea2b8d834884b71667c4d62518cd23b98c7839305d0dfaa84ad9f9b4c4273,0,9.038042773240355e-11
0.9958412549684524,0.995202809940806,0.0011997889806310074,0.003278340126949386,0.0,0.035610735416412354,0.9989329822458112,0.6272477507591248,0.9645715951919556,5c075f17087d513b83831282e6fd71a25c2eb1630370722c807a92aec121561f,1,0.9965687007346714
0.9944023539723065,0.9932874921757051,0.0030178491781664087,0.008297390049053166,0.0,0.009231984615325928,0.9999972401656388,0.925520122051239,0.0,5c0afffa1f160bb7179d5dc3afa220c480f6e1a3a80b12c34682bd10f21268dc,1,0.9929935152663149
0.996067526900802,0.9947634492250038,0.001939099716261004,0.00467516049150285,0.0,0.03634965419769287,0.9989217852919879,0.5718814134597778,0.991520881652832,5c22332b190ffa7873cd0078fe328ed6e8d57bf5d9c955872cd7737964d2cc34,1,0.9966250442763567
0.9970832177816256,0.9951089831878174,0.003398930789425319,0.009858011802954869,0.0,0.009429335594177246,0.9999995762239539,0.9142991900444031,0.0,5c26c88cc59df3901693891f0a282bcc35678c60aae7f850a50c069c8300a0c3,1,0.9933134390617191
0.9911982939529658,0.9912909466623251,0.0024108716129695278,0.004923877607539873,0.0,0.41691821813583374,0.85780485207102,0.6193469762802124,0.9800434112548828,5c2e3f05450b4ed4927913d68e2f0ab1e85809b01335c715bd55342865758298,1,0.9932942958534473
0.9806128205145198,0.9712155120318516,0.020549781114639284,0.045604687896521105,0.0,0.007094003522659875,0.9998694153335828,0.4353652000427246,0.0,5c368122f06dff17404311e635a7d3af11c5f4e67439937c10518b28b96f79c3,1,0.9876594562385
0.9944641233860884,0.9852219896489369,0.017448799886626485,0.051578660490805395,0.0,0.014210343360900879,0.9999413736461924,0.9786486029624939,0.0,5c3cb12b948135d73dbae96b20b83d3fe55a2166f6732c207ecb62c494147491,1,0.9899279286251758
0.9998885226900063,0.9999002006090592,6.0936502035271984e-05,0.00010656320758134784,0.0,0.036395322531460626,0.9986254320134176,0.41946685314178467,0.9962061643600464,5c6ff426d7869ec18939ec6e30b7b114f8188a9f4607d8cc74ccea92f4c901a9,1,0.9972084086347202
0.9534619054625307,0.941247953067297,0.029461048753022797,0.08077867542409045,0.0,0.9408429215380365,0.07017632529164919,0.28616857528686523,0.0,5c94b7913f8abc8f8b51380167b5a21c4c229db99e0b371889abe56f1497f2d0,1,0.7286979481495177
0.9993943335963256,0.9992868741242812,0.0004192471668232138,0.0010636309428499128,0.0,0.05260238796472317,0.9980703547603413,0.3459882438182831,0.9923850893974304,5c9dc017673d2a2156191c854cdd019c62adb3682d1a3887dfcd16cb038f6e62,1,0.9971862479116123
0.9979804423461416,0.9937147816444768,0.00422325735531717,0.013161776759872068,0.0,0.010272324085235596,0.9999976412664625,0.9756636619567871,0.0,5c9fbcc686a6b0292bf2b5725374cc6d4e94587775c6f75cfcd76beb5d3cbefa,1,0.9930208546926855
0.9956232625789646,0.9946490182133049,0.001804312045151214,0.003946777139253399,0.0,0.16123723983764648,0.9828656520839496,0.7841753363609314,0.9585158824920654,5ca8625d9ca6cc4ab162251b6a3967b04463b6cbe95e0fb54b8fc0b402a3634c,1,0.9958173181827816
0.9977522033987785,0.9974136412603148,0.0009318098518991627,0.0025929893912589462,0.0,0.07437430322170231,0.9964073492507708,0.5718126893043518,0.0,5caa595f0413c87ec5eb275f451aadd85f71e7975aa7940c6b69714b97678c5a,1,0.9942025593350061
0.9947692912216559,0.9912183396401579,0.004506753096519969,0.012974535210966698,0.0,0.0067070722579956055,0.999999906030716,0.948961615562439,0.0,5cbcc6f59437131248d3e707f9f671352779d637ac8b3dc25029ef35a5148d01,1,0.9926076877295315
0.9914427938839213,0.9898063334877812,0.0025438905598926353,0.0071583936045683805,0.0,0.07531929016113281,0.9955779223439993,0.6793841123580933,0.9560890793800354,5d018fdc499bb2f93b4e7b32e152395bc9a9d0c5922551adf65827d1dff6e48e,1,0.9958505299813505
0.9874317466754731,0.9908656058223345,0.0019091417234309719,0.0057060250518014615,0.0,0.2621846198937824,0.952035910223258,0.428501695394516,0.0,5d0682bed73d61bdaaf84dd6fbdfd2de8f447b07caf372207b8f9ebeda13a057,1,0.9916109401416829
0.9963765425819633,0.9962509810822829,0.0002933847314118334,0.0005273938341033846,0.0,0.08569836616516113,0.9942755188017923,0.6725688576698303,0.9754793643951416,5d3eb8ca9821fc576756af901b38d5175339fdcabd915c98efbcf8e45109575e,1,0.9965018819877629
0.9975400983218686,0.9963716222269136,0.0016653550570821399,0.0049968417330115145,0.0,0.007914602756500244,0.9999980602343177,0.7019165754318237,0.0,5d5a7a5cc51c6dcddddb64a280f84f82c1cdaac6c11e100fa6f124423f1d47eb,1,0.9940894899212477
0.9998320056678417,0.9999060552250167,5.0562555467930375e-05,0.000166359211452208,0.0,0.24599140882490494,0.9250507977033677,0.4156707525253296,0.9774031639099121,5d96e8ac710e0612eda88ac4e4bd09180a59cab810a6c129d432dfddacaee35a,1,0.9961890776182204
0.9832826674787544,0.9761407967978302,0.006077741346953941,0.015595046388514285,0.0,0.29568213224147705,0.9324518596697069,0.26960697770118713,0.0,5d9f22c44ce59d22338e99458d5e2c326b6b76a19e87d8cddd8e7e7d8491634e,1,0.9885337679726313
0.997406208801403,0.9948815398381886,0.0027526795441599893,0.007111466218335916,0.0,0.01016324758529663,0.9999947570356579,0.9171719551086426,0.0,5d9f5dcb470e2ed60b2baafdf554a61f0acde8262ccbd7f38b0d2feaa1b57c4e,1,0.9933639540931866
0.9864962659326508,0.9849968648812096,0.0029581922517211076,0.00836272713885644,0.0,0.026370108127593994,0.9994053004727099,0.7627339959144592,0.9513804912567139,5db16930214de38b593486bbee3e638cff1d6a27188dfe60de1419c4f3b54b00,1,0.9953894300517748
0.9980800966869942,0.9967071398135162,0.0017213669420855407,0.005069427288678319,0.0,0.007105886936187744,0.9999960937697637,0.9772995710372925,0.0,5db8169527de1e91c28d35dd9747eb3a20f8329e8d1f751e8d86efec7591f7c8,1,0.9935642447797532
0.9966706542245622,0.9948480715484852,0.0031652133467212243,0.008840629147469671,0.0,0.009964787401257696,0.999774500119509,0.5742231011390686,0.0,5dca6e813250252405cec7238b402c1017a77faed5f7b03746f06e86f59f25d0,1,0.9940163455944063
0.9920648884251556,0.9893397979815337,0.003291620106295531,0.008895166764372077,0.0,0.1035583466284386,0.9935763094122682,0.6136736869812012,0.0,5de669e7345e63a9225bd67e37866c88bb9e47d66005cc80ec35d9102711dccc,1,0.9926482637043459
0.9943016882926644,0.9791489146120111,0.024767643142113525,0.07428741012149231,0.0,0.6766779720783234,0.5604128026629933,0.8534961342811584,0.0,5df6ecb1b55199cdbf0abadc593a25456db22a70543eaa9c4913a669ae30f4c9,1,0.9534136577209056
0.9915061461100302,0.9914540767983518,0.0024314334045055326,0.00380958893135519,0.0,0.1684092879295349,0.9864197609449591,0.6233242750167847,0.9838687777519226,5e0134e46d21b6c2b28901d177b0e5d3fa15076c8ae9d25bf9b21e3f19ac6cff,1,0.9957253415272338
0.9968295451524964,0.9947699938477671,0.002446898163259751,0.006723392034871378,0.0,0.02388310432434082,0.9994564947017553,0.8502815961837769,0.0,5e07eed5a14ec1a551d82efeb598f41a96c2012826a5c644348e599abe4cc47f,1,0.9934422513420424
0.9914845861735214,0.9929410548199883,0.0029265650181566375,0.005383517736705867,0.0,0.04190349578857422,0.9983234420641729,0.945527970790863,0.0,5e113bec94723616e85d96654626f732a108cd53da332c59232e03d2ffc12f0f,1,0.9924994193853505
0.9949658339051413,0.989935644242797,0.008347331284750091,0.025055964511349685,0.0,0.10408928245303561,0.9935045250338878,0.5591976642608643,0.0,5e1cc6ed07cae3bd8ebcadaaf2a14660a9d356ba94ebdf31b2d5b3d0efe9005e,1,0.9924338699191488
0.9702978734557136,0.9324144848360838,0.10011002403221196,0.2803630701176367,0.0,0.009143141167299973,0.9998728449410422,0.454883873462677,0.0,5e2292327a4c53d4c705ae675d42c69e6555527f11a07f07abbdf2ecd106b231,1,0.9198587103840218
0.9999977869530564,0.999992991540066,6.955496392875336e-06,2.0927517008439046e-05,0.0,0.014089495874941349,0.999524717445341,0.43203848600387573,0.9915934205055237,5e67c34fceb59b2be81e99acd00bd052b5b0f0077c338865e33144eac9a93fc9,1,0.9972449424981508
0.9977112974092788,0.9902450561057846,0.008100492822728364,0.01957046141942631,0.0,0.04028451442718506,0.9982090689434522,0.9200195670127869,0.0,5e713b60d693528157fb5c4655acce5de726111d37ff2127f536d07c159795c4,1,0.9920724146857075
0.9995541022066584,0.9997205999890104,0.00015289883543190405,0.00041468245369814306,0.0,0.987525939930485,0.007657446992943807,0.6757127642631531,0.9969891905784607,5e832fce806618250838947f54d088399d15fbdb6426f36711b3b47478a085bf,1,0.9509641316645391
0.9733259560815773,0.9723685285849691,0.02637972515642139,0.06351147038964061,0.0,0.045238994950078215,0.9982104687806854,0.6720637679100037,0.0,5e88ae7c4c78e025006a0265ed75389c0370f79f12545c7ab8a4ce277e3420a7,1,0.984045679557081
0.9961045110299163,0.9636825978166258,0.2868284629749913,0.8282703580062831,0.14285714285714285,0.04673302173614502,0.9978495089125381,0.9697889089584351,0.0,5e89ec67e60ef25029ba35224e1e5564883d581ee25b5e89575d647f4d4d66b7,0,0.002631306565724026
0.9970777909690777,0.9963203126045771,0.00136923958285766,0.004054511004178418,0.0,0.020612001419067383,0.9998097380919133,0.6424872875213623,0.989998459815979,5ea0e36fb2226da6f2fca80ce65aba816d29fdda3a060f7498ff04819e2aee73,1,0.9967208511700334
0.9966523138766947,0.995367630305511,0.0017481163459554503,0.004359411839548244,0.0,0.024248480796813965,0.9995879350062477,0.781335175037384,0.9870216846466064,5eafcecdd9eb6a99fa973c9ce8a0feef0e2a1507162d9ec51b00b33a0708584c,1,0.9964601702911777
0.9999980976949993,0.9999986800190197,9.369451059426312e-07,1.6932852184666236e-06,0.0,0.2561509311199188,0.9407728805176416,0.4938879609107971,0.9906933307647705,5ec0b41d52418d970b672b7e02648a20f4c4e488e2c45b6dbc4b54f8209fd436,1,0.9962355239642054
0.9943798634177937,0.9901430075365516,0.006115730990659523,0.018253982452713587,0.0,0.023905575274460696,0.9991923286171382,0.5040670037269592,0.0,5ed6a022361f7258e6fbf7d1a85497da7f622f2473ac95e2e09d85abd5e3a9a6,1,0.9932792844612188
0.999999885717903,0.9999997147591415,2.39827167048436e-07,5.5105889858237e-07,0.0,0.40540191531181335,0.8706184296873043,0.5350322723388672,0.9946527481079102,5eeb1d72bcd0f99b3869a07a3f1f655e21365430a5d720f017768954cb0a3e30,1,0.9950928176099259
0.9263881867074151,0.9400661706915073,0.06402915549453947,0.13596960961831606,0.0,0.1297308523207903,0.9883036300887643,0.29746776819229126,0.0,5f1acebfa70fa1c43c638420ac221d5c78c7077bae9fe8240c62a88869089821,1,0.9306290504943456
0.9932519929532265,0.9898355423679971,0.00537989966778694,0.014745271450127087,0.0,0.10807636380130828,0.9931719998871102,0.6037235856056213,0.0,5f232c383e557a61e578347af5dd502b79bde8bb94b32dda5f0a92ec75808569,1,0.9925108740054793
0.9925534232458393,0.9905007394437597,0.004534695624965821,0.012513603573339638,0.0,0.030178725719451904,0.9990074445765167,0.6149784326553345,0.9460015296936035,5f2e8b39078f38511749ba42950e252deb83cbe52cb573fe582595491440d736,1,0.9960081165185789
0.9969283927368479,0.9956088143253768,0.0014181959110292801,0.003755700656594141,0.0,0.04913067817687988,0.9977252123135877,0.7402920722961426,0.9677714705467224,5f4e7591d3b8686660cd18dedca5aa2019d913dd530694a249d6dc6938f3e851,1,0.9964391991571592
0.9976924627415502,0.9926054648572669,0.006442223636386928,0.0198150524164592,0.0,0.03318709135055542,0.9986659034728056,0.938727617263794,0.0,5f4e890156351f572140d743f466066f190d2df57f3618c8d515c19f63ddc775,1,0.9925948156355268
0.9388829629198338,0.8095772089030859,0.34832321333404154,0.9228549534698598,0.42857142857142855,0.8591691702604294,0.10197480220290032,0.3132772147655487,0.0,5f7d5a33886014f3be20ec551bfb97b84b229939c585321b0ba559dbd572d4c2,0,7.333060000510803e-11
0.9939842367149184,0.9912173393682036,0.003038165865549224,0.007854929211584118,0.0,0.10190863906856411,0.9937908942775026,0.4188920259475708,0.0,5f9bfb41de17d446b16fdabd1a9e564bae272fe7ef1ab3e11a8cb4f219b888dd,1,0.993437486278706
0.9795545648819804,0.9380643930189666,0.0543485071555684,0.15266606249747744,0.0,0.02638286175238136,0.9989795245363801,0.3639446794986725,0.0,5fb063ba244d6d96c69f3684393f7b82615fac059b090a6047b1974e7d52b359,1,0.9677808251758093
0.9792528179521061,0.9802103978591175,0.002151307238096348,0.005710078552699435,0.0,0.5179718136627156,0.7585120733342896,0.46104079484939575,0.0,5fb093b8a9ee3663912118d9b5fedde36b2e0e98a6f71fa096e063ae6bfe8826,1,0.9809873861905819
0.9927155650891082,0.9527385253091503,0.05193236687887008,0.1244145931510432,0.0,0.031831562519073486,0.999146171095931,0.9660927057266235,0.0,5fb7b57f86ee2cb85076614f374c6be449ff3607f3809dee6918c417efc7f7cf,1,0.970705482443939
0.9944518084618378,0.9835813580336757,0.010557890077875791,0.03115890192633676,0.0,0.1890668869017893,0.9716762796275417,0.4137784242630005,0.0,5fcae9301bf28415c3106374de624b3dd79b5239c4edfddf74cc332590501920,1,0.9909544814238824
0.9995426809199568,0.9997374803700149,0.00013235011061246335,0.00034073244329288103,0.0,0.013434185454267,0.9997093972250602,0.43585875630378723,0.9886904358863831,5fddb396c9e4e0a3c33e9beb8eb5192056e08c5abf680071519dfaf2764979c4,1,0.9972118615260942
0.9860717687789962,0.9796682273069125,0.01496906346672915,0.032843129227069966,0.0,0.12127602096645415,0.9913334979242094,0.6574267148971558,0.0,5fe3894e49b9c641937dd0efb5698b4ebab5227176e281dba4af794b21ea5465,1,0.9887190353192605
0.9999992898037534,0.9999993021511814,3.977848916321079e-07,6.416993522625883e-07,0.0,0.06717073172330856,0.9966226127673748,0.5314010977745056,0.9975273013114929,5ff51a49dba275280b72b2963006545dec43f60a2508300692f80f80a7051ee2,1,0.9970387441606666
0.9932153657348289,0.9822835046430967,0.009983660591506668,0.030822841801863447,0.0,0.35020205378529995,0.8993340105120021,0.634611964225769,0.0,5ff542de8ba6e02771277245ffbb334f1e722b56e3f89d1903fc6e400d23e9dc,1,0.9871000561534551
0.993424953171333,0.9922276268739445,0.0012428322443832848,0.0026004612083648793,0.0,0.040536344051361084,0.9982669838366198,0.6252847909927368,0.9849347472190857,5ffe98efc467ddb42bd07dc1b63a419bd2ea6937a9e5496c91009de7f4fe7b99,1,0.9963724150828178
0.9953288106418641,0.9746723897586457,0.03332942726504751,0.09989418933620342,0.0,0.025042979046657688,0.9991861632928941,0.45809027552604675,0.0,600b2093aabc89ee56a3d71ff12e3dec70fe94d9a90178ad87ec5d61a5fb8d9b,1,0.9874572829972412
0.987136858832285,0.9745646254254838,0.012909906388597379,0.02776092568823385,0.0,0.36925452947616577,0.8911581398640431,0.977696418762207,0.0,600bf9fdee5af5a71164e21eb14f924fcfd87f9908f7418b35a222a43f26aa5d,1,0.9812472590242541
0.9952089165864041,0.9825425574962342,0.018153711636221283,0.04979107264118732,0.0,0.055330514907836914,0.9971057313125972,0.9667864441871643,0.0,60135bad312b6b3dba129e7a41977764956d35be4d5c9063fd84268f6718930f,1,0.9891240419405887
0.9945427859091542,0.9925581441840231,0.0019653655991008503,0.005914253782747236,0.0,0.02106308937072754,0.9997431945823801,0.5780806541442871,0.9880855679512024,601df0473bd8c013de2a6ce1b444821da26946ca371e6890c5fb3f4e78a58a60,1,0.9965127457701737
0.994133567521588,0.9925060905653063,0.0023418333207116467,0.007005483312572336,0.0,0.013414323329925537,0.9999980523295867,0.9834280610084534,0.0,60228574c1e1952f0b09af3059fce32b8267d332445481a4458af98f12616b18,1,0.992835819571379
0.9981770766853235,0.9978464466224803,0.0006188469342205327,0.0015222171347967575,0.0,0.009088970720758078,0.9998238136418295,0.587410032749176,0.0,60475d73e3e4d387d36abd528dd8d8293e27ddf3e819b9b4fa2369bb954731fc,1,0.9945408463967029
0.9952787592827896,0.9920346439730936,0.004992491267630402,0.013206807675670507,0.0,0.03264212608337402,0.9990061011690832,0.9684595465660095,0.0,605bdcc86350a9702a7a56d2fa3293960bc2ca05d12ab8dee6a605f418f3c6b8,1,0.9924468089125724
0.9968014883857792,0.9955778135402452,0.0013008023856284844,0.0033420421141074907,0.0,0.02029585838317871,0.9997608962006249,0.8189190626144409,0.9669862985610962,605dce1ea506afb0fb16736c6378f4de4591f876038e08b87391c688ba472294,1,0.9964271286148033
0.9924164363506714,0.983618312469889,0.019769197297174055,0.05696606158234469,0.0,0.05107411369566943,0.9980090810212899,0.35913801193237305,0.0,6084341af1a9112b27e365ed6062cdde80e7f857919171dc7a30eb9140161336,1,0.990890723293426
0.9711254680266345,0.9745107898922443,0.010217521796274946,0.02216173770707519,0.0,0.8968302011489868,0.06667044903353149,0.6987289190292358,0.9960569739341736,6093c00185f182708c8a1e7064bf45dab5bd9681c600a13669c1bd0ca820f559,1,0.9143122774263803
0.9961974003181233,0.9954210474728437,0.0006999598830798569,0.001931084176127973,0.0,0.025800049304962158,0.9995811118161083,0.6382129192352295,0.9662024974822998,60a14c2b35a61fd9e7fc65d9f61f8577ffc03a3a09e89e88d1979cd3b0b73877,1,0.9966365525676361
0.9953663278766762,0.9939928570081253,0.001648945016798454,0.004311516818876315,0.0,0.07246887683868408,0.9955833750181412,0.6978800296783447,0.9787405729293823,60b0c1bc9f2c81d230da7cd0ded66a77b418a3a3f72cf887f2aa6ab8faedc7bc,1,0.9962976931615006
0.9999951897120665,0.9999899893329554,7.062908082392096e-06,1.859140608885722e-05,0.0,0.12005634605884549,0.9918501576615298,0.5230603218078613,0.9933273196220398,60d206fdde7640f8f7e52c0254dd4df6d4eb8bedd3cdc0d90e55f31e4155ef7d,1,0.9969002826941838
0.982309237504504,0.9527680667664107,0.034058552190318676,0.10698662532613457,0.0,0.893640220147055,0.10104141733436556,0.34379252791404724,0.0,60d7f1de7e6de099d84235583935167f095bd65b1b0140c0fdcdb425909c7d1f,1,0.8082625554412332
0.9925897576114227,0.9917979980682627,0.002736829435582703,0.00434230957119445,0.0,0.14286878705010075,0.9866180893355996,0.6179896593093872,0.0,60e13045b7457abc778c04928658d6d0255e0d6b8fc5efbc0c9f6b56f90b8ffd,1,0.9926227238315035
0.9999935251800525,0.999995678017156,2.3389111575604447e-06,5.528338287550002e-06,0.0,0.024745920673012733,0.9992377460289824,0.4638547897338867,0.9957136511802673,60f29b97659df93a033e02023a54c7f0d32acdb28833a2e70d35681e5cfe8bf2,1,0.9972000518735274
0.9572053701592314,0.8802828601965348,0.2995177051532759,0.8021428290345849,0.14285714285714285,0.22858487483802037,0.9608464152268098,0.5088236927986145,0.0,60f64c685c312b0f0d945ba6097a73cff3dd77a9685ee70d9c034d096a01896a,0,0.00041858774937355593
0.9876362126214401,0.9788484113193602,0.010708824114096294,0.03079728043198605,0.0,0.029787249566203627,0.9989364484407361,0.7058325409889221,0.0,60f69e47a696f6760d72d13c7ebe14f12cfe7512a9297350350633063014cbe8,1,0.9903715257774134
0.9999991404552026,0.9999896146390505,2.3274587710111562e-05,6.651686262011161e-05,0.0,0.009511167183514885,0.9998056298579262,0.4811711609363556,0.9924382567405701,61038c2ab98727bf37bdc7155d2edeb9353e2f0bd3699b1ac7198807c47cf4ce,1,0.9972090371771126
0.9899426293899095,0.9865334117091239,0.013739633641737366,0.03448080645083153,0.0,0.30343707872089,0.9362942711759096,0.5187438726425171,0.9880309104919434,61159108fd7142bb6502c8d74f0e986538b3db47fe69c55553e7bc96ac0e39c8,1,0.9934010787215838
0.9920397013089779,0.9778397599231107,0.027918012788397017,0.08083126182194544,0.0,0.013646543025970459,0.9999966483550298,0.9777753949165344,0.0,6117c814dcb2f3190b550ce1627d32f601da79e9472777b4e7a36ee89c36eeba,1,0.9864956523250167
0.9705329580507379,0.9603633949847651,0.013134905980391447,0.03337867851796228,0.0,0.6129960119724274,0.48387814959963577,0.832126259803772,0.9862959980964661,612a78ace0a9461a5cfe789fea250dfece8c7ae77dcde3a7d505abfc1ff27268,1,0.9605704073379852
0.9968430322654841,0.9980637980719068,0.0009148892585882351,0.003012834432648994,0.0,0.2042400243690281,0.9688979283366346,0.43327653408050537,0.9894988536834717,612ea69ba08a7d5bec3d829271e94c86aaad5e77c14f56bb195e75e0da96fcd1,1,0.9964093017158503
0.9918621391507859,0.983504360579361,0.021547151969537704,0.06101194934477186,0.0,0.15762884914757738,0.9823354817063683,0.653752863407135,0.0,61329305d0cdacdb3c1e271e50a59269d95b8da82c27e8ea583fcd6516fb009c,1,0.9883776901310221
0.9999094037264863,0.9998534720907747,0.00018179886460451133,0.00048513489966428824,0.0,0.6798436045646624,0.4515388004632265,0.5033097863197327,0.9897236227989197,6146a2b2a8107c10a1e30896ddc04be24699473f1e4523531609b3ee8e85287f,1,0.9853381253782253
0.9957570589141321,0.9948203710406147,0.0017812192852516868,0.003942158417404403,0.0,0.007051914930337785,0.9998675678788316,0.6628481149673462,0.0,6146a93c48af4eaac4bc5870b49ec72bfab96f8cea8caffc02bbe8c0f3095ef1,1,0.9939219035644105
0.9996260701199472,0.9997639518051002,0.00010195496491218765,0.0003270551511965114,0.0,0.07209524512290949,0.997237781971293,0.44314199686050415,0.9928789734840393,614f23e8cda3d7a5379a815ef3e6e4d914eb3a43d1456d203aa28e077f321338,1,0.9970896922428041
0.995066703073107,0.9898468256579596,0.005121738504936353,0.015584729135201147,0.0,0.02412712574005127,0.9995469615422915,0.8693997859954834,0.0,6151117f5b2f6926534c23c63d45138c9d61f398d42c204329efee8132ff6976,1,0.9925422082877358
0.994387143100581,0.9932392772950484,0.0016983222240012346,0.004640280037760648,0.0,0.07453052698857508,0.9967754643857447,0.5654692053794861,0.0,6167debc3990569f614dcf6e9f6bddeeae92770c10d9bd40a6929b9555abd0bf,1,0.9936216648147347
0.9971556949435849,0.9936502310269429,0.0043093582528192,0.01286941982364298,0.0,0.007372796535491943,0.9999966976119026,0.9778157472610474,0.0,6168ad339342f245678cff13d47add0f23564ea951cde7b17016d1b9d38dcbe3,1,0.992950961740858
0.9917805247609514,0.9905105825708027,0.002607746026726223,0.006112093224278969,0.0,0.004381656646728516,0.9999950295023732,0.9415896534919739,0.0,6187abf9754f4890d3260b1b3131aa8ca640ba2b04c2fed7c294573ea4d24648,1,0.9925776647147381
0.9998181327064377,0.9998729304333649,3.299160669898006e-05,9.823348677521318e-05,0.0,0.015651309862732225,0.9996056442390016,0.35161498188972473,0.9910047650337219,619307959e596638f954772d0b140a8e2321ad69e46dd0ea6f4334453945392b,1,0.997306609653771
0.9949698577687105,0.9787265149069703,0.01885415677121529,0.04614998795274494,0.0,0.0230177640914917,0.999529951567162,0.7045654654502869,0.0,619d1a8e2ed8c55b010e9b88ddc37119e54038f9d5ce9767db8aa2ead3af48b4,1,0.9895586293880193
0.9999869708812661,0.9999844502790768,1.9552775915082885e-05,4.8173578571401225e-05,0.0,0.03537099435925484,0.9987259259308634,0.47039687633514404,0.9945794939994812,61a678faf377c2ccab5e3c47ae0dbafb925e3338d40cc013388878d4cb0ac80a,1,0.9971672698793403
0.9916478064448185,0.9677795508054168,0.0566825774296916,0.16250542477486773,0.0,0.01390218734741211,0.9999891979764373,0.9654716849327087,0.0,61abc2f88e3973636a04c9cf3469604a880e1d8cb17e646776fc54ffaeb4ba18,1,0.9751973571993889
0.9960130710910553,0.9749556262906056,0.04123125866004225,0.12117954106457567,0.0,0.1441022902727102,0.9862441034689003,0.6299976110458374,0.0,61c006b5597ac2fa231bb2a4becf93fc5d22145d8ebdb3f5f53464c729a3b411,1,0.9832380310974395
0.9816487553148429,0.9612184261326208,0.06251673652192614,0.17313312084710297,0.0,0.034400060887882944,0.9986230048624726,0.4644518494606018,0.9875948429107666,61c6a9a1931acbccf7494b1cbcf485e0e5d648d1cecb58d27626ac7844851de1,1,0.9839318494702598
0.997405404281665,0.9969114824941839,0.0004440810676421791,0.001181837085196924,0.0,0.00896298885345459,0.9999994169738361,0.9608703851699829,0.0,61cf0396d0bf978a8392ed708f2d2371e9d63031f70744857e68354b74699268,1,0.9937025674508501
0.9944684542419999,0.9676137803338172,0.034416500281980476,0.0999549835992434,0.0,0.06658874452105552,0.9973300267636537,0.5580458045005798,0.0,61df949a3118dc1a27231dd87bc5d8bd356b1323a7bfa738a114af80fa514970,1,0.9848630463295336
0.9999999936104174,0.9999999551505958,6.683529277584789e-08,1.7838448251640374e-07,0.0,0.45047178864479065,0.8453882801483302,0.5656019449234009,0.9943209886550903,61e86a6bacf22c53476cb9cc8b3781fb26fd2e89e15d3223597bd933760f3982,1,0.9945987393124841
0.9828980309093766,0.9874932011028589,0.003715034393107898,0.011161012122212533,0.0,0.9051770293558477,0.04696661569279727,0.4866591989994049,0.9414921402931213,61f7cdb3f686d77498b6b7390a94f0da9a82acd15da0389d4c8edcb7b4c354c4,1,0.940746752083468
0.9984022295887256,0.9940922509176492,0.005919157492883018,0.018314983436385004,0.0,0.09265706688165663,0.9945609202276179,0.42644983530044556,0.0,61fb9243f7a7ee5200feb4f93757331611254192adca9be29d9fd20600c3f26b,1,0.9936929656785995
0.9912534091938242,0.9923961763417906,0.0024046122213287197,0.0041795985352574005,0.0,0.005996525287628174,0.9999935323171844,0.9790160655975342,0.0,620cf93828daa275fedddf8e0915ea4e1ad4c9606aea3620844869b50c1f727f,1,0.9926215315132075
0.9959594586706583,0.9950570555103833,0.0016567726102533296,0.004317739740655524,0.0,0.027730822563171387,0.9994045218976114,0.7024008631706238,0.974884569644928,6214efda600676e24e8a31e5ba33d45fb894ea6d62f6ac30574b3ae77e597cbd,1,0.9964907886596788
0.9850784967873957,0.9506149629805865,0.04612565681527468,0.13915200134827488,0.0,0.03452938795089722,0.9990816346062882,0.8015902042388916,0.0,6217ecb039372f5e867d082a00ccbd4362a7a3341e7caf39046fd6e1c9afa75e,1,0.9739839207446205
0.9912046517869393,0.9907270711702686,0.002484240998230601,0.00416826336390741,0.0,0.06972634792327881,0.9956628698888143,0.8943774104118347,0.0,621bad14cbdcdd61debd4b10212c8fb0743b16da435450b2f76eee8c25b3c912,1,0.9922683326255216
0.9996758434810433,0.9991914576121802,0.0008863022438162079,0.0023867390818637676,0.0,0.02182444329359831,0.9990471756986206,0.5215557217597961,0.9949887990951538,6228f03a50119fb55cb0f8b8f9e0189be74fe812f7d72735952b6a3adcce3e2b,1,0.9970645434273672
0.9843283060485802,0.9532138436011828,0.03548167909779478,0.07543001828869338,0.0,0.053290648072643165,0.997790054001691,0.5783182382583618,0.0,623018f02dd3bf2eaab0266a724a044580a603348c810cd3de9631d559655279,1,0.9785136710256372
0.9995734353966619,0.9993567270580257,0.0007153268509254004,0.0019542230998226347,0.0,0.28022736310958857,0.9271576288655203,0.45386579632759094,0.9977126121520996,623da06974ba13265a0478a66fccc2b63cad346f0d48a385bbd458ec28d8b9a5,1,0.996031878675319
0.987180104366724,0.98369743766764,0.0054444821600748705,0.011919972073345964,0.0,0.3472673296921113,0.9009907902819227,0.666631817817688,0.0,62424297c500e26e92e08220c7287d621138ad0f12967ace7e5304b20c6ac067,1,0.9873552344280507
0.9993655601961511,0.999117963867311,0.0004269613443859504,0.0011331165820274265,0.0,0.07690037786960581,0.9970327383316201,0.3627159297466278,0.9991263151168823,62437e31b5098984f70eef1d8dbd2820695d6fcf182fe54572cce2d859251dad,1,0.997121427518669
0.9970967504253628,0.9958274963418975,0.002412093983211251,0.0067362070624863435,0.0,0.03895425796508789,0.9984711130428133,0.6541663408279419,0.9818884134292603,62472de54c7bf6babe92a3296be55dd68b9eb20a1d8762f6cb4e786136fe16ff,1,0.9965582411126771
0.9989281174293151,0.9993581133089949,0.0002572374069002556,0.0008708482008271097,0.0,0.28262489954828374,0.9380365105237796,0.597938060760498,0.983978807926178,624e6c8423118f1998ad85e6017bfc62d8e055c27381086cc2a86d56b3e9d305,1,0.9958995801352134
0.9962253148418293,0.9821642763105106,0.02974578689506878,0.08620877157039386,0.0,0.01240164041519165,0.9999997243709826,0.9672713875770569,0.0,625052894cc5dffa306cd6d59f4cd95cd603fbc912ae9b34579ac0091268bfef,1,0.9873849219701458
0.9909962459562619,0.9488593168471907,0.09804995062081401,0.2822588530095923,0.0,0.050001323223114014,0.9976466204369796,0.575377881526947,0.9698893427848816,6268e5f8d289a915c88143ed0072b7da4ca784435687c09234e58262956c9910,1,0.9675445873036261
0.9845967915374282,0.9242959607683373,0.07564604506067835,0.20360051733120182,0.0,0.036570335644175334,0.9986473029949916,0.24284695088863373,0.0,62ce708ef4fd4da3adfa4286001088b0c98a808e4e67297eafb90997b0096d2d,1,0.9489519190826168
0.9960208380518903,0.9951553004151814,0.0012796823896880057,0.0037844139061764537,0.0,0.05495882034301758,0.9971976686725766,0.6328892707824707,0.9809683561325073,62faba4d6e4c884b534b1e88f84b8eaaad25d38d980d91f69952e9ca6f99fa7d,1,0.9965385255014262
0.9999989065777839,0.9999987047722189,9.026039851299301e-07,1.524152707494965e-06,0.0,0.214111790060997,0.9587891528451438,0.5043843388557434,0.997255265712738,6301e78ae9a12e4fd0d3c16c5262c952db3f811332448ffdaaaddfe2910935e9,1,0.9964824688018498
0.9999344904274293,0.9999580949086534,2.4584145641036002e-05,6.510299143496231e-05,0.0,0.9813104867933234,0.008722411193478875,0.5848842859268188,0.9709826111793518,630490f0a625c4a738eae9bce87654689d4c15194271987419e8df7c2d6c93e7,1,0.9524029010129664
0.9976597299018646,0.9974718627732043,0.0004079009227983973,0.0007531649719968447,0.0,0.003760814666748047,0.9999677081546644,0.9528889060020447,0.0,63445e028c85c31521e1f8a60944072e52d4c019662255b89b47d42ac7503dd7,1,0.9938000366982926
0.9998090708575913,0.9998780865863035,6.103792571918438e-05,0.0001765349818770406,0.0,0.023522257804817318,0.9991011721733078,0.4921092689037323,0.9970595240592957,634915552feb05ca68fefe00d2c7e842c56f0d437dd50bd42a91fd4476a05e46,1,0.997164560576309
0.9981626665631996,0.914411887362256,0.18561091972302018,0.5419731840512064,0.14285714285714285,0.01014333125203589,0.999826241455537,0.5912849307060242,0.0,634b40f3eba12c69cb236d8a8fe0bcf0a55b278cc796d65accf2e8c1431d9dd0,0,0.009285601436282797
0.9977661393422588,0.9974935664370378,0.0024484007379079803,0.005983316509066132,0.0,0.005882143046619603,0.9999148826748953,0.5617138743400574,0.9973210692405701,634e4ce43251b0530f0fc189ac8e8b21015cdf76d07dcd8154b29e222dda2dd6,1,0.9968581248634527
0.999814554133206,0.9998511870808101,0.00012464367770769822,0.00016346931347608208,0.0,0.007658805203536302,0.9998512347690777,0.4693324565887451,0.9873495697975159,635b3e4083da1b1c38f0bd539bc7523989d796516a5552f7e36ea7852dcb5efd,1,0.9971999797341053
0.9990440749911652,0.9975603255116123,0.0027817175096368214,0.008170544425756265,0.0,0.044158220291137695,0.9976156767946641,0.8457688093185425,0.0,638669736dce4f941432462cbda20b5cd9275d39fac68e1cbd429ef1aa3087c9,1,0.993673856355588
0.9932408426627822,0.9937106648090734,0.003496428189693121,0.007258442309542201,0.0,0.01685553789138794,0.9999538844004302,0.9375123381614685,0.0,6393146548451c883a46007450df5d04c1f4d566dbdf49e4827d7d0ea1954a5d,1,0.9927947767246093
0.9997214542709301,0.9997706070058606,0.00010934311283301496,0.00019616645738512956,0.0,0.8399744629859924,0.09425579756325646,0.538731038570404,0.9553229808807373,639c37555da06b2d0586030685fc13282a093909a3bd544ee2a5cd3c109415f9,1,0.9637290384265692
0.9931991469282156,0.9602638537374971,0.07492047797568507,0.2163913012817561,0.0,0.02337503433227539,0.9996741320338909,0.6596391201019287,0.9722163677215576,63a101aeb94d46511f6555af4b31f6338e8945838c9bd30073aab41e8da18f4e,1,0.9811311893524836
0.9835356891306146,0.982770311382695,0.0031042616397325517,0.005857694880084363,0.0,0.04420369863510132,0.9981362546625195,0.6089354157447815,0.9824209809303284,63bece33176703ae45f0c6ef4f2b40580974bad99f0774012a4cccc2f8f0f0e7,1,0.9953466395304489
0.995313613122115,0.9944703040951025,0.0015489893438959028,0.004440150071778841,0.0,0.029154118150393718,0.998975762879117,0.6349440217018127,0.0,63c7762ac8abfb4c4c6d5a6d9b8eb6b7dee3bee6c7eb9985de57b4afde0a4bd9,1,0.9938646748659496
0.9952102440009292,0.9936458257378777,0.0014941494475912743,0.003758274429423114,0.0,0.04400581121444702,0.9981542571161958,0.7028465867042542,0.9519787430763245,63e1d254410c70225e78a8e694418b65bf0a7ec33c7d13f417cd1620da703c16,1,0.9963116072028616
0.9879566191600674,0.9826033173028254,0.01178360754151163,0.03323011073168125,0.0,0.020393788814544678,0.999474591108828,0.545894205570221,0.9834846258163452,63eac73b01dcb9df6c23ad076a8d3812aa500c678cf3592cc0d8be61e6251b39,1,0.9950543581731023
0.9945087102372888,0.9890616776422583,0.007709802153507793,0.021729212473938553,0.0,0.00802379846572876,0.9999754494363056,0.9074692726135254,0.0,6432e789edee8b49bde60d4d53ae06266301574aaa8999cf0728c7b609453005,1,0.992057810191781
0.5057211564682563,0.6979462017641421,0.24116209307935849,0.4595848384663257,0.5714285714285714,0.8104337453842163,0.12333805213122319,0.5627063512802124,0.9764679074287415,6457106711eec0dfaf414beb77081f9f944269c7d9efac7a94ddceafbb3bf268,0,7.751604816031321e-15
0.9943049071806478,0.9903627079541499,0.005825373482922018,0.015341753997324292,0.0,0.01831597089767456,0.9998911645181111,0.9346585273742676,0.0,647a41b71f5fdd4a4791035edb39f6c3e25b105d18f4360e758bb33e2aa8f8fa,1,0.992277745355129
0.9893996774561116,0.9855980861945215,0.005778687165915615,0.017256712961911586,0.0,0.32462421059548907,0.9120376561006854,0.601520299911499,0.0,647bb5238042cabef8e5f5da2ec65f2512a6f01075935879a05778575fd5d031,1,0.988670540952329
0.9999931197776339,0.9999941763310769,3.1394010947479795e-06,5.368767653676752e-06,0.0,0.029747519642114632,0.9989977447846589,0.4147952198982239,0.9915892481803894,64a6c85d442e4caa2ab56ca42593c9320a252fc8d6c05326d11b14a97db4637f,1,0.9972291885047111
0.9999997852492537,0.9999996554329489,2.7127545932532494e-07,6.898921928399428e-07,0.0,0.005043619312345981,0.9999698187574206,0.5549507737159729,0.9960873126983643,64c9e80442865d01469ac629917dd893744bfde6e6903d6558de96496ec13277,1,0.9971548300019687
0.9939811345805533,0.9913673334993963,0.0020737969497918035,0.005903960459553992,0.0,0.06211388111114502,0.9963794663192714,0.6674647331237793,0.9780324697494507,64cb00973bd238d06dcdb9a03dd3ed05dffbb94b0d0db49f4aaaf0a0495b2b6d,1,0.9961676833326433
0.9997752734028225,0.9999157022002069,5.9405265969149e-05,0.0001981542981155248,0.0,0.8974215984344375,0.06277817290935854,0.562553346157074,0.9807556867599487,64d2db3702c2377abeb88927df5b37d1b77c44a22484fd6f4ae76f75295f63c2,1,0.9601617464212782
0.9957373121168775,0.9959170580790845,0.0009693455533612634,0.0014368395076411276,0.0,0.016558114439213983,0.999509660515098,0.662264347076416,0.0,64e5c782a64112983160d918a420369f457c470d917ded2d7c9f13bdb3d8fed2,1,0.9940439708485134
0.9922199924436886,0.9906980768202259,0.0021562998711081092,0.00587558809677485,0.0,0.04290907075862698,0.9984625389178022,0.5206749439239502,0.0,64e97df6e0493450f3b6a1f09cb84b650cfe8594ee1f3b7c0fbe209e926c3e7e,1,0.993487830212844
0.9984586044143354,0.9980419999858167,0.0007338581677909924,0.002043550024431351,0.0,0.00491940975189209,0.9999925292478009,0.9729062914848328,0.0,64fbe2ec23e130e4a37c0d0cc465ec47e96d5e9a03504d501e48f867dd024b3b,1,0.9938156951459488
0.995135542047332,0.9922149362275652,0.002222435798926756,0.005763803850537193,0.0,0.010386466979854566,0.9997639770099956,0.5782588720321655,0.0,65037e0935b484b18b60e7925274c94baa6baef3b0f1cc6667ee670c5395ef7d,1,0.9938046355204011
0.9896968906692432,0.9777970117348532,0.015034153230543109,0.04103246679000072,0.0,0.06084156036376953,0.9967789744212201,0.9112419486045837,0.0,653c85d5e3ca43add48b059411c2be2ba4b5f7978614cb1c14de4f568d94ce99,1,0.9886264225754594
0.9967131912638437,0.99418564599931,0.0022947798456102644,0.005006968516059751,0.0,0.003809630870819092,0.999890434398109,0.8008513450622559,0.0,654208e1e128e871ce3ac87a9aa59f24b2293c3c895fa2b285d3f3bbf1592931,1,0.9935873323085969
0.9997414407516401,0.9997012654499766,0.00014390901522689384,0.00029286757518702506,0.0,0.17353087663650113,0.9820827930893153,0.4596671760082245,0.9887521862983704,654e8a77a47d84d39f459affd94f11e2ef9303376b1141d6ef986bdaa11aa1aa,1,0.9967516573796751
0.9951119065694306,0.9949154719658534,0.0011379620540793345,0.0028595814345587778,0.0,0.005492031574249268,0.999993249947607,0.943737804889679,0.0,6555ab595252ef5460a18c27a57cdbd718ae5e28b03b5080057b8c28ef578ad7,1,0.9933709687212282
0.9999830588056334,0.9996716219678612,0.0007771233450675421,0.0022149156855218364,0.0,0.08345846831798553,0.9953053451397065,0.4119015038013458,0.9974491596221924,65936ef3d3862669a9b12ba267003f6cf255dd65fb70b0062ed7c046592361de,1,0.9970667797519521
0.9999917037186561,0.9999915170452335,4.5293337075146195e-06,7.873805760164243e-06,0.0,0.8634775876998901,0.0996005487145536,0.5514448881149292,0.9573548436164856,65b700c97609c9dac4140962ebe128156d9a14be71f007b18e5a1870ae463183,1,0.9637381376226488
0.999341180890107,0.999237697636053,0.0005165820975143575,0.0011186484987770794,0.0,0.5072966813441284,0.7223124866637202,0.6061461567878723,0.9875856637954712,65b78a4d05323faef6d8e403cea5d9b329ee878bfad20b277363166fe55ec8dc,1,0.9923336691357394
0.9626008333884103,0.8766724577913084,0.2717271002320766,0.7411479197342882,0.14285714285714285,0.03778433799743652,0.9987894242585286,0.9467482566833496,0.0,65d3de3fedc38d2ab5c33470d733319b1742b33379bc23783b9449ab3fce6ae0,0,0.0007456243422680409
0.9965663612659386,0.9938510623216736,0.0038448768619711348,0.011626781628120364,0.0,0.04993695020675659,0.9977638620705719,0.6243239045143127,0.9750932455062866,65dcf7d1d10c204d21064d0aba7d774eca02753f0ef3d63d9039fdd8ae0e70f7,1,0.9963614469977742
0.9850504486469825,0.9149598673008856,0.09733212634064445,0.2543147946258415,0.0,0.015592246275431876,0.9995428198123921,0.4320507347583771,0.0,65e22ba3d5cdb0408c19f5904db86ed0f7f0508686a68eba3cd6713c26e06dce,1,0.9140726825073163
0.9893963422230355,0.9482482070018541,0.06638153856554391,0.19413293572655457,0.0,0.521906316280363,0.7727033594757362,0.3642629384994507,0.0,6603bd15465190eb9eb24de08d22bebb5a1a9ee1ccfb103741ba5e564f200a11,1,0.9313295324970372
0.9998620475696827,0.9995773608024792,0.0007280933759286992,0.002062982611577464,0.0,0.009153096005183972,0.999839065789846,0.5446602702140808,0.9829745888710022,660ed07282b28b3405f687133b18d16864ba51fed405b774a9e79e15120cac11,1,0.9970790625398646
0.9927118548448226,0.9775672808504822,0.016275015188664428,0.04614834315034098,0.0,0.035711333154947164,0.9986511262776511,0.39818790555000305,0.0,66137a950dc962a70fb24b6af41fc4315f0f56e8556a9385068bae907ecb3b3b,1,0.9907128050789636
0.9994840920312005,0.9996883131492533,0.00021384878591575556,0.0005083759410795429,0.0,0.008551131083446961,0.9998324895838793,0.4697977900505066,0.9970291256904602,6624039e1029281b2ab38ae360efb4be9684930b54b52ec8f06e4430692495bb,1,0.9971953427732658
0.9961712622091483,0.9932051743582494,0.0032924796156121134,0.007734530886959856,0.0,0.003606259822845459,0.9999877165676117,0.9674779176712036,0.0,6654c843347384f2369d6494a87c6373a776607efc63365e029c517379814dd1,1,0.9929750574005869
0.9964352031806686,0.9951387743240551,0.0016098359339807608,0.003495278026124482,0.0,0.07122987508773804,0.9949825821737455,0.6124534010887146,0.9874070882797241,6655af49a969b9b0c0a152571c84b17dc2ca509ec70a4d13c897367e39d16dac,1,0.9965052404773669
0.996004883628392,0.995880852998866,0.00037853344863724494,0.0009360984409990669,0.0,0.010836124420166016,0.9999994421411006,0.651159942150116,0.997930645942688,665f3ef37b154a59a18f52f294aa8208ba88d35feec852f3a54c275bebe9b5a9,1,0.9967503609915429
0.9868190566582461,0.9705972392054772,0.30374236384283204,0.86953974726309,0.14285714285714285,0.015066325664520264,0.9997741959237341,0.6760810613632202,0.9915585517883301,66783e8eb80fda185563128054f61d10da44bbc66a5d7dda0520269b83214ccc,0,0.0039469646761454615
0.9963132199531531,0.9911475034287109,0.007464002191668099,0.022937295114493723,0.0,0.0068697645327675146,0.9998888517553731,0.6383869051933289,0.0,66b59e9b5a654c75be9e5fe6416a4fc94b922a7906bc019b40a81eb1fce65154,1,0.9931237239438709
0.9945034385524902,0.9039081605830968,0.1837075908927949,0.532532868314196,0.14285714285714285,0.00721259368572391,0.999885740728676,0.5406801104545593,0.0,66bad46f1fe1281c09e5dfea19b448fef42458a575f421f339e883217ac4c358,0,0.008186518475620476
0.9967030673656703,0.940512865710562,0.2974241656698286,0.8893385009896168,0.14285714285714285,0.003945469856262207,0.9999006542182896,0.9592779278755188,0.0,66c98b306237158a737515bd73172a31b99c3328b09264a5478889e42cbcf63d,0,0.0018194059151967136
0.9668800396504137,0.9698263824529633,0.006224778005198838,0.010803484044556153,0.0,0.571371256639839,0.6385066634411871,0.527370035648346,0.0,66cff46569b621b26ff07ac406db5fc8a8e30ef711f8f145eb80acbd1cdc92ea,1,0.963965359908415
0.9996995953522076,0.9997314193723568,0.00010354404549055296,0.000227234378246711,0.0,0.05231066793203336,0.997412326783742,0.3264179825782776,0.9875514507293701,66ed6ca84c67987749a5c7f49d12f6435d154c75654a3b9bcd3792a37698074b,1,0.9972328625018975
0.9974877533237628,0.998062620019241,0.001441020978304698,0.002658671282888572,0.0,0.9279990085771317,0.04718461927406202,0.5825092196464539,0.9854786396026611,66f7ba827cd105b5e4312f2635c071dc5ab9f151060377258c005d7ad319d857,1,0.9548330672280799
0.9934428058829484,0.9929837123365933,0.0013546679246581215,0.002946186000394868,0.0,0.00928264856338501,0.9999859497866762,0.9812436699867249,0.0,67012ed7bf431013f65f72707e6678a83541b7f7bac262d6db36a30827a4a6d8,1,0.9929573321100628
0.9924461384121911,0.9905028886228181,0.002278274769574389,0.00598093768757868,0.0,0.045971572399139404,0.9979163081166686,0.6399661898612976,0.969329833984375,6718d1ad81ef29aa39f192b49916b63d695ade6cabd3e4b391e1da21a0c9583b,1,0.9961228765837418
0.9955740035757568,0.9950746452632273,0.0007719515637911143,0.0020591747994042064,0.0,0.045009732246398926,0.9981154631007425,0.6561682224273682,0.9596748352050781,6719e4c3f14edf090ad01fc55e2239f4c701e560275a4068723effc111fc5f67,1,0.9965073221093912
0.9631938832048554,0.9407571807646387,0.05007041686203252,0.14084559320137313,0.0,0.8757027834653854,0.08001925413062261,0.639869749546051,0.9930891990661621,671c3f9ee7004cd0458c9d8629cf3af833e4999f396a60d0071d918040477797,1,0.7776615915843835
0.9981465347448228,0.9952972641326886,0.0026906524950332357,0.0077644949509472205,0.0,0.01950514316558838,0.9997794879517642,0.9190323948860168,0.0,6722bacc8d27ff500874d461412ce88f5a08eba1df529f27f75731411b92ce13,1,0.9934153839236027
0.9955068433194075,0.9935923407749002,0.0023836942931009892,0.006056665759135851,0.0,0.048424519598328664,0.9982087222021145,0.49818024039268494,0.0,673e4044dc605955d1f5d012468f6101c8fe35ffe1d02ed9153aa71912c075fd,1,0.9939068270581523
0.9998681246191835,0.9999082565615262,6.247384626439514e-05,0.0001235515460088831,0.0,0.0050887204706319715,0.9999341934915571,0.5083187222480774,0.9983909130096436,6747947e5e777d13fca921f3b0a4c16b9c7bfb208409596677ca7b10830a69bc,1,0.9971932775929457
0.9965065934369877,0.995595952625408,0.0009268493188966483,0.00249048479783176,0.0,0.027816712856292725,0.9994331850725049,0.6624143123626709,0.9868735074996948,67513b0a02626e4926acf1b165a65057a751830a10aab81ca5bd776616425900,1,0.9966474747329446
0.9981422326089581,0.9972904903000241,0.0011203107472858903,0.003261187257221132,0.0,0.005506992340087891,0.9999960111913719,0.9755953550338745,0.0,6752a8df4e17d4ab3191ba5db9d0647fe028aafd477d07177cbf3a75e365ab49,1,0.993689571685026
0.9944205948309901,0.9871374821995029,0.0077751797446112434,0.019577135652031192,0.0,0.019447296799178455,0.9994186854665466,0.6580184698104858,0.0,675b8624fab6e287aa1c95936b484b106abbe42ef5eb082db15a288f47da976f,1,0.9924031609565434
0.9998312180820216,0.9998636992608019,4.63331201445957e-05,9.518181995774966e-05,0.0,0.2710093557834625,0.9450000750955044,0.39261767268180847,0.9607176780700684,6760899f3028252656499776514e324733354875704c5874306bdad184d2ffd0,1,0.996281541654062
0.9530229959547735,0.8987655679221893,0.1311416330599272,0.2924507182863054,0.0,0.10063922376320988,0.9939049674767296,0.2937902510166168,0.0,676870cc85cf0bd21b1b1e7f3ce219af0ce10811cf528685d100aaa4286461e4,1,0.7557803541547664
0.9999929981002965,0.9999954126701154,1.6401859738504586e-06,4.870538123206217e-06,0.0,0.945816159248352,0.02005847181175642,0.5499101281166077,0.9721575975418091,676b2bec0e438c6a368ec4a5d3c09b6eff1bf794b2b73c092e4bd675bd39c302,1,0.9551733002595617
0.9958681840167858,0.9927012016642431,0.0038647275938296067,0.011051540865702423,0.0,0.011900177225260574,0.9997180367124965,0.6663364171981812,0.0,6774c0c5719a881e086f7d53fe52956b4eee2931dc3da304b9e2eb09392fad86,1,0.9935228835925424
0.9998514790911519,0.9999229804849332,4.303140884340687e-05,0.00013449258870951384,0.0,0.8049541711807251,0.10520713871317199,0.4189520478248596,0.9385625123977661,679c53b7ca3d912fb4c88723089b54a295a59da312567493593deedc4900e650,1,0.966535828488144
0.9958109683787887,0.9917526042302116,0.0045871259673023745,0.010614915302506356,0.0,0.015208959579467773,0.9999408998477461,0.9695836305618286,0.0,679e25078b2c491fa52a8b3b79f2b5cbcf8f262443e68b2767bf1dd9f578c7b7,1,0.99258417012626
0.9842323877886552,0.9792209110829366,0.007236422153478126,0.01948478584932034,0.0,0.10320615768432617,0.991540582252682,0.6106368899345398,0.9622001051902771,67c2f4c499cd86e3d853183c7a9f94323c1bc246871f05f061d65980f58fcbdf,1,0.9944778801217857
0.9927249720552882,0.9913626165283537,0.0017505189971657542,0.004849673306932201,0.0,0.04600882530212402,0.9975105567870735,0.6484358906745911,0.9819076657295227,67d21576da6681e3460afd6cb601895ce493aee44060cbf8eb45d1b7a765c493,1,0.9962260387549637
0.9964479346934948,0.9979822685086576,0.0014414843189691784,0.00320304870740855,0.0,0.029064273114542516,0.9989932147742892,0.6168217658996582,0.9971277713775635,67da314604b2042dce1bf5da988dc04b73abbd731059747c10220042c71087c2,1,0.9967776387122128
0.9977679436054999,0.995927879366427,0.002485347989317254,0.007423235677146017,0.0,0.004146848339585639,0.9999546615342878,0.5976445078849792,0.0,67dacfeba1a9835ebfed3472e27237412f4f831a2dfd5b00baf4f17f71fb0185,1,0.9942108516743531
0.9963572925695421,0.9949947175673168,0.0012230024660204052,0.0030885335520715795,0.0,0.009320952929112905,0.9998350379633383,0.606444239616394,0.0,67edf45679aeaa112ef4832902d2965f1db15e26bc9f575704eb7f39e49bf642,1,0.994140020717069
0.9962600483143853,0.9955950406273458,0.000963382387113785,0.0024222894025179853,0.0,0.028569340705871582,0.9993188851706095,0.6242437958717346,0.9896848797798157,68025e03af801fd95cf42a88d32535640ae69a9202490cf83c92d321c045bed1,1,0.9966828967908803
0.9457845885813778,0.9048541089559939,0.28827774177988325,0.819831346126975,0.14285714285714285,0.8435352915568117,0.17409516902312133,0.3470069468021393,0.0,681ce9b74fc04edcd9682ddd70473ba006d855c75c41132e511cbe878c44814f,0,8.631312782692863e-05
0.9954757150181628,0.994020146595836,0.0021671970419471,0.004087760708562538,0.0,0.012331664562225342,0.9999989532785276,0.9729036688804626,0.0,68383031fcf3564ff64fc488a4add07a2153671635ca0dcf45f62de5fce156b7,1,0.9930752680644327
0.9906530391930191,0.9770104105295737,0.022557282866688642,0.06233413397737231,0.0,0.028303682804107666,0.9994586507492982,0.9823710918426514,0.0,683a49ca383badbd4f18de29420034eb9641903032c1993ddf1ad77e128af784,1,0.9871176888365564
0.867038726328827,0.7230051132027242,0.1662876494169268,0.44837729064034115,0.2857142857142857,0.01413726806640625,0.9977616681877074,0.7533286809921265,0.9528380632400513,68500c795e7781921b9077721f7de14ed828bb9ab3d681193539524abf9b79ab,0,1.6496983135950254e-06
0.9863909494412186,0.9786570539996892,0.013642685544496906,0.03439666151052613,0.0,0.4282249808309064,0.8376859795284723,0.3898070752620697,0.0,6851b5994897f9a25c00da56922f52785d7f9942e1dcd656101ce10bd268db4c,1,0.9827955829678745
0.9920305056638952,0.9886390299928155,0.003619572918990161,0.007256065740367412,0.0,0.11758661270141602,0.9923935708870936,0.7445917725563049,0.9468493461608887,685a801231be7334e3fa582efb56a6b6762cb66112b2d10ae61768e2774a9171,1,0.9954277825714664
0.9941849461404553,0.9927592975074804,0.001825558670029756,0.004529623915016989,0.0,0.07337421178817749,0.9951557008471262,0.7412991523742676,0.9609513878822327,686098263ab349ad690690141fadfe0f513781e63e7a11b49cfafadc2572fb7e,1,0.9960791761423162
0.9681767034831481,0.8380143115189117,0.3588511705807101,0.8931727340545268,0.5714285714285714,0.1736544370651245,0.9761524014583941,0.9193729758262634,0.0,686859c540a4e40f0a0f30577d140c3f5842d0a9fa2d19351fd51a21d9b5751b,0,3.0873269481171396e-12
0.9955872569497048,0.9933274516353361,0.0022299456325968817,0.00499056815985921,0.0,0.018867433071136475,0.9998757273618663,0.6226229071617126,0.9728801250457764,686dc09b7b9945dcc3a5d260b25d4aaddd2a8991e38b2abee97e360eb1893105,1,0.9964749623051794
0.9964548125186401,0.9952260880774253,0.0013785051637349235,0.004089752098407562,0.0,0.02129495143890381,0.9997296898887158,0.6158214807510376,0.9809756875038147,686f44735ce83fac6cca5d3283c1008fe00b118ff11342691da921c9b54702e0,1,0.9966650890263592
0.9944883588202448,0.9886180514828833,0.004815041226092359,0.012123541268631577,0.0,0.029972128565902204,0.9989301451537258,0.5064382553100586,0.0,68720f271cda9183b1dc3705716bbb007dee27eae332447a51220bdcf1a7c715,1,0.99323038991283
0.9764436247304047,0.9871353024582262,0.008984203787323187,0.02118739712720356,0.0,0.6477434978735399,0.3138654132306516,0.43639934062957764,0.9516587853431702,6877f7d2371bbf59ad50e12f5ebf31a922b0c4004b1cf0803dc7ee2e6f84cc86,1,0.9671453886737947
0.9900755272677645,0.9889110983656143,0.0022999555458510655,0.005965841435429553,0.0,0.020254671573638916,0.9997090825123052,0.5796590447425842,0.9908674359321594,6878f364258aeb6e788d98ee75e4f7d76454ce3b2f4c40e58d46744819eb9a04,1,0.9961654292881512
0.9981058139956557,0.9992999200802205,0.0005234391175817231,0.0017948104710663487,0.0,0.3595101528302109,0.8908147662508358,0.5870679616928101,0.9753854870796204,689948634add04f2ca536e8ec3973655e6eddf6f732876d87effdbaf39e9bef0,1,0.9951460226710759
0.9866487353077668,0.9792770723834572,0.0117178341364878,0.0340749209674962,0.0,0.06087899208068848,0.996747323984126,0.5919325947761536,0.9802801609039307,68a6a6536b233223d8d348633860e7dc0a037cefb790392aeaf81bbfcbb5b519,1,0.9945221519454553
0.9964003220420945,0.9909782040964709,0.0069795693660758724,0.01825368380468928,0.0,0.01133197546005249,0.9999702189997058,0.9104218482971191,0.0,68d0d6c59a4cc2287acbd1b8205037e10cda0cf664c26a023ce57b397f561e01,1,0.9924325692639693
0.9930913118417777,0.9898302800547812,0.005223981071893107,0.015709621917071814,0.0,0.03346359729766846,0.9990339601459944,0.6164537668228149,0.9864619374275208,68d3291b98554e5d16397e9f87e594284e4c6d1452d9285a70dfd50d765cb616,1,0.9960415442806525
0.9945424379003048,0.9925256921890432,0.0018246465224555988,0.003821320093772118,0.0,0.02583181858062744,0.9993493846576208,0.670524537563324,0.9295063018798828,68e10b2184aa30c1a8db41e3e7c869acaaa66d5e6f528dfc1f46f046f44285ea,1,0.9962539471437443
0.9952635880918281,0.9217135586759551,0.3044639721140599,0.9038892344568694,0.14285714285714285,0.054095447063446045,0.9968651358741324,0.7211946845054626,0.0,691a9687363b263a527509ac67bad2b1c6f9a7709c2f31fac9147aa36e4dd5d1,0,0.0012869482128249673
0.9912783100461476,0.9230564042589507,0.19704783911096443,0.569711886016817,0.14285714285714285,0.031150519847869873,0.9990858230206272,0.8852330446243286,0.0,69309fd35713d415fc83ebb337a33f62c163bdc6ffdce1842ad504fe18300bba,0,0.007070145033887529
0.9819564703882745,0.839943541215659,0.36379927365684234,0.8701934385908916,0.5714285714285714,0.06502978310157848,0.99715096057822,0.27281510829925537,0.0,693273aef04ec1849ec4aa3065f918d8ec14326c3bbb603c59506db631d2aaa4,0,4.297072121815066e-12
0.9985980626995415,0.9985942682765796,0.0012713719199534228,0.003044514088859988,0.0,0.0178377088106643,0.9989154084409396,0.45523306727409363,0.9986621141433716,693c3735d70930fc945e00e955e861c7c8412f79952a7f04b3733f053e72339f,1,0.9970701522330477
0.9981710142050669,0.9973865108967488,0.0018472380391905772,0.005305940686121446,0.0,0.00835728645324707,0.9999912899957577,0.9597622156143188,0.0,697a0f8a91c19b315c2ad35b90aa3bc53f02120c5375069bc3b93b87a8f33676,1,0.9936430086532494
0.9960248602027676,0.9947861277053283,0.001575969034090722,0.004641582840603564,0.0,0.038076698780059814,0.9985075412577367,0.7529847621917725,0.9726743698120117,698ede429d78a58907f5a7699566df5643e05a9bb13132858c295efe56624b21,1,0.9963919922059635
0.9886828310295337,0.9850236993577338,0.00823661372499211,0.02296466444115386,0.0,0.044189453125,0.9976657720353377,0.93340003490448,0.0,699ebdb4c425facac99465fcb24fa4e8f2f037ed2c4939d44def1ae3e1ac2487,1,0.9907403613179124
0.9947353530143364,0.9931847551196867,0.0017523553702347792,0.004842397492515915,0.0,0.05046814680099487,0.9977337689643816,0.6593353152275085,0.9550549983978271,69a87e6b6a83bcf7924627bcd875820739953e19249036e0d34e66d0b3467587,1,0.9963020872808394
0.9913078342031735,0.9903206269909968,0.00235576023468139,0.004755415508099214,0.0,0.00979071855545044,0.9999996355908514,0.9742204546928406,0.0,69b26d885709e43714cc5c2ce637466b8b2fc4820c44cfa91fbca27082c67177,1,0.9924376887981339
0.9945764428192747,0.989245654779284,0.006634982859061345,0.01841039413292256,0.0,0.017608702182769775,0.9999179350791845,0.9332278966903687,0.0,69ca184c29b47835df75468f8a161df6a7826c9129c3bfd725da1455a3804e2b,1,0.992099822101451
0.9964967937404235,0.9924643445931237,0.004947245543091241,0.012370105810597493,0.0,0.020039832219464284,0.9993867199258736,0.6619344353675842,0.0,69ec9b6428e6db1383d2238bde1b7ef20300844778c9f6f44d1684f0ba6d4c6c,1,0.9933661056070389
0.9966463684172042,0.9960247235722303,0.0010533968160421066,0.002299118258864863,0.0,0.04094153642654419,0.9985082758002151,0.6562538146972656,0.987653374671936,69f51e7e488800951d378bf5ead31dfc70f2c6e42bfa8a9318f2e8410111d83c,1,0.9966315202930116
0.9999978023040855,0.9999977650434377,7.917023869148437e-07,1.5486598139000203e-06,0.0,0.019990256056189537,0.9995461489572316,0.4822511374950409,0.9976993799209595,69f641d966664046734e45e07384dc031e4883f0912725053f3be43d5545b10c,1,0.9971967395769011
0.9895629727224234,0.9751336254173519,0.023873212191396938,0.06147313623445039,0.0,0.016880571842193604,0.9999290281389266,0.9401741623878479,0.0,69f915f4798477b57ce953d9b28c224843000b1ea6ce4bf75d80afcdf9a32d83,1,0.9865490517242007
0.985424727059182,0.9463761706860639,0.03885365805962326,0.10532098455052273,0.0,0.03183412190543322,0.9987025272759413,0.25157982110977173,0.0,6a09f55c8e9f40c52afca5e47b9a9a574ff45412febc98b1333c9b3074c4acf1,1,0.9792849966343791
0.9990732504890977,0.9993951833695807,0.0003083354392378732,0.0008648690792267457,0.0,0.9555668830871283,0.012331170519161066,0.5240452885627747,0.9378136396408081,6a2ac845652a513b07d90e18fff41e148b36741f6d52faee8dea42aa24363d41,1,0.9526920521623907
0.996525635062324,0.9924531790101455,0.004995434048242322,0.013142280829592456,0.0,0.049613118171691895,0.9977098462209328,0.9048529267311096,0.0,6a3bd5f8e92c289d9b524652db7a636b8f2c95dba5375b731c4e9df2c5e45351,1,0.9926285177478359
0.965253475062716,0.9641320852617372,0.00909000468585312,0.015956569839692736,0.0,0.038525402545928955,0.9981984204498121,0.6549312472343445,0.9730214476585388,6a3d15e5427ac4f612dfff28398d74a10e6c0d9d9f0a747063c11e0dab4a273e,1,0.9919835257472592
0.999994825346396,0.9999933149783208,3.958937120303162e-06,9.549075697548611e-06,0.0,0.0033844907302409406,0.9999844298075662,0.3083287477493286,0.99750816822052,6a40bb190bad9d96df8927a186ab4994095d96f5a3c0bb7bdaed66e27f20ff5c,1,0.9973897096722053
0.9999920344082424,0.9999900067735827,9.290321150403106e-06,2.3993846120390144e-05,0.0,0.02273501828125475,0.9990942673694841,0.5738375186920166,0.9868327975273132,6a5454c42d676b4e8f96748fca7413d6d6864507e06fbf3db24489856a708ae9,1,0.9970799565157747
0.9978307992151634,0.995980912031892,0.002064154897724108,0.005836885149969606,0.0,0.010113954544067383,0.9999991068993088,0.9572998285293579,0.0,6a7bd751646de87cb2bef0c55cbba43e6a62392ef75b8da54c92e1603e27349e,1,0.9934795190386451
0.7268790702787362,0.84299978271107,0.0806874379198636,0.21720742594734624,0.0,0.21070957649499178,0.9999346913170577,0.6216061115264893,0.9928746819496155,6a85c1261f70e17c513ae62ecc71938247898ae958f70a7fed128a4e2f49974d,1,0.42454039758145246
0.9910692669235375,0.9638126870445942,0.06070226085655548,0.17406205867131286,0.0,0.0830565094947815,0.9947963017329207,0.8731367588043213,0.0,6a9dc0415d2c5e51d34998c234aa702ee6b6449168b9978f0ecb1db3495efef0,1,0.971272188577412
0.9943966846806412,0.9862710892971526,0.011231224728746263,0.03370475744187139,0.0,0.04199789836032287,0.998522934883916,0.5262652039527893,0.0,6aa8a16670f8315c6d1037ace35c1543f7e6e5b20340fd972c37876abfdfc750,1,0.9921521950404675
0.9994219580985694,0.9994379257186896,0.0007327193136338675,0.0017353202878318003,0.0,0.946623682316873,0.02152405979713544,0.7263996005058289,0.9476615786552429,6abc570ec97291464886b03580e2bbacb596c3fda9e74b26e7e8f66c3a8439ff,1,0.9507842820483505
0.9945974006079681,0.9916998742882651,0.004640856291563563,0.013013035643176463,0.0,0.01674365997314453,0.9999402742983262,0.7066200971603394,0.9807716608047485,6ad83337997aa40c062ef306244647de687303dfacdcf6bb2e88b43715ba6c3d,1,0.9961386408598765
0.9999999530653922,0.9999993227233874,1.3450750706381803e-06,3.90574672007872e-06,0.0,0.5405921936035156,0.7019902863181473,0.5342187881469727,0.9741042256355286,6b046362192ae0c9716287bad861a62a0f514a1359e1957e4216f0ff9772d391,1,0.9921434060460752
0.9957689986838967,0.98982987696202,0.004866023794744855,0.012795913193672473,0.0,0.17273619770988052,0.9781845339902427,0.521024227142334,0.0,6b04ae6a1bc49f58f2494bd1d315f4f9ead60ad69575b25fb410d33002587b2f,1,0.9923860989576335
0.9524992190258887,0.9652572306064854,0.016544465639590094,0.037817556957321107,0.0,0.5058228696907889,0.7356820073769633,0.4665992856025696,0.0,6b1292476b56c6d86ced94bea5db1eafbeb33c5d2f0ac9e71e39e95e73a8d0ed,1,0.9604590351822627
0.9863905190774166,0.9864106776354644,0.003493470629010516,0.006442285750572794,0.0,0.46982747316231976,0.8177621803783351,0.48610737919807434,0.0,6b26e673832316b4523807625350d1c98169a76990c4a724d6cbb83b2fa7d18c,1,0.985447341745953
0.9960107614421192,0.9947123992325242,0.0015378106832972598,0.0038843345659519413,0.0,0.09396171569824219,0.9932447315156666,0.6526997685432434,0.9674466252326965,6b53acca9a99d654cc67e52a00cf435a651113bacdd1a805167fc80aeaa0b7cc,1,0.9963209906561341
0.9968875925871203,0.9957882738621826,0.0016970483580660332,0.004756727776286662,0.0,0.004620552062988281,0.9999999359781164,0.9712198972702026,0.0,6b5c0d5d41ba95b217b94fd6909a8f6f26d4a620a7b47e5a927f4d666067db7c,1,0.9934386142331294
0.9894330003089611,0.9818345549362305,0.008622381365155845,0.020526879925555575,0.0,0.0684235692024231,0.9964208378067769,0.6289634108543396,0.9524354338645935,6b7f8a7772ae1b3b3c45d2643c2e69947cb02b0b955a4e1852c46f27460ba73c,1,0.9948742846283792
0.9982235894745195,0.9955482209032736,0.002166797706530762,0.00614802203285536,0.0,0.0061394572257995605,0.9999914636991653,0.9707632660865784,0.0,6bb05483beb164c09348bf30fac0936975cd36dd7002b0449cd4fd48caa9a286,1,0.9934433607059225
0.9963752406246684,0.9757906748049477,0.035124814612344735,0.10471771481899961,0.0,0.02023249864578247,0.9998747958706304,0.9348695874214172,0.0,6bcbd3324140f3c4d8f4698ab420754e2cd3586877ad0b19738e8994f22081b2,1,0.9852301261999562
0.9965793656037678,0.9960660360639962,0.0004022856430879791,0.0010662798838161347,0.0,0.01444089412689209,0.9999677651591098,0.6373762488365173,0.9958838224411011,6bf087d7a7af350fea1d6047ef6b49379dcc1fe5bd27a77d4834131883dadf6e,1,0.9967780281205662
0.987691235271543,0.9262578010736415,0.10727285952903512,0.3221250981736441,0.0,0.14195525646209717,0.9854664632785127,0.6480719447135925,0.0,6c029cc8bcb58196faa652e339a0ade2a6fdc700b5175747a67df878bbd72979,1,0.9057153911292285
0.9976376531369664,0.9984007246266299,0.0009274114726829794,0.002009377273081178,0.0,0.5452717542587133,0.6988896973874726,0.49541783332824707,0.9935907125473022,6c1850a85ce6faa3151b09a606906edff81de18afd786fce885ce4cee68d0d98,1,0.9917826690667145
0.9951587802861,0.9931138256345795,0.0036511645964315597,0.00946302834683621,0.0,0.013090014457702637,0.9999987945081142,0.6213318705558777,0.9982351660728455,6c298f07471a678427323612c36d7c51046fb0e21b980b675437bd44af7daaf1,1,0.996437566539368
0.9904489952747231,0.9849981316753391,0.005166051761100321,0.012084675806699585,0.0,0.02146005630493164,0.9997277663455852,0.5941996574401855,0.9339079856872559,6c4c6b1dda27d20930b95661204c7f7995794df1ec23206fe9560bd090b68245,1,0.9955943844870266
0.9967925048406051,0.9954310466881978,0.0012702132812503506,0.003921050253126168,0.0,0.06532514095306396,0.9962443452481834,0.7483308911323547,0.9437663555145264,6c6540b468e37c09057e4f6dd8e3a83151c77d374e13a19e73f9f1d089ae89cf,1,0.9963284797684492
0.9970379877423093,0.9960719337789522,0.0013567434442409284,0.003959414896118618,0.0,0.022745609283447266,0.9996923251709577,0.6346473693847656,0.990934431552887,6c7a3c1007245ab43aaec50390ed44bda2eaee9fdbb63d695704c48cad730fcb,1,0.9967144686560863
0.9871766969322298,0.9351434524971124,0.091942942409643,0.2743088778130226,0.0,0.023286640644073486,0.9997299010171594,0.9331912994384766,0.0,6c7cd2a51c6a1d1b1102fe269a3862a9582f44b362fd6ab1dbd246e44a19bc58,1,0.9332171485422487
0.997169332376136,0.9956868086879396,0.0016768928654129515,0.004047798658191493,0.0,0.007950007915496826,0.9999846966489133,0.9804883003234863,0.0,6c896271a55f17e46b233633eebe889787bcb2cb94ab4dbd6f90bdada4f337ab,1,0.9934047647877348
0.9806749488156757,0.9796250546686227,0.01266811082903538,0.029584544354854567,0.0,0.01772348340770069,0.9992540920687154,0.48856183886528015,0.0,6c8dc3a42b6caf2b9398f6f1ccf629f39366be98c68ffb5aa37bd4d43c5136a7,1,0.9901756381606787
0.9999577066235438,0.9999270041061942,5.0887748323466164e-05,0.0001505596505121911,0.0,0.005532311741262652,0.9999566510573795,0.3852280080318451,0.9975013136863708,6cd2a6c09ed1d0cbee5140ef435399935fe3bb15fe607ae35d21f47fd54be99a,1,0.9973107577617927
0.9970037282642115,0.9930531602488364,0.0033063682618484224,0.008615676449571154,0.0,0.009222771971757254,0.9997705574846976,0.4566260278224945,0.0,6cfa7c32d4b9c1d23c0b523a7594172d9c552a862e8607292526cd4f602d785a,1,0.9941167181886794
0.997296870146633,0.9940831045946709,0.002038086120243782,0.005523178933053985,0.0,0.005194246768951416,0.9998905043938594,0.9675769805908203,0.0,6d0d6060c97dd7016b345135496d3f7e93e570db78c0df6001f50dfe4b144509,1,0.9932816661468435
0.9999970566704901,0.9999888147575682,1.388085869204416e-05,3.795992172768125e-05,0.0,0.689947783946991,0.48888316330995546,0.5106221437454224,0.965455949306488,6d143fee52b890115c10317763a5305f07630d9c774666225e9db5b1b187a7f9,1,0.9862371526198499
0.9999492587091973,0.999870646446915,0.00019248729950114646,0.0005402476235795386,0.0,0.9187943339333826,0.028518262056339772,0.7007386088371277,0.9424832463264465,6d3485970ff3d94b7010c9e9f8154d180a2628f4f16e5e5c9a47caf05baade07,1,0.9535311565160817
0.9999688382138328,0.9998783110287801,0.00020187458540512655,0.0005768980553803673,0.0,0.05492583289742463,0.9976952476482512,0.4789372980594635,0.9952333569526672,6d3881ddb720c9f236eebfca525699727bf4c41f8408d2ee80553b84af007df7,1,0.9971028590047181
0.9999999702751983,0.9999999282649294,1.225319329622979e-07,3.4056920086715643e-07,0.0,0.035435691475868225,0.9971403705167837,0.400138258934021,0.996649444103241,6d3a83e0a948948fa6c3d71c0a039820a7548c810f2889a2501e4959132c7364,1,0.9972299948493064
0.8600680118936292,0.9235927679862925,0.06098557289372118,0.13524829213442266,0.0,0.6886879020603374,0.3023841643596172,0.5208607912063599,0.9628879427909851,6d3b732c59b1a2702938a0cc465e46521414f23ea8d4294bf10cc4c5f7eee920,1,0.6061968267889712
0.9999999875748193,0.9999995743654005,6.862357567376801e-07,2.041312076610496e-06,0.0,0.008225731551647186,0.9998697609431716,0.4264374077320099,0.9919270873069763,6d4feccc2177c0c7875638c5e375ae7ace8196bfbd7bfcc62625ff75cfae5842,1,0.9972641575957928
0.9954262128782309,0.9952302852175928,0.0011497013866410574,0.0018658372253703703,0.0,0.09902608394622803,0.9934558136977796,0.6812766790390015,0.9687796235084534,6d51ca6fa7a5f16382fdd2056e0c48b89063f9f35402da98335d16de9d697f58,1,0.9962983518378039
0.9999963953682514,0.9999911933050003,9.227534628703807e-06,2.628284702818837e-05,0.0,0.5754825472831726,0.5650545178971007,0.45314109325408936,0.9486653208732605,6d565bf66543eb41b695b357b764a1c83b2c5f3a1ac926a90d8331e6ea7ae829,1,0.9892953948409269
0.9933610392408652,0.9934592463835207,0.0011269365689755748,0.0016784320702620814,0.0,0.005788207054138184,0.999999130282128,0.9735374450683594,0.0,6d6bbf27537b2152dfdebab04cdc73956d140115ff80bf542c6b0a8a98e19c51,1,0.9930470614312557
0.9925476562508486,0.9916258592100223,0.0028794277520037418,0.006814607830016861,0.0,0.2638590335845947,0.9634597045794416,0.6252027750015259,0.9806961417198181,6d858e0e3b6376bc7d4b42811ab693800c5308920ddb35ab09706cfdb0716489,1,0.9952360734324981
0.9515334918459534,0.9289389358143154,0.303631229147031,0.8634845014528593,0.14285714285714285,0.21434301137924194,0.9681804101086072,0.9425985813140869,0.0,6d8908ea603a5f40e96182b9b115fd9e881e42bb771a6d8c3b6e04c558f641c8,0,0.0006832156492994467
0.9957677514308078,0.99390060931184,0.002044078838813501,0.006255952341805526,0.0,0.016879593952695608,0.9995745033989308,0.6246228814125061,0.0,6db17988ff757607b53a534a8a5be0daad03488d6a27e837718bbb5b64003937,1,0.9938797105405403
0.9942711760923413,0.9923535670981304,0.0022665158828948694,0.005975512517835568,0.0,0.05305904150009155,0.9970941721052161,0.6205652952194214,0.9650957584381104,6db45a745933fde78a29681bbcd3dbf410077f727f27f58aa9b2eca740cecf77,1,0.9962705154896553
0.9872773903281524,0.988059080945109,0.003580955050330494,0.0066446671515191895,0.0,0.031064779749939042,0.9988732526252182,0.4511711895465851,0.0,6db81ffb125f4c30375149acd4fbdfeeb634f017d596bf2bc8dce973efcd73c7,1,0.9929537758967276
0.9789080298282228,0.9791697960462015,0.005798133217727391,0.011374785801334886,0.0,0.2301807403564453,0.970830754415041,0.524639904499054,0.9948121309280396,6e034deaac6e8e4e846c9cb944391e4df05c0092d59039b67bc196f2cefc75ae,1,0.9937956316979001
0.9937471641846675,0.9877748961919812,0.005566622529962343,0.014063593191795065,0.0,0.07146871089935303,0.9950735478560253,0.7287847399711609,0.9624221920967102,6e31f02f6e714cfd342eb95e81b463296dc966461ddb8261bd359c3f8f6ff99b,1,0.9955446478822099
0.9970993795744412,0.9964797238498158,0.0015447683446049862,0.0043231363095903586,0.0,0.01628488302230835,0.9999245668720868,0.6318550109863281,0.9961143732070923,6e37b1257c5d660e97d4cec60d7869b813a27e8113a9c7d19c32de64c68e380a,1,0.9967506561301943
0.9971854806072334,0.9914140839312857,0.005448432581190248,0.014551971279481712,0.0,0.01533961296081543,0.9999589380987315,0.9778020977973938,0.0,6e824839b7bae68c74f13b944dd015ec95686dc5d6cb4f0ca06e429444d7d3c8,1,0.9925420155120966
0.9993078914043165,0.9996253403175547,0.000261600915230994,0.0006324699392588227,0.0,0.013153068848168914,0.9994655556577305,0.6447369456291199,0.9913783669471741,6e8260f6adecf9bbd3113adadcccd7685bff172ebf93d7834cd2476845e534f4,1,0.9969909796246171
0.9474485569336825,0.901564603887465,0.11227754571908857,0.31675950286510846,0.0,0.548578143119812,0.8042274542917526,0.5451891422271729,0.994805097579956,6e9d593ab3ee5c7553eac8632408fb664ea5764990de55f57fd18634a89734cb,1,0.7995601899061378
0.9927547950154585,0.987611537590636,0.004679634870121393,0.015683145821361655,0.0,0.1960604190826416,0.9759538314903058,0.6467630863189697,0.9777048230171204,6eab0a3535dffeaceb688e5d2729a3cd7619d31904b733c376ccd172d0f2b694,1,0.9951952634373581
0.9181371167395231,0.8760101636267976,0.40013718518584995,0.9015672595950018,0.5714285714285714,0.9849983365309072,0.02138777881939188,0.4709455370903015,0.0,6eba099e5f8180fe7f1eae7e1c5b4fa4a686b5b7b7533b5f389027726e3256f0,0,1.0175236213188521e-13
0.9948071832707172,0.995227540412417,0.000998701549574593,0.002418179660476305,0.0,0.07417130470275879,0.9957471475135591,0.7688105702400208,0.9394372701644897,6ecf9ebbd4ecc8a804295c95d3d92b3ceec1c8d6355a781bd9b84b0ccdaab421,1,0.9961986125194865
0.9972890165370343,0.9920741885457288,0.005014773698183705,0.012767521300302898,0.0,0.0075026750564575195,0.9999973345873361,0.9535948634147644,0.0,6ed607f48492d21d4f458868d7fd78e6f206f12b72c2f142fb79b3bc801dd7ee,1,0.9927559908671161
0.9953933204486914,0.9943489969514977,0.0011242090161386184,0.0027591508000379683,0.0,0.019245386123657227,0.9998301922838728,0.8551432490348816,0.9694619178771973,6ed820e14d181eca69e038a60b866f27c7a7ebccf22b27294fc8b463f7069af6,1,0.996295066390743
0.7699487332221889,0.7764383459662098,0.20140852405660759,0.3567239037804162,0.14285714285714285,0.13504482666030526,0.9632219031136763,0.374259889125824,0.0,6efe7c0d915f4790086c1bb8046b0786bef6df466f77bc7e5dcd4f390c855827,0,7.771958402732312e-05
0.9946911612600612,0.9951033701629542,0.0014138095660792376,0.002803149232106272,0.0,0.07745192199918964,0.9963559151088381,0.6044303178787231,0.0,6f0a7e3865cf7518b9f809fd3b6077701d53499a814597b79ccd2d7ee4853b08,1,0.9937053872190891
0.9951548411724821,0.9942323668458526,0.0006750545810780331,0.0023077970692167993,0.0,0.006449878215789795,0.99995051321927,0.8854029178619385,0.0,6f2fed1cc64d55b438a650451995b14d8e5d8c29165f97cce72f6976f864704e,1,0.9935039791091581
0.9938807445938738,0.9125901421449105,0.1496977268661542,0.43365490990352973,0.0,0.01590287685394287,0.9999245985290829,0.951592206954956,0.0,6f30a27e419d474bed172fbe445fe5712df44ed7c84b2cbe975943039ca50ea5,1,0.8044610655664859
0.9960321912337745,0.9952203531890629,0.0008659595697152175,0.0022443679019754637,0.0,0.005534827709197998,0.999979752191483,0.9284240007400513,0.0,6f37ac9e5542517fe975d353c8e9bc4dcae98867e4b6caa1737cd1293cd3d6d7,1,0.9935192839162805
0.9971679548292142,0.9956229439094457,0.00164704564563169,0.0039038719135596756,0.0,0.031589388847351074,0.9992656965491313,0.6559147834777832,0.9674882292747498,6f4297ba768aabfe68c6d01afe15204cd549ecdaac8b14c16e0ce0dd5848eca0,1,0.9965830540296912
0.9952529352492403,0.9944786137787096,0.0011077981046212397,0.002594642130839042,0.0,0.02285897731781006,0.9996531182858438,0.6633051037788391,0.9868075847625732,6f496a2d0796112c5f00497dff55b53f829158a4fea9a670747edd557d42335f,1,0.9965568860079212
0.984093236419708,0.9804255217296716,0.005772140271309646,0.017305732250382466,0.0,0.9571762084941479,0.03136823646470948,0.5788831114768982,0.0,6f5ca650bd1d3d64cc95a2ec724d374ab83919d3c27e9c069e60ad21d561eec9,1,0.8805363367659009
0.999998125697551,0.9999976392256986,2.1695658118833e-06,4.38093573039772e-06,0.0,0.03036339394748211,0.998585951923989,0.46463245153427124,0.9952389597892761,6f7a1f095ed9b58bd96943fc2abfc65418ee27d3a7713193b3364bede5ac91cd,1,0.997184159446894
0.992785943598792,0.9439103079039645,0.25372795946034216,0.7399058842244478,0.14285714285714285,0.07912284135818481,0.9947723814810598,0.9476960897445679,0.0,6fa212a410d9a27d3d1792d725f807037ec02ef96461d6b4fe0214a7384e0b86,0,0.003438388453268856
0.9950784514517522,0.9956579598695624,0.002412096988657871,0.0045872567832156985,0.0,0.1450052261352539,0.9869816654636282,0.9464371800422668,0.0,6fb0623f40240e7abdca2aeb5e770195fce483679409d409b9c7e9abf527ce73,1,0.992385110856986
0.9749757728804427,0.9859369562790948,0.00821228293017084,0.020440896642895327,0.0,0.8650400041567102,0.04278527226019697,0.5043241381645203,0.9149965047836304,6fc5f72705e9854e2d243535fbac4b090479a62e36dd426844d5c27f59a07681,1,0.9296970287863384
0.9910020474683858,0.8778523328469808,0.1756400201833166,0.5225026495667362,0.14285714285714285,0.08412525786178474,0.9959317503903532,0.35458874702453613,0.0,6fca5cee2acd7c14aa115c7c28d10d6949286aed27a17eb2d2fd9abaea09a8b6,0,0.006708827254615109
0.9937803439946853,0.9844410213879816,0.012031228259551613,0.03644011070021874,0.0,0.910665392875671,0.06533661495235964,0.5641137957572937,0.0,6fd0033d03cef7178fedb66b23fdbcb4c824fde57840e7f66feb27625b44805a,1,0.8954856216389825
0.9982136545352779,0.9960168115873422,0.005376284666405406,0.015337651170607614,0.0,0.030392097303265003,0.9988864643609757,0.38605013489723206,0.9969720244407654,6fd43c4ea2bc467a5dafe32f139a1ae5852af00dbff5c6f565794c6c35edba85,1,0.9967913915912219
0.9970285737638658,0.9958467837107918,0.0017219411655686554,0.004950489797275082,0.0,0.011550068855285645,0.9999999122016238,0.9407756924629211,0.0,6fed9207f1af642380112731e12c5dd5753c1631be6ec36b37e9fe3fcb8de1e3,1,0.9934887938460694
0.9905949786868274,0.9887251944791904,0.003211974021329233,0.006544427892503646,0.0,0.10431724786758423,0.9937194421616792,0.5877715349197388,0.9543876647949219,6ff8ac7d788837dd273f379e99299572d0f0db891003b94b38693d7e210bf53a,1,0.9957166066905065
0.9910907909927179,0.9938653889361103,0.0024995813761118334,0.0063079539638410086,0.0,0.6857913070052746,0.38216170562591134,0.7683953642845154,0.9429898262023926,6ffe91ad5265540d594c7acb063895597049fc27ddd4152297770b286bc5bb48,1,0.9765952408203552
0.9999597185104615,0.9997254366660153,0.0005969361336784622,0.0016959236400717027,0.0,0.9105104207992553,0.03297909317282733,0.49937862157821655,0.9510403275489807,7001694fca2c02826f11152f033d1b735bafcf2e7d94012b731abceb85eee349,1,0.9569841069897744
0.9975783291241954,0.9931385401271574,0.004585917593713561,0.011992591940709119,0.0,0.005327999591827393,0.9999999860493728,0.9344037771224976,0.0,70018b815062341107f375dad58fd2c9cca278adf5d51826861d481e82e4636d,1,0.9929880383007319
0.9594595135336645,0.8927186434640285,0.1132647848166222,0.318553416103064,0.0,0.0004195570945739746,0.9999925098637232,0.9771430492401123,0.0,7022478b4bfea0d406b616237378c4a70fc99327b8668bced3dc16b80c0b00e1,1,0.8069438125447713
0.975063985913125,0.968027634175945,0.014836329632473168,0.03655055223907061,0.0,0.9555510878495198,0.04068982135652484,0.4099251329898834,0.0,703d3a30cead59804c86c3729f9213561b39015b53ea2cbdc25a30fdfaeabb5f,1,0.8406913892286724
0.996486716047761,0.9908519860151399,0.007593585465472862,0.021891951560296774,0.0,0.2781171202659607,0.9577648445509532,0.9210014343261719,0.0,70451c149dbb3f5beab4d4c110112588a900dc1aaa5e034a9a385d26a114c460,1,0.9899866375084795
0.999942626362717,0.9998551666024635,0.00010911850433370102,0.00033967439739133375,0.0,0.004288352560126303,0.9999376786026745,0.3808095455169678,0.9895471334457397,7048411d8aef559bb3e04ef2149a92708809a9962467cf4cae7c22ac12119e7c,1,0.9972990226735348
0.9999996307226047,0.9999964492939595,7.773567876215051e-06,2.2217884055065835e-05,0.0,0.007618649862706661,0.999903084574739,0.4278440773487091,0.9999526143074036,70789ad4fc72f19d41c1a7cf620a16fcd9cfe2650014f86d70a4d9dbf3ba0845,1,0.9972765150887345
0.9986754354558381,0.9982493975167813,0.00122338188538793,0.003217115868115817,0.0,0.009516281075772586,0.9998403374816247,0.32468560338020325,0.9934172034263611,708af71834494c1c6a1c440d7f7bc95dc36ac53acff912a5a41acd56c84f0b0b,1,0.9972045525814129
0.9947869962902318,0.9942812897331337,0.0017907806836838466,0.002851526027968343,0.0,0.0417938232421875,0.9986191869980977,0.6131278872489929,0.9626420140266418,70a3198c7d3d688be57a22f6e9ee231e39786725fa5eb63e35eb8f5934b538b4,1,0.9964376624401144
0.9914839409852239,0.9367471912560756,0.37508588051437963,0.9676293720752589,0.2857142857142857,0.10647547245025635,0.9915119973400148,0.8839587569236755,0.0,70ba3711103bbe0a595dcd7207a2785b24c462d6fef79d664978912a4737402f,0,1.0394318239311688e-06
0.9904837134326632,0.9201634025291018,0.18868861400483897,0.548256755586127,0.14285714285714285,0.0454056076479529,0.9983779607137394,0.5064266324043274,0.0,70bc0d8d22456e0210094d6a0eb27e55294582a2b3b06577d064b27432c97870,0,0.008806097649777616
0.997094225784592,0.9967165018017136,0.0007350484835320672,0.0020719652355201124,0.0,0.032452166080474854,0.9991076406639459,0.673515260219574,0.980823814868927,70ee2fb84b2bc098261bfa7e02a466e21ca7abdc8395bb634b9d4d8fdd691e99,1,0.9966885580739153
0.9998884523732837,0.9999128479805032,4.5101613226907066e-05,0.00010519591107858394,0.0,0.023038063198327366,0.9993416953989342,0.3996106684207916,0.998040497303009,71076005830a3884cef62be1354ce9267e25477d513d132c2e5771ef002ffaf8,1,0.9972606597243387
0.9897617910422792,0.9858719937710855,0.002773201312729196,0.007436991498850975,0.0,0.5832576751486811,0.6655122412216246,0.5431119203567505,0.0,71316775d3236a417039ee98214a42961bc8497ed02bc496bb110e367f911e2b,1,0.9787155247749486
0.9964534097693936,0.9118711331954545,0.16514168296022347,0.48145146109116227,0.0,0.0031906533984004505,0.9999820718862646,0.4692918658256531,0.0,714f8e4d9bc4cd7ca5dcec11679dc059a3727872dce624d00f789ac1c56b0631,1,0.7939790498198434
0.9949460308832198,0.994003397455911,0.0014624400521296372,0.0028515106523782077,0.0,0.029739432036737158,0.9990583031052374,0.6942113041877747,0.0,71558939616f6aca59b715959992c209b63c198e5726ef84ff36b687a4520d6e,1,0.9936696305650206
0.994929202197783,0.9941446219128588,0.0007598264374583388,0.0024342114033970574,0.0,0.0237923264503479,0.9995750041719148,0.5588582158088684,0.9933764934539795,71676289457f6253e317134d3b9106a38a4c45e7baf40e8f07ce480141673f51,1,0.9966889869345555
0.999634487433186,0.9995932759444938,0.0005212852496323393,0.0012955371877791807,0.0,0.3710309564910706,0.8797218636329702,0.5809507966041565,0.9557432532310486,71707e20ed2687c0253cef7f35e90591a01971e0aefe2b408f51ec31925de6c9,1,0.9950266709906117
0.9951559146376443,0.9809608579671353,0.015990413412447103,0.03982895546947833,0.0,0.2554533779621118,0.9479915481491674,0.5186823010444641,0.0,717a7d24b67b37bd9e82371607844e545ca8337b837e42291fa7c1c3f71fe76f,1,0.9882177655496138
0.9952209838315043,0.9859741145335926,0.014838244585275965,0.04317484047956788,0.0,0.3270898461341858,0.9283179651739235,0.9828077554702759,0.0,717e5239268387c25e1a64a9dc7b276b656f87b64f3f9c561367697acd9d2761,1,0.986321519315838
0.9995281931725799,0.9990255624337764,0.0012371337427662381,0.0034958769765113537,0.0,0.047205749898966025,0.9974311497902538,0.5469520688056946,0.98663330078125,71847dd6de82b532189feb2325a8682d1089dad0975980ff9135de2a51465a8a,1,0.9969345916931106
0.9966627961449243,0.9933040462215156,0.0035206585661105346,0.0107833273704693,0.0,0.002941363464116869,0.9999817047563507,0.6131958961486816,0.0,7192aa50254c56b66b11ed080d534c08e3b4640f5e572d7740610f7950ae4cf1,1,0.9938214662114826
0.9998889952438788,0.9998764730760995,9.638309556776861e-05,0.00023109102254494237,0.0,0.06542004644864964,0.9971015428737561,0.48629075288772583,0.9912276864051819,71a55a26ce652044891be6e9384360228106b807e0c565c281df83189bf773b4,1,0.9970671257317424
0.9971663507758066,0.9940922339691394,0.006413529397838245,0.018600476957849055,0.0,0.011145949363708496,0.999996870319452,0.9680648446083069,0.0,71a8cc1420a5debacfc95529233de8567da8c6ec83759659f475bc782fa73a5f,1,0.9927397452993306
0.9995974371474703,0.9995535235390614,0.00033226097136131,0.0007364865238217643,0.0,0.017598278820511626,0.9996096641406628,0.3181702792644501,0.9878676533699036,71b4682c65dc4fbbb2bdfdd00cd763cee9334dad2366382971c7ef943653201a,1,0.9972973976358334
0.9976259930501112,0.9218521869670665,0.1616041160935612,0.46947816642556456,0.0,0.018982822075486124,0.9995407996330193,0.6307840347290039,0.0,71c6a77bfe8fe7eef79c7f521c9ca6c987e3ec60a93df1ac0be2dd16c4d72445,1,0.8142909947722182
0.9976939707431943,0.996431918530651,0.0013294867804340216,0.003143762726701027,0.0,0.021243572235107422,0.9997409608968663,0.6701644062995911,0.0,71d471283e83e18ec22e50a662894fe3d0abcf0b077860616b791776efc673aa,1,0.9941326922857239
0.9938612748678547,0.992805257720257,0.0018533119854405654,0.005037892548574119,0.0,0.014651477336883545,0.9999597746044334,0.6675719618797302,0.9938109517097473,71e5daefad61272378ad470432988feb45f9e613c4db32f2b244abdec31ef8d6,1,0.9964244012291462
0.9905713699326674,0.9877286692612178,0.005154764048935948,0.015380035969094208,0.0,0.02292841672897339,0.9996801434245893,0.6557219624519348,0.9747520685195923,71eb10eb58ce5dd67db8efb1216d433fd7128659a8d9a30a3d7a796a31057657,1,0.9957900452357288
0.8018301491841032,0.8158947942472129,0.21872472450413763,0.5121210292976668,0.14285714285714285,0.2521475553512573,0.9290102611464042,0.3418753147125244,0.0,71ef75f891bd0d55592816e8837db23ea1879f7684d8eb34c3dfe6900c4efe28,0,0.00014216527655471704
0.9669118083036468,0.9442407712313896,0.4037412450790533,0.9278418867769859,0.2857142857142857,0.03177064657211304,0.9990461553372516,0.9287543892860413,0.0,722909432aaa6d2be6e16c559979671b7c092ca8b6948cbda0d7dc20f3268a01,0,4.508186716200099e-07
0.999980003350332,0.9999635067823017,1.7442047928066457e-05,3.912912493796328e-05,0.0,0.004044593311846239,0.9999655665932838,0.4434596002101898,0.9971633553504944,722a97b7479da21ef0a5981fc77d98744a00628574a490fa8dabfd684806fa84,1,0.997262197714247
0.9909998738044234,0.9779868732317257,0.017639212032396902,0.050496574566312874,0.0,0.014125809947469925,0.9996243157979859,0.4424746632575989,0.0,723c1d6f02734bd7fb126ddef9410c7f1604c9fd2487015db5c7ec96c9c555de,1,0.9904186158372306
0.9984857604357883,0.9952388022544404,0.006925052629662583,0.019401151722291392,0.0,0.17756503819971423,0.9787417754391265,0.45514586567878723,0.9866310954093933,724955c0b11a30c607e54130e00cd09ed036825cd69fc743c0d043f1afdf2c13,1,0.9960549220839787
0.98733736103361,0.9771801017874406,0.012597945620475608,0.0385907430929423,0.0,0.2514403462409973,0.9649957756821178,0.9258435368537903,0.0,72591686a1f3399bf889e90bf24a6f5573ae587c9adfd1ddfdabacdec300ed5a,1,0.9863909469588685
0.9999224816912686,0.9999383887438513,1.999695279197885e-05,4.633724842745998e-05,0.0,0.04857412725687027,0.9978543579669517,0.3369554877281189,0.9845073819160461,728a6da42b410eb5a9b53417a5068c2c81ac76072b1c79d0518407e5c2d12715,1,0.997244967613413
0.9915234562216506,0.9871940810054839,0.005566067470836588,0.01406555382314565,0.0,0.019798045933578975,0.9994402581210087,0.4737095534801483,0.0,72a2fd14f9279fffe539fe4b92e54761fe438045ee5f5e157a9e2e824504653b,1,0.9929535851604561
0.9903261039254904,0.989519208118152,0.0038749275403530286,0.008061567507309686,0.0,0.037522315979003906,0.9982787387449996,0.42118868231773376,0.0,72b208597ac4a9d1c45704bbdf607a07f18faf56b8025812a5dfd87f2f91ac89,1,0.9932850600903308
0.9997091839753834,0.9997535467404265,9.611329869530382e-05,0.000271795573168151,0.0,0.6778324842451668,0.4416021572416126,0.4808717668056488,0.9736327528953552,72e3e02aed1f79258fe433fc5c7012356ca5246fe18f14210edeb9508710b89a,1,0.9849885954071591
0.9687691419029395,0.9504434759239518,0.0499333110425941,0.12336138357066385,0.0,0.7991937988813906,0.23639527494984536,0.3985065817832947,0.0,72e9a149c2cba649462871ece16af8e47c9f37440262c286a6c8341f4d2dac89,1,0.7842833774589014
0.9927698154168587,0.991529432732067,0.0021178339856245,0.005796882068861643,0.0,0.031217059119800147,0.9988655421097504,0.5489171743392944,0.0,72f508520f51ce687242fb618b3c634b3367059c2010b766b04b638f51b44360,1,0.993588470581126
0.9940195923047744,0.9908973832892191,0.0061577583612544085,0.01746943078622032,0.0,0.0077419281005859375,0.9999852055855661,0.9635165333747864,0.0,730e8d8ac7ba8ba24103436836577059b93671bb0e6f944c9af35a90ebcca912,1,0.9922665096652347
0.9959948718927631,0.9920428184689498,0.006851605447787357,0.020194377905478105,0.0,0.0328724868593977,0.9987555580097516,0.511684000492096,0.0,732100ec9d1029a95aff2064e0661f36f53cccb4148281380fd61b4bebadfc48,1,0.9933938713180801
0.9949178743945735,0.9922876471923789,0.002732620238423158,0.007287723010250938,0.0,0.3063707053661299,0.9264992983726248,0.5032647848129272,0.0,732adfd92706df3a2cbf009402c78458f88d7077148e712bebc329939c62d174,1,0.9912864805528778
0.9865000213134268,0.981770433281927,0.006384979035789686,0.01729985138189427,0.0,0.058528363704681396,0.9970765639590822,0.9653587937355042,0.0,734ff2cec44772f9f10d5395ddd91cdec89ee0f07b0989ef11ce7cbbf2e02a07,1,0.9902333724548428
0.9967280311760597,0.9949226756944478,0.0015626748278319137,0.004171109628590471,0.0,0.015440702438330236,0.9996217761563156,0.6391438841819763,0.0,735d9dfe42ea4a48941930824eba2013ccb916eceee07d3fec90d4b4367000fe,1,0.9940297316011344
0.999999961250869,0.9999997387997676,3.502616176544678e-07,9.092933807396974e-07,0.0,0.05082636699080467,0.9973824349326892,0.4325144290924072,0.9919162392616272,7363c04695b7039c3d3786e6b85e52b2728d84aaccfe627f1e21e628deff4af9,1,0.9971638196960674
0.9203037342242605,0.8757106703102094,0.3176891339131033,0.7741142810307354,0.2857142857142857,0.0001894235610961914,0.9989519687823,0.7878512144088745,0.0,7371f5e43a18f2f963a8d6e0279c26dafa208eb426f1def301f5bb501c8394e8,0,6.77855655105836e-07
0.999989226043296,0.9999887682061356,9.397597879490353e-06,2.142839223147639e-05,0.0,0.04694199189543724,0.9982736519261216,0.5130483508110046,0.9963054656982422,738212c9b9956acfb94215010ab6aa237318757d708588559c5a992d405ad81a,1,0.9971040960190607
0.9999645035811554,0.9999714478349787,3.3226309225820334e-05,7.167677885207465e-05,0.0,0.890352189540855,0.06481885174439793,0.6693166494369507,0.9814942479133606,7392e3ed447e181f0030949a2756728d18845a890bc4ebdd6c6d1087ec3a3e45,1,0.9592284114734582
0.9977962913878203,0.9960562008571171,0.002004063551857109,0.0044673470308884515,0.0,0.004849418532075653,0.9999433860590087,0.5957596302032471,0.0,73d35ceec02377de25bed890b4e9a2f1f5f2341eeecc6dbba4e7df151a426d0d,1,0.9942499023703322
0.9999962009276883,0.9999937294239103,7.783360843006247e-06,2.1217359405639585e-05,0.0,0.006706098560243844,0.9999568822592744,0.3361949920654297,0.9885614514350891,73d3ced0415c2110f14372601bd92a7857474e287646a73bf7cf0f71129795a8,1,0.9973447048006776
0.9946022408054404,0.9921747398488089,0.004264352259171112,0.00950049072886927,0.0,0.027950584888458252,0.9993593873648311,0.9754172563552856,0.0,73ea930057da0939643e6e9245738b989461d75e26a3a8d950d58971cbb2468e,1,0.9924901719906661
0.994886669474792,0.9907006329843482,0.004675337511736543,0.013544906302206727,0.0,0.020607590675354004,0.9998476492371592,0.9838539958000183,0.0,74034d1fd19b7d317430f5476aba8df6580c2d34f7e8065da088f10fcacbbf37,1,0.9923851876729325
0.9999660051584998,0.9999723726773102,1.6298385907385216e-05,2.6328633010680016e-05,0.0,0.022447027266025526,0.9992305921179425,0.43893834948539734,0.9952191710472107,741b8365a9d135aea8fd336d7691f6d7a48441a5d908e3d9dc8f677861fd8865,1,0.9972249167858245
0.976208680147869,0.9753529962315686,0.018633752238150277,0.04262549316552226,0.0,0.016340659854904516,0.999473478274019,0.6064438819885254,0.0,741bbc3de4ba654d08d08a743c190b651ec1c449328d3cf311d1ab57fd5eb38c,1,0.9874652978191565
0.9700026150371672,0.9560708262996992,0.01661231662713378,0.03440621282570144,0.0,0.03229093551635742,0.9987772080041365,0.625489354133606,0.9879347085952759,741c9f6dae8d0bdbc5ce1aef9fd8f50a85ae8addf7752242efdc94ecda8b2138,1,0.9905163992406257
0.9956175866998521,0.9896564831105114,0.010604414056486114,0.03175777829618043,0.0,0.006178021430969238,0.9999673397898571,0.9725324511528015,0.0,7431dfa3f732ae076de048b4b4d663d9ffe51aa29fbd322bd294c69aa01a3619,1,0.991667868264873
0.9812720311604393,0.9781963825220286,0.008784331768433705,0.015038011209280944,0.0,0.8169057816267014,0.27694425067514267,0.5654321908950806,0.9998520612716675,7433023c1f3967d0ac6d2c78bfc61baa98d47faeee23d774b5a5c72c174b9483,1,0.9565950062391607
0.9998153547769961,0.9997684356904906,0.00010397545004100085,0.00021588975453675445,0.0,0.40659657120704623,0.871855585954783,0.5113969445228577,0.9727458357810974,743814fdfb104d34f95ea781d1d9f29435f049620f7cc8f69f0e5716c3b2dae3,1,0.9950463100566098
0.9949716443927924,0.9846609539362624,0.01766556859098212,0.05261732940936084,0.0,0.005187405890445973,0.9999322760151421,0.6577730178833008,0.0,743a954e9b9ae6638309866fbb2caa3c17c1aba5d43ee266ac2f251b0fc7634f,1,0.9909755156068272
0.9949734215998739,0.9946650665678487,0.0005960321799487791,0.0011513438678167898,0.0,0.14508891105651855,0.9901694910817731,0.6881048083305359,0.9403308033943176,744084bb7a000954b6b2a9b960a0561deb731eb6e1f9e1f884d3f207374acd3c,1,0.9960804828058702
0.994940045030002,0.9895645783734947,0.008355010529686652,0.023427939873432856,0.0,0.06990180164541311,0.996953732872463,0.598061740398407,0.0,7444252462e5085100f1841b45eed803d8cc2bb679752da58fad0f39f590a5be,1,0.9924967989403618
0.9949392003889534,0.9951226378748518,0.0017118403672583436,0.0029658104997971613,0.0,0.0045357346534729,0.9999935528788351,0.7992566227912903,0.0,744ccc488387d286f63f190ecf076ece10ab839a7b77d6070d7b833fe74c141f,1,0.9936176412025388
0.9932039241228368,0.9919126436581347,0.001519062527604925,0.004736238534404295,0.0,0.05260027199823682,0.997956166434695,0.554386556148529,0.0,744e0652bbca967918b00d449b56da7d29fc0bda4c015eab2f6a7d0b7c7af3ee,1,0.9936038428452977
0.9972235639328028,0.9961220990058663,0.0014913734074617944,0.004301640891642311,0.0,0.05158030986785889,0.997521243806111,0.8944251537322998,0.0,7481455432978d68f7b507f50feb69f46b4fd81ebfff8e52f56a80caa9aedfb2,1,0.9934429770274467
0.9951109174121963,0.9919254212153196,0.005050875112960441,0.0153228579958813,0.0,0.012305364012251269,0.9996262885450851,0.48111215233802795,0.0,7491f70127e5e79a7e316b4c1555567e8e3189bad3fc61833e898827d60dacc4,1,0.9936986627265838
0.9999998032059595,0.999999800068073,1.25845367796694e-07,2.4059920769701024e-07,0.0,0.029777487739920616,0.9986788315882156,0.5477321743965149,0.9964854717254639,74953e667c95ac350e65bf8ec9870d5c443d7dc8f010dae118bd6f3c3c806a7a,1,0.9971070289289695
0.9890878627103699,0.9833612795501437,0.01299424297496251,0.03642036171197882,0.0,0.04523658752441406,0.998129495429264,0.9276254773139954,0.0,74a4e1e23299ed8cee9a20ddd344ae58b114200c6a751d8b2d77bbf3021db84e,1,0.9898118766066536
0.9894280585677243,0.9871317444745399,0.002589364591796734,0.0071384071339453126,0.0,0.24930721521377563,0.9426611334125642,0.6580195426940918,0.9804359674453735,74b5e6ea39dc49571fa4e31ebb6a2a381f552c43fab944b6cb5ab2c0ee90dcbd,1,0.9945920776233426
0.9941011973661671,0.9402550726137362,0.3028343221887627,0.8948119562132165,0.14285714285714285,0.4275687038898357,0.8199228527151837,0.4247210621833801,0.0,74bd125e60b77f9841bd6650c4ecbe379b35c17544701b3a39682b5086433ddb,0,0.0009618191198599155
0.9958773392975707,0.9951455749310164,0.0011435683326387928,0.0028219032481668904,0.0,0.027716994285583496,0.9994158573811631,0.7238340377807617,0.9665621519088745,74c504ffe9618f022cf474b6247ccff067f6bab2ded886d1f26927644534b3b0,1,0.9964796711252398
0.980789032378817,0.9391162724190695,0.05909756488776134,0.15965439156102457,0.0,0.008931159973144531,0.9999838849804613,0.8972769379615784,0.0,74c63f0912eb65d051e7966ab9f898d24cdbf3c46ca42e41dec1a3f547c93dfe,1,0.959439632886185
0.9916573890909511,0.9859663270638854,0.004275028855283516,0.011881065259880863,0.0,0.32318204641342163,0.9188360103225723,0.7100520730018616,0.9626521468162537,74d3cbcf061f1a16549bb3a137f6ded214a867787b4207a017919b0ad87c0c9d,1,0.9937029554415814
0.9932688940830281,0.8947160934573221,0.1489455818958778,0.3704326392831101,0.0,0.01912868022918701,0.9998959317654438,0.9795461297035217,0.0,75087bdee24e01ac330dce3fd7de2939f3d18afd8db0aecf7ed51e4d3bbde38e,1,0.7399295176547132
0.9935365465306364,0.9842323270309902,0.012858393315579527,0.03833747268564869,0.0,0.011622997805015453,0.9996839243265944,0.5307451486587524,0.0,7523b7f6d50fff786c9cb9b473617393319f0295a9e0becfb34b0c170dac45cf,1,0.9918285464714528
0.9945149064869842,0.996112572341695,0.004724087844065857,0.009243870235874826,0.0,0.012034914976918998,0.9996901065351399,0.3756854236125946,0.9903443455696106,7525e182d924004170a397efa0f8607f647a68eac42e0d1868ff0aefc967841b,1,0.9967333199169561
0.996064715062132,0.9923282829113231,0.0049005616323310975,0.014543990307857396,0.0,0.0019538863481900932,0.9999940510688906,0.563616931438446,0.0,752f7d347a5910ca2b53ac834883c21e80e939384e1abfcb16b517c12c94bc0a,1,0.9936699401319133
0.9941048943093777,0.9937147794637315,0.0009992679013554617,0.0022113518332143034,0.0,0.03290724754333496,0.9991179640719849,0.7259284257888794,0.9754719138145447,753e693192b5bf2c3540aeac0e9badc3fcc8fd699486520ed6c617cb0587b3c0,1,0.9963627590217184
0.9772404483773715,0.9804754199604027,0.01622691156024822,0.034358521289643895,0.0,0.003031015396118164,0.999808400507395,0.9768760800361633,0.0,754f093f07eae3324ac863306628ee3dbcd091c8a13c0446495509475b7aa599,1,0.9874197083207821
0.9960166167035236,0.9803169991503224,0.02445613545868545,0.07415071723341371,0.0,0.07862807810277564,0.9962552371025588,0.608616828918457,0.0,7574966c3ae2f78ba49dfb5cb65e01fe3f7fc444a2ef556ff0d9a5aafe9258fd,1,0.9890269593538745
0.9793924647773639,0.8416035347307441,0.32926333549745035,0.8360541736473467,0.42857142857142855,0.8541611433004361,0.17355515644210526,0.19084034860134125,0.0,75816929c8582a365476a1cbae67f5b8727bca22684dc9bf2790154c6d8b235b,0,2.563522897137886e-10
0.999998490907821,0.9999988222546617,6.343520273793077e-07,1.4145228718742234e-06,0.0,0.014349003322422504,0.9996618918314427,0.45945772528648376,0.993133008480072,7583bd57a84d6209feb5f9801aff45ad976532c12b1d40c06d929725cbb85ceb,1,0.997222347831479
0.9950593871916038,0.9932965059138813,0.0022499785927206748,0.006476733702206034,0.0,0.01137992832497995,0.999760219457732,0.5489577651023865,0.0,758dc665350bd6cc6fd13f2f1509a73d6f527513c261d2b30d177991a310d9d0,1,0.9939479464762168
0.9911739082050367,0.9821297473696821,0.32645797047211916,0.9356709992570104,0.14285714285714285,0.01440584659576416,0.9999964352455365,0.9864094257354736,0.0,75a4ecb555f03c1c93a4bbd1ce88672219dc1a5d0bc6d64983221ee237b61295,0,0.0016405167395322478
0.999919920525651,0.9995992486424485,0.000690471247450895,0.0019989394974050186,0.0,0.010530820116395397,0.9998509085590409,0.4054141342639923,0.9963806867599487,75ba20ac7c669b1ceaf38f859442daa6c1d168d66be38e34bdba4c8a3f7f3759,1,0.9972385254308455
0.9922289000494418,0.9933872872435676,0.0037039126904198833,0.007476017299322682,0.0,0.09965204438278519,0.9956873065928671,0.37376123666763306,0.9816892147064209,75c699164bcb37a66c63f3e164a52aa47324a35e9805aad999aff05fe561de5f,1,0.9963589565082903
0.8733687000057304,0.871090798236799,0.3593425871648681,0.8501038760212363,0.7142857142857143,0.8853494003415108,0.2229483668497976,0.8994914889335632,0.0,75ed4574f4b2bf9a136279d040305e79c0450dcbf9fc762016b26da448c432c9,0,7.103462361534204e-16
0.9972107209074763,0.9936408789170559,0.003477751746800302,0.008702934641403148,0.0,0.007237255573272705,0.9999999821387188,0.9426705241203308,0.0,75f77195ce60680ae379090d9fc3d786fad926304da537f6512f0c93514e14be,1,0.9931086355738125
0.9970885159818865,0.9948667482454258,0.003452395770654507,0.010351614263128694,0.0,0.018371641635894775,0.9999118877857064,0.9780380725860596,0.0,760508d9f54aea7c77328029e913dfafca914f76cf757e6fc7cf2d79f3229ec8,1,0.9931022971163198
0.9969719096384664,0.9961542059580509,0.0009639050289934027,0.0029304430813753557,0.0,0.02309238910675049,0.9996392230068762,0.6517512202262878,0.9830014705657959,7605f50ab5be42d547773aa39e4f758ab2abee8e49ee67abf3734bf28b6abd7e,1,0.9967028201285393
0.9998518057231247,0.9998317764634752,6.962599758167219e-05,0.0001663207993650213,0.0,0.18548807501792897,0.9734022738002892,0.38375478982925415,0.97740638256073,760b38992b69f2360cb761b953b6f1ba2c27e4ebf8878bf27315ce0a5750c04a,1,0.9967401167552764
0.9956882471764481,0.9841497450275739,0.012125660213575242,0.039083913278794014,0.0,0.005234122276306152,0.9999924315191913,0.9483940601348877,0.0,762022bea8a93b200d3bf1c0e9b54a8b19c8021b8907121ff54ddab2606101d3,1,0.990972514715713
0.9937688593818432,0.9862577663195807,0.009102372696258057,0.028457368183202242,0.0,0.020226484164451542,0.9993921037998528,0.45546090602874756,0.0,762f41aacb99fca78647c02952b12b713b9c716f251a1b781e7034758ff7f860,1,0.992698511140104
0.9957495581517856,0.986820191432397,0.0108168844089916,0.030132087753601516,0.0,0.009369108822022689,0.9998239193013461,0.5726760625839233,0.0,766ade634dfe66b15c1dd799c615e5001b9a50671f9f28284a072ac1daee1c58,1,0.992386034394589
0.9945376111744376,0.9878372353074143,0.006319753891298054,0.015313864571634639,0.0,0.017969787120819092,0.999888661831005,0.970645546913147,0.0,766f8ac82b9d1c343a65ebc09dd03b13dd69491836941a2f2c0cbf04ceece7b6,1,0.9918520208368434
0.9942337251119618,0.9940674481552525,0.0012247650881511798,0.0019313949378558792,0.0,0.10832273960113525,0.9928121226901273,0.6933751702308655,0.9634444713592529,76727c2908104cb152d065acc9c2de136890ee9466cad3e518932b2476e95ff9,1,0.9961371721482605
0.9999858599383062,0.9999862847829873,1.1275729996266472e-05,2.5743796015551462e-05,0.0,0.01817326433956623,0.9994733713822616,0.3558598756790161,0.992145299911499,768ae34c9bb153e152fe3db26328a3bd2be079574433b371f84c065674aa9569,1,0.9973082769770224
0.944329274631582,0.8979439174046702,0.3931137895519647,0.8848446510244874,0.42857142857142855,0.3678833985948131,0.8813376034516067,0.6442248821258545,0.0,76929284a2669dae15cbc35db2c9be0217b050798470ac1756cea592c6d6023b,0,5.426563834172269e-10
0.9999999222712013,0.9999999276763561,1.1817117756833438e-07,2.7868282424267185e-07,0.0,0.7284145951271057,0.31301455348173834,0.5842850208282471,0.9726795554161072,7699e26c3b45e0586b3d80f126349597305eb9d1ce62da4d9237ff146bca8bfe,1,0.978925106992708
0.9723334743598141,0.9730559208924651,0.3176041666299626,0.8990365428850075,0.14285714285714285,0.023193633058554042,0.9991218042711311,0.26114627718925476,0.0,76dc7190114514e83583da17ee3f04816e8499106167e90d45d03a53b3b61f5d,0,0.0017628711243873247
0.9942150006400855,0.9905651456139308,0.005767386085691682,0.01355237357279785,0.0,0.021414728829431705,0.9993145253804212,0.4970151484012604,0.0,76eaa1e95dec1fd428812274e6ca8b547d0fb6961aa0e7d92c537d343a424f08,1,0.993319880779424
0.9777038092136844,0.9239775248673469,0.13590239630420628,0.3855131456677907,0.0,0.5581045150233941,0.6711019132095001,0.5134321451187134,0.0,76f15313685f9028773b805053ec881fbbeccdcda9aa13857ef212ad941f7eaf,1,0.6654156679742812
0.96588116979778,0.8920561782855082,0.2832115526831311,0.8445831077500672,0.14285714285714285,0.2546116584261995,0.9491738231586365,0.20638233423233032,0.0,76f21585ded246b3a2b52d4fe9aff3e6f7c6db204610d74f25ba29548ba408ef,0,0.0008995757701636155
0.9946576967265947,0.9968719181482404,0.002242967409174143,0.005132360750962774,0.0,0.08005730439629133,0.9958258737275104,0.43743622303009033,0.9929237961769104,76f2951c0c972a24ba53796a63b782a39c09971022a986b728d5bd5a294e499b,1,0.9966874708324918
0.9943765835161067,0.994650663870692,0.0010673264183221401,0.0018582592530032192,0.0,0.014713177457340557,0.9995448191164393,0.6876699328422546,0.0,76fdf22a4e5699557d79a7b501320e318a77c59b48f65de39027d900752146e6,1,0.9938151102888557
0.9514136749858245,0.9404790397345666,0.03796372524323716,0.09761209081092134,0.0,0.5000053776346078,0.7437029288346918,0.5742549300193787,0.0,770e29e2fdcde3f1d01c9856531577bb8909790e3fb0941cff42c8a37a7f2016,1,0.9225415296434196
0.9893006598681895,0.9772746801413845,0.019749409020683853,0.05734102689243771,0.0,0.4220522344104938,0.8751959363930304,0.36477553844451904,0.0,771425c9bb4a6f3686889813306139c544785ce4e83c2f5dbda5a7c574a59c3d,1,0.9830151486427169
0.8360019949232845,0.8295674263232703,0.33993437865409787,0.8167056202370433,0.5714285714285714,0.1837586760520935,0.9876617816443645,0.6396803855895996,0.0,77399dfabf6f12a7b072c1e36866b09fd6b886d0095fe0f26072a015400995b9,0,1.1738336149698138e-12
0.9994674234225921,0.9993897277857556,0.0003439447915814796,0.0007987608809416944,0.0,0.010814693744414784,0.9997399383464807,0.3786736726760864,0.9948541522026062,773a8d3d93d36164fe64084ad012728e52a0edca108ea14e46401d625835fd84,1,0.9972558358976473
0.9999900069202706,0.9999889980074012,9.421709774419807e-06,2.3394656099085834e-05,0.0,0.310691773891449,0.9177323020694088,0.4790976941585541,0.9922603368759155,773c242f02c403aa756276a800c3d2bd46955005436ccb4b21eb8d7f39ad8e83,1,0.9959166020534609
0.9965605376579652,0.9960527318281096,0.0009065461014428225,0.0026456521268004574,0.0,0.0408397912979126,0.9982501435541454,0.641160786151886,0.9859901070594788,773d8c57ba9cd7b58281e7e4b759087c17b38690062f246ac970a1e53da786a9,1,0.9966563423107658
0.9929005079988256,0.9784600410582988,0.015319227911787405,0.03756519043600859,0.0,0.047274332493396694,0.9977511658864846,0.6029877662658691,0.0,7741c45e2baf38ef36c5ab44b330235769bb9f4973d6539ff0411e51d75d379e,1,0.9901128635448503
0.994537849748699,0.9861374245994975,0.009316935033851923,0.025866569974232288,0.0,0.020674271507684368,0.9993700107159709,0.44644230604171753,0.0,77443f954ed93cc5127cfa0305a1316ee8df10a571159a565b6f455575b13bae,1,0.9926825909114043
0.9905150063807081,0.8745621223960075,0.2764029976166722,0.7351482837412748,0.14285714285714285,0.20817351341247559,0.9733218443584843,0.9451555609703064,0.0,776d3f65a146be3b63c4a95f8626cb16f09fb571ae50b3bd6ba3b7c92dd2dd40,0,0.0007052445288865369
0.9944500684326151,0.9914240987527995,0.005289751625159262,0.01580415601810663,0.0,0.09807941317544297,0.9944062808610642,0.6070935130119324,0.0,776dec17d238817c387daa7aab68854480e5997f9778ac22f1879a9326285278,1,0.9928342862923016
0.9928537340876026,0.9835697244554461,0.014620052675894725,0.03538365745093205,0.0,0.07788617163891166,0.9963228230365756,0.501362681388855,0.0,7779f7ba34c8f6436d6e1630db1e953824963879a83bb758de4299045ee9e5c2,1,0.9909404205879535
0.999995874228102,0.9999948703481358,5.334947511136758e-06,1.0032632875353643e-05,0.0,0.5086426734924314,0.7199861262912659,0.5907090306282043,0.9423344135284424,778568f88d6e9b3b06bade32b05c3da791dc33c8b8d6dc089b15ade08e0b4eba,1,0.9923195066843719
0.9819709998023336,0.968918584173519,0.026199636730115487,0.07548582125615923,0.0,0.16125294395604461,0.9818583545665136,0.4121595323085785,0.0,778938f8527a4fa3eef5c4dcfdbfe71e4a27699c2c66cc571f2e6b7a1f32a5f9,1,0.9846999525544382
0.9881605739898586,0.914468459658658,0.11592161985633294,0.32122967917716516,0.0,0.16093321121767834,0.98217099939368,0.6454193592071533,0.0,779930eedecb5028517ccf8a95cddf68c91f2c18662788aae69c308a941131fb,1,0.8690638298117668
0.9994557861674512,0.9995788659756087,0.00015317661463523573,0.0003236352585636308,0.0,0.01766364047488947,0.9991653101728972,0.5011968612670898,0.9982985258102417,77c85f52c5598b71b6fd52eda0a2718b54a90cb3214e71ccf699c46c0502c456,1,0.9971437479960606
0.9996061486107023,0.9997415416927552,9.371151895814342e-05,0.0002831900397315547,0.0,0.9272242784342675,0.026680419664451026,0.6594367623329163,0.964374840259552,77f65b57459f90f65c2de031d66c573204ffd33c88ffbaee5934bf0f40187cd4,1,0.9541538512193299
0.9915781151202204,0.9893917823457563,0.001931506326145116,0.0057747431917932746,0.0,0.01388394832611084,0.999963912874913,0.6480603814125061,0.99631667137146,7816a90a30b69540556fdc23373b9268eed1a15b86a49a541a33ef1074a55c76,1,0.9962149954813658
0.9946705489429177,0.9942921657763838,0.0009804532768014458,0.0017225561267980583,0.0,0.20420974493026733,0.9764558522671097,0.6907493472099304,0.9745231866836548,781a3b78ab555e30836f769c047e2a55a6f3ffc49ff6c38dca7b3104f0e23d7d,1,0.9958140594437234
0.9974377801163813,0.9953450443926354,0.002458412872090666,0.00718306100497923,0.0,0.21754562854766846,0.9756132135822368,0.6743173599243164,0.9587892293930054,78416d0a8f35e4f5db7a3c8850aa5ceea8a3c94dc6d6336d3713fa8cff607ddd,1,0.9958260014677114
0.9968081673145264,0.9947959945110443,0.0012645012025452743,0.0035091330504244565,0.0,0.03318229317663867,0.9986802155689145,0.5804628729820251,0.0,7856eb172341d9556bb68c274d131f1d8475177e33ccca5cdc24b9d150fd8c47,1,0.9940932769363542
0.9947369304998952,0.9941159440226194,0.0015386689261474434,0.0036582928829685495,0.0,0.017892282455903585,0.9994134591215812,0.510843813419342,0.0,785bb32f7f1aca5ffd425e0bc95d15d1daf303814c1326824f929b6441e1dbb1,1,0.9941015827862051
0.998943509460423,0.9993373008003716,0.00041916014130008135,0.0010456461189192008,0.0,0.5757071375810433,0.6457261987208393,0.5854747295379639,0.9881078004837036,786da648969388587d5f24cf828cde4ed3095254f12c97f0b2e6b18ae407f914,1,0.9905833396696825
0.991006177953977,0.9902533103165385,0.009297260076859928,0.022687779679115973,0.0,0.01615927206694323,0.9995913771723143,0.3760082721710205,0.9952314496040344,789cfeb509e96a0f709b6ffad21c274a059d04531cb4df9723d1c058313049f0,1,0.9960687634119993
0.9999948564135935,0.9999967874554653,1.3764332167320237e-06,3.789577938088559e-06,0.0,0.004031294491142034,0.9999944971939855,0.36243364214897156,0.9920941591262817,78a4153d4c02071aa5b9db64c0df0796afd62ef64f5d46b8a8e4d88df89c3c11,1,0.9973316512000123
0.9999936235833604,0.9999854299323331,2.0437232962066454e-05,5.8034568596954615e-05,0.0,0.019544802606102734,0.9993024470523955,0.5597726106643677,0.9938443303108215,78b02633d82aadcf746b2c376211a58f166e1a3978fc628b43a068a4abcd880f,1,0.9971126878206025
0.5196691147311894,0.7981126912744589,0.281844307823772,0.44998340018827065,0.2857142857142857,0.724781721830368,0.5053758757836752,0.3874503970146179,0.0,78be973ac4a3a32628cf855ed1957c00d088eb5ede1fd3183b5f8e687d88e09b,0,1.5430363521985627e-09
0.9999987801798832,0.9999982560783922,1.1798750751624379e-06,2.3607762772220892e-06,0.0,0.06430570781230927,0.9968513657221557,0.4315769076347351,0.9915761947631836,78e9d6ecdf4644797826f768cd028d10cbb8550fd666494491fcbdd9403c1393,1,0.9971350262927977
0.9954173687334971,0.9942038790991372,0.002840744483970721,0.005050232771083728,0.0,0.9711054563278938,0.01799165296697939,0.5357963442802429,0.9903154969215393,78fcf7c4a696f9334960938e3bbbe6285f18c113a19120f5478fc81e18d3521c,1,0.9468608263114034
0.999983034310741,0.9999780229750054,1.743791294318497e-05,3.0160434713002363e-05,0.0,0.022809341549873352,0.9993539883142036,0.3779521584510803,0.9987687468528748,790908a737433bdd8a78299d18787b37ee14aad4811fa1e7b9ac38cb78c6ea27,1,0.9972885185399474
0.9534927628621916,0.9159404782555532,0.28561642567611323,0.8166176065744478,0.14285714285714285,0.13286662101745605,0.9847825045423018,0.8493850827217102,0.0,79259b61ada87d567ab8df3462b39b443b3baf027365171c0cf9ea9e43509d3e,0,0.0009126750869286528
0.9959075239005093,0.9945035408139477,0.0012965027885180579,0.0034603550544937134,0.0,0.015866875648498535,0.9999472576364978,0.7501488924026489,0.9286061525344849,7929052d741a046bb7ddb644e093cb279ed88e9f5e41298ce0eca4c3e3796f02,1,0.9963643823820708
0.9954363709218919,0.9929924745058909,0.0030180064082733805,0.007955569243266791,0.0,0.006903350353240967,0.9999999632273698,0.9640781879425049,0.0,7933706f013982cc7b2e08ea73301d8569f2f5e577225c86cfc81294b2d2b070,1,0.9929482726005756
0.9910233687471344,0.9933040788719606,0.001599869253760043,0.004535645128941557,0.0,0.04436671733856201,0.9980101857629756,0.9223384261131287,0.0,7953f4be2139b7a597e50e4c2f1613f5aea8399559ef37374779a50347ada2b4,1,0.9927549206953945
0.9911062112678288,0.9917141993886768,0.0022576186351437595,0.0050469147693940845,0.0,0.041544955214681815,0.9985876542711314,0.5304178595542908,0.0,796f3c944eaf32f1b5f4d2bfc8e67895430803e911febd5ff40494d47cd4a042,1,0.9934640083419279
0.994310634018187,0.993809080023773,0.0030925793640592127,0.007943327284775759,0.0,0.008952856063842773,0.9999847050438337,0.9689199924468994,0.0,79868731af1d8665a93c9c9ee1d2bd2d4d07897a1c10d81e1d4a2f0444eb7248,1,0.9929140128140387
0.9201374822733064,0.8635277259253911,0.14365028932939597,0.4010659039965975,0.0,0.9840897725563309,0.033741828535018,0.3637087047100067,0.0,79970ccde4b31c9a73d5ca0b48cedbec6dda88e4f64a2961b80b0b3ecb63a647,1,0.08174816078358861
0.9929983537550953,0.9923894642995802,0.00121355764558034,0.0025089709307949404,0.0,0.038358449935913086,0.9987550577090264,0.601809561252594,0.9572519659996033,79b464bb947b2380a3f70bf79d78c80ef6f0e4ce73d32df9fc42236249dc1d0d,1,0.9963466929548245
0.9949178521889603,0.9907417873220059,0.0045593848881190805,0.012158818447232538,0.0,0.030502300709366777,0.9989160191358543,0.498043954372406,0.0,79c32964445c97b8ae51de1c012f8a2f19d3a479d9622c40638b5c4eada1ed2b,1,0.9934940188262232
0.9942592616814601,0.9929533913531703,0.0018453647277466261,0.0037806908380250137,0.0,0.006586790084838867,0.9999890399490645,0.9833145141601562,0.0,79cc69b4138ab2d69e4025296db363c98d76bf996df79600f9a596f51824a40f,1,0.9929491335343215
0.9687249184092833,0.9119340454564416,0.06093133982847913,0.15253426620494037,0.0,0.06450176239013672,0.9953485938622568,0.49533915519714355,0.0,79d343e75c8c135b12a7b11f1f50f6872412dd44642ccad3d1d9cc3537dfd568,1,0.9388382418539168
0.9913156146992653,0.989006469975883,0.005906910130771502,0.01605689172953097,0.0,0.00570218078721078,0.9998912426780945,0.6202253699302673,0.0,79e6a56bdec0c3e496e45a678a7b504c10ee778b9870392b345595766057c3e5,1,0.9927983780151126
0.9927184735236333,0.9915965136890216,0.002397926522768806,0.005654663093709877,0.0,0.07210910320281982,0.9952064133021771,0.6137838363647461,0.9895817637443542,79e88fc771fe6da679d7e5c4eea2751ba0455f7bfd65f7246e03a78fc550a243,1,0.9961635023207359
0.9853150229364556,0.9859003141107651,0.006744259056249874,0.009949167551648642,0.0,0.5793259739869205,0.677985310113309,0.5389832258224487,0.0,7a1d757e2be31f7ed8d781797b573c7e07b56800517bc2df6f7de467b2d32acf,1,0.9766043179560983
0.9977393627494697,0.9982487278785858,0.001966810331002148,0.003861789362578286,0.0,0.02736849740202274,0.9990779724204717,0.6415336728096008,0.9941071271896362,7a78bf602be0262e07beafc5d2116caae24300e72186cb6898045c77914f091f,1,0.9967645042173027
0.9958136898142204,0.9954989076908591,0.0006115141449801518,0.0012771237171537468,0.0,0.017707031076495294,0.9994516610585125,0.6000443696975708,0.0,7a9bc183996a33940ce726db863856e4f1641c7d39888d4f212559079c08fe60,1,0.9941828120872894
0.9939120189104286,0.991077298724799,0.004253961986988919,0.011085690616630771,0.0,0.009018228246838164,0.9997940559349362,0.4849551022052765,0.0,7a9fbfa1468f90df916cf0b90518679d0a86cd1e0aa2e8ff2cde4242283412ae,1,0.9936248068757527
0.9974077943854381,0.9932163734056756,0.004624570695670413,0.012556006543756961,0.0,0.04528627172101998,0.9983728433373696,0.5906160473823547,0.0,7aa0714a889fed63ea26cbcb1f8566ee35a1635ba5684898a50114a130b0494f,1,0.9935705208743415
0.9597202277146933,0.9356432132118355,0.01708522753776335,0.0427289703047008,0.0,0.02940499782562256,0.9984982037392074,0.6688272356987,0.9429404139518738,7ad64031ca3ba170e235252f57c9734031b6ca8cec8c640e893b9a4b8b5810cf,1,0.9860075213279534
0.9345690077181908,0.8975344938169861,0.20140897461532134,0.5566695028947912,0.14285714285714285,0.8631771869437443,0.15666798439788018,0.22076822817325592,0.0,7afa3a26fdf70f10149967b515c897e0d2265e99e04c3cb03391aaddd7d0b806,0,0.00029668869420605275
0.9886092313326267,0.833030237689507,0.3323086247540001,0.8959026445591014,0.2857142857142857,0.11837506294250488,0.9880629404200271,0.4538252353668213,0.0,7afc66c6bc1c53bd5ae4121e7289cd31a0efcd1ab82ee17feb4c0daa37d88dcf,0,6.980923709612531e-07
0.9995864836435687,0.9995849348759858,0.0001909422765360012,0.0003282823363188861,0.0,0.09227628260847263,0.9956440482159815,0.40779972076416016,0.9922235608100891,7b0474092d21ce3cc181ae31deb72a28dd0440260a3549dec0e3bfc1007a01f1,1,0.9970603961017229
0.9933850926743667,0.9805265092207452,0.01491553650040057,0.04255569242577695,0.0,0.03917407989501953,0.9986276844136188,0.9537131190299988,0.0,7b140e6352a4f27b5e139ce99b44cc5a6fc5458ee70bf136b1edb1bc0786a10b,1,0.9894927009737168
0.891907412453394,0.8896282691414994,0.18182197303476216,0.4594683280674974,0.14285714285714285,0.03927922248840332,0.9941832402858869,0.3160848915576935,0.0,7b1e3d2bbc91d6a982013ed9f94a42b212d3895107bbde6d01d73d704bcc903f,0,0.002422948124907129
0.9999647205589348,0.9998857401782343,0.00014087414599682442,0.00040345885564464453,0.0,0.02827746979892254,0.9991078533249216,0.42416295409202576,0.9938052296638489,7b25d1bf2823cd3014025ce824efc3f19ae8830800dc15d5eebac5f68ed40b61,1,0.9972162124046305
0.7152692499518452,0.7822879132028858,0.30055544961115016,0.6662853418492023,0.42857142857142855,0.6182278245687485,0.6819862212875283,0.3105885684490204,0.0,7b35599ca9d660d44e0e5b77950ff03632001c1f230ca5c0b15fd3044f6ddb2d,0,4.5845052686341573e-11
0.9963410111142472,0.9959786112583195,0.0022761236664329363,0.004175011949708309,0.0,0.005439478894840903,0.9998684599107742,0.29385966062545776,0.9975332617759705,7b5325015c7aab781bea30a210683d0f9c86ffd416a3f58fa3c7bb5ec05191ec,1,0.9970384329893374
0.9831327805698757,0.9665599419853732,0.024250433268715534,0.07342501391661338,0.0,0.044238150119781494,0.9978087637759744,0.6200578808784485,0.9729164838790894,7b7a52bf9f485f8ce1d8e7d94aa92a3cf19b9e9b62ae75cb5cc6fd2cd957ff9a,1,0.9918249321644773
0.999974897222645,0.999966948899452,2.2359797694350245e-05,5.0358121416998723e-05,0.0,0.01875651255249977,0.9993264560180156,0.35051044821739197,0.9944307804107666,7bbc16c44d5016fe3d06195c45ab50d251a5387406b3cc0eef656f15dcc86439,1,0.9973133843679064
0.9998920277405557,0.9989472739748697,0.0022609457474478357,0.006481076430305767,0.0,0.2866184711444043,0.9267729519862659,0.6014944911003113,0.988484263420105,7bcdfb4edb9d627f0b485b2e0a387f6ee807af5ececa30e3a0d86d22ce1153ec,1,0.9956619605340654
0.9979149122323887,0.9913219610144149,0.005579947877566939,0.01568713645025399,0.0,0.010197818279266357,0.9999919492747233,0.9124360680580139,0.0,7bf3f1e7f8dee2cf21af65ab9e6575f50d2161334f7c72a778d37adceb9fa4f1,1,0.9927683609759544
0.995868371946533,0.9630964069475747,0.28711765137655915,0.8301996312069841,0.14285714285714285,0.08754575252532959,0.9942480530631955,0.9124269485473633,0.0,7c036a307c82fc4a061ca3ce6c1d01606aee03e02e9aef851369cb7fa8a24364,0,0.002559054529784361
0.9929586249216242,0.9920707785825363,0.0017813951977659263,0.003553398722439355,0.0,0.17791186272921872,0.977004666202045,0.6427637338638306,0.0,7c1da1f8ca59e9d37cdccf91268220f4429ac968aaf99d759f12e5018eb30265,1,0.9924321759155109
0.9872388126789975,0.9877677631396589,0.003216079428549675,0.005744863088029965,0.0,0.22833132740851086,0.9593592280669484,0.46405282616615295,0.0,7c1e97bea77fde96480d5a70c2692f16076b423e756ae60d8b3c4e992158befb,1,0.9912240492313028
0.9987351591300826,0.9981880592484667,0.00050884714873109,0.0015099432355198269,0.0,0.0029622642323347396,0.9999812637107353,0.5918753743171692,0.0,7c2a02f479ea7012f9099e94fe34b9e769b23b0ea6a918e27866d25de44efe56,1,0.994622321696435
0.999997969276372,0.9999981606459054,1.1945098704125666e-06,1.7469431058273807e-06,0.0,0.019312005490062775,0.9993660426858378,0.4481457769870758,0.9988535642623901,7c37dba6d1cee7ad387e1349e9d52d4f88cc334ef26fc8ec1cfa9328847846f3,1,0.9972312839036517
0.9984092345853894,0.9984731551485323,0.0006298763059358617,0.001317378840320287,0.0,0.04828620687628403,0.9981013426194428,0.4182262420654297,0.9917296171188354,7c4392fbc25df528488c976dc4e43bcd87fe446bf21f8b561f41f636cfd05e79,1,0.9970531985152189
0.9971895992923846,0.9949899314237385,0.0016948461985872875,0.005030006410482901,0.0,0.006345391273498535,0.9999989263674353,0.9449020624160767,0.0,7c557a3b7ff043c834704cc6a130c38f9b7d663560387c906c0a75270af6b7a5,1,0.9934454477625545
0.9943741125136546,0.989248453297105,0.009774699798552966,0.028508460763162536,0.0,0.01355359685561501,0.9996751780746801,0.5573385953903198,0.0,7c5b3bdb7ca3de4538657a235e24c49e41d5a57606916e4b485e9b145fe06b09,1,0.9926911207712071
0.9884349442510023,0.9889959432526366,0.005847576780109868,0.008893444581336781,0.0,0.5003581047055041,0.7682337552826253,0.3423284590244293,0.0,7c639a9630b4d620ef82da54c020030d9857f1241e7e997cd2425c848e54f81b,1,0.984303528283718
0.9942829960203297,0.9886564385584629,0.006378525798792364,0.014854805678364613,0.0,0.02135545015335083,0.9998008179325149,0.9794455170631409,0.0,7c6d058347b030d62957d3234038a5e12e9da3836fa58f27f451832ee2e9b926,1,0.9918547454229966
0.9962886561456528,0.9950606469884998,0.0006438166015477247,0.0020814657135486136,0.0,0.04265141487121582,0.998788386275942,0.7260344624519348,0.9231955409049988,7c7438414ffc25069bf9bd71b35325351ab280589fbeb7c9e9f480efddd97904,1,0.9963915520120028
0.9977241764520707,0.994619348390798,0.004088985145730177,0.012304351268735303,0.0,0.06811147928237915,0.9957249898136774,0.9120237231254578,0.0,7c7ca9ea945966783a0458ee537a683328a083d66e3affa9a6bf7aa1277ef998,1,0.9929103106108129
0.9959375257185585,0.994629948736195,0.001199748357460288,0.0035996582453788895,0.0,0.07084918022155762,0.9955917176959024,0.8842275738716125,0.0,7c9418cc903157401bae89b3907ef411ed8b24abed34c31a1b8acb7530d71598,1,0.9931784549676016
0.9813599677399233,0.904971247268935,0.07273004376045597,0.1965371541016059,0.0,0.09188836650193366,0.9962000790968246,0.2730587422847748,0.0,7ca546d31b8f0e5a82c4685e5b16b0c91f344d39abd77b37619d5af199863217,1,0.9335116162939645
0.9944902409208738,0.9964965037252727,0.0016184113581678879,0.0049760667426155805,0.0,0.026830382643390334,0.9985676507734297,0.35140740871429443,0.9872714877128601,7ca7fb36452ef5907f39e996ea17a841091f3d60a682717f7faff1307a60dd8b,1,0.9969280894639352
0.9969508013449161,0.9960536372772175,0.0008585373423607781,0.0023357590978635434,0.0,0.008469939231872559,0.9999655047766034,0.9373392462730408,0.0,7cc40d34c422c6ae96272bf90c333231105e581e0448d5b83f71c2c7cf588d59,1,0.9936134460715886
0.9773875628413917,0.9099194513870782,0.20230266204670588,0.5867728743128993,0.14285714285714285,0.021685123443603516,0.9998007436191485,0.8955110311508179,0.0,7cd615d3d8ad4d311857617a7d2fb3ebfd9ebb521865e3881385dd170ea61ce9,0,0.004841126587668316
0.9891764832535636,0.9850935167086369,0.004324896844363428,0.011717410019410845,0.0,0.06953328847885132,0.9958444899348197,0.5145059823989868,0.9622407555580139,7cdb4159bb5e80a2976d69dd3c9f08bd105441d6583cb2957eee4f8333cdba31,1,0.9956430414594686
0.9967223574828519,0.996580167550059,0.0005960064340337584,0.0014200284818564057,0.0,0.045622825622558594,0.9979508237418159,0.6160841584205627,0.9766353964805603,7ce67e30b235f921ba971ad821f08da9f4fd9e88e25ee1a9ce8fc3c740402d80,1,0.9966965202627971
0.994510997787045,0.9946209074001287,0.0015531776838839583,0.003091201087940476,0.0,0.4250473976135254,0.854887837511909,0.7434775233268738,0.9849141836166382,7ce9e0c8ce117e7e7881b45f3890516f822bb8a065b8d402204f3116e8221d1b,1,0.9935461620539686
0.9931578463588351,0.9910953477105796,0.005319354267143913,0.014887654239868597,0.0,0.012883782386779785,0.9999999213493487,0.972132682800293,0.0,7d1aa23d84b03341e77d0eeac76f101c267d49ce564a61b02fa2eeddd898e49a,1,0.9922811401616273
0.999960487506221,0.9999362193097429,8.613226606561294e-05,0.00023388752413441751,0.0,0.012029046192765236,0.9998813245653195,0.35316571593284607,0.997550368309021,7d25b17c0793a795cf9689e2b36083ab08357db062a2551105b7ad92946dc162,1,0.997326845493735
0.9999536263264166,0.9999210511111637,0.00010843422631838508,0.00029433690079077755,0.0,0.010856622830033294,0.9998856952651768,0.3730052709579468,0.9969540238380432,7d3c8beb7787d7ed86846355b24628109dda570664c2632eef9ddd317695968a,1,0.9973080981999849
0.9955098026661112,0.9930511585063451,0.005583370292227721,0.016019031108051675,0.0,0.005920081399377111,0.999896093402907,0.6579511165618896,0.0,7d6ff170395e90ad59779bae03d2b255380bd7b38e1cd40dc18a37976159d67a,1,0.9933886145130808
0.9936554066580262,0.980283437098012,0.02297527154353915,0.06814948345343912,0.0,0.05717944726344854,0.997885445852995,0.5556938648223877,0.0,7d78e6e2eb3981154d4003f1d7dc93ca2f538ed7646cb2db118689281898efae,1,0.9893977903066326
0.9989843113689192,0.9987592025164804,0.0007291340058385778,0.0018264698697245158,0.0,0.07879658043358717,0.9965842808395206,0.36972150206565857,0.9985721111297607,7d839285213a0ee1c0db660e87c4b121729dc3c513f934363a4bba6ef91099bf,1,0.997067200764868
0.9676346079689381,0.9702942447664284,0.0074275617988215316,0.011232979127213438,0.0,0.40994226932525635,0.8403089981876519,0.4700632691383362,0.0,7d85165fdf2695580166110f7d79db66dde34d0fd94c8fc4bf3aca325a6529c7,1,0.9790581711086416
0.9974236874339898,0.9914706998652612,0.006031907850315032,0.015709170174286427,0.0,0.007014336064416971,0.9998910081073034,0.6890782713890076,0.0,7d91f7b462491c14a78c9224c6e3f7074944a3829eb184d0e2294967e9a02ea7,1,0.9932230310549313
0.9999631478737107,0.9999558974388657,3.9116872284844056e-05,0.00010098090039094301,0.0,0.004203449003398413,0.9999898768346345,0.305620402097702,0.992842435836792,7db11edb393b8aaaebc01db7c1efd47702e01fac04cbedbf0cb82ba5691bc768,1,0.9973799479045934
0.9947158417178967,0.9863078331399918,0.01836439797688347,0.05285518632529873,0.0,0.010844826698303223,0.9999977744155043,0.9609091281890869,0.0,7db812322e23c1746c91ba288f42cfe8b27d3cc3e781aa2745d1424b69997a37,1,0.9899914353615548
0.9879776226356262,0.985205080374528,0.005194134998877173,0.009746983418456295,0.0,0.9711367016343502,0.0206413651198941,0.5705695152282715,0.9715408682823181,7e0e804532af2fe27b594cf20bccc8a5881ed712eb9e7275a86784ed685cf544,1,0.9329166118475359
0.9972477525727169,0.9956891398479497,0.002907058217964831,0.00817675801002593,0.0,0.007565975189208984,0.9999771313931086,0.9792201519012451,0.0,7e1b18acd7d0d634dd1a1e7c23783c815aa05fe8ffc7568317d6787853d37ae5,1,0.9932849937726271
0.9883797120968401,0.9856404049662386,0.005522914843856567,0.011260217951741591,0.0,0.081787109375,0.994199706596091,0.7415279746055603,0.9586805105209351,7e40b340d1eed3d2d58d7286ea31fba58e9edaa7591ec9f647515455e7a94d5a,1,0.995085067613435
0.9970197485539113,0.9956261218869406,0.0015427866356725248,0.004020784153429591,0.0,0.003361011156473019,0.9999721659537417,0.5747823119163513,0.0,7e4cad7449fadbd479c8c6f026885ae539ce334fb7a7738190edbd22f74c6e2b,1,0.9942791249291691
0.9967529799901471,0.9956699629077607,0.001510310159170609,0.004199732026821243,0.0,0.014424121006903582,0.9995639102033689,0.5445689558982849,0.0,7e5322731f88c87b0191cd73aa3f4b601fbf6e94e442e8ed997d1b1672bc5e18,1,0.9942862199030514
0.9930294870974455,0.9909177020940593,0.002339588761615341,0.006470428027370634,0.0,0.021600306034088135,0.9997393345174282,0.7607313990592957,0.9691042304039001,7e55ae70331a55e96d937da08f99cec2e5ed716a6fb196eda9044e19de393a23,1,0.9960812637676572
0.9978393669196852,0.9967447813598754,0.001622499621914876,0.004295030064411565,0.0,0.009296059608459473,0.99999790441568,0.9573214650154114,0.0,7e59c8c30efcc1f38f34a527aaedfe056a66d5e862f833b577f536810db4ae53,1,0.9935911504822206
0.944785174537833,0.9553750227163765,0.017697267270423974,0.03112339217209699,0.0,0.8445359664118897,0.17898979363757583,0.37312206625938416,0.0,7e5e5a40dc17e794de641ad0c95e58d1873e9c348af9425eafd774b2f1c27100,1,0.8217081393678962
0.9968635910712385,0.991614695693004,0.007573574104206231,0.020826757472634516,0.0,0.03243023157119751,0.9988376392084182,0.9366172552108765,0.0,7e8326a92d49f11edc2d20fd129897618ada6d2d27b6e7eabc79ce7e2c4ae379,1,0.9922715080782696
0.9962017249528232,0.997002377281844,0.0012656447930714037,0.0034324362757509326,0.0,0.7443569545316819,0.20895623659042944,0.6072421669960022,0.9547073245048523,7e91e15d202c531f5a5ea9629a38f1aecaedd04aec5f59e8bcd32890fd103048,1,0.9702235262571527
0.9999847350898522,0.999961786226257,4.0581921511067726e-05,0.00011427888678564388,0.0,0.014926472678780556,0.9997338390941803,0.39773786067962646,0.9902799725532532,7e95176ba5ddfaae1fc65927041fd5ec651ebfc422f2d0c077b1a2bc90c12aa0,1,0.9972717205117146
0.9982722338545993,0.9980975718988595,0.000216631053574074,0.0006301116152350739,0.0,0.012472450733184814,0.9999886993917475,0.6984072327613831,0.9922187924385071,7e97720bc52a54a69728ca39a9f53d3b29a03161abd29c11a45f21887a13b917,1,0.996853651689999
0.9974887083964329,0.9960222836699728,0.0014902104851698683,0.003985978868970785,0.0,0.00522536039352417,0.9999882812321722,0.9672204256057739,0.0,7e9ad304068004e9118a3b89d58e16c9ca96591d8e64786c584deaffc697f1f4,1,0.9935211931599012
0.9971180908383296,0.9962918611628847,0.0009220567741631812,0.002016887561841374,0.0,0.01919013261795044,0.999867346840842,0.662269651889801,0.994270384311676,7ea0e40f0327751e2928bef153b512a542b47968d09f7c48087b8076b533c3b4,1,0.9967298319375703
0.9974100960761825,0.9962741783864889,0.0012332110657499713,0.0027239255034825225,0.0,0.006414640694854931,0.999881617204224,0.49335047602653503,0.0,7eb65899baa3e1ea2e0c007c99aeac304337c1fcb279f32add55ea5caf3ec370,1,0.9945136909254183
0.990371697454031,0.9898541387102056,0.002922279049170494,0.005453376106079988,0.0,0.010822713375091553,0.9999995665587431,0.9342185258865356,0.0,7ee668bf54cb3f4fea027a8eb115fcedace5273340af41e4d26f6c4522e60831,1,0.9923361222252934
0.996873717722682,0.9853775902763803,0.018556279076984126,0.055772750226048995,0.0,0.03784334659576416,0.99818918292426,0.9558898210525513,0.0,7f007e353eabebfe974d06fb5c5157a40a65c9cfdba9b7bdb9e370daa6335b74,1,0.989890388381368
0.9941447699254902,0.9936802945773289,0.000956252336206061,0.002311489931980398,0.0,0.05020767819365071,0.9980764629109045,0.5811280012130737,0.0,7f1f47b5b389eeb0795a6f59b44df2ba213b879d6a4998a069a1e87e4dbca5ec,1,0.9938051017827843
0.9908051555955085,0.9879048037624755,0.0039014257203787346,0.006680889559293468,0.0,0.1479066014289856,0.9895884666141092,0.7412410974502563,0.959567129611969,7f222c8ba21608edfa6a6e2a989b1b317c3f7fdbbaf84590115b8098581edea4,1,0.9952101528815877
0.9952799271488642,0.983685952643037,0.01599564892582949,0.04765670600162046,0.0,0.05742358416317216,0.9976696174915124,0.5156841278076172,0.0,7f2524df1f596350763218d9d306d5f3fa91abe7aa40d0217412dd254489f821,1,0.991213955715241
0.9836866788387448,0.8483871486301832,0.3292562032229545,0.7807339733449994,0.42857142857142855,0.052292466163635254,0.9975502686189603,0.959259033203125,0.0,7f27a25e3c711bbcbcbab908cea5efe1acfe64b9706d6b4ad5a6f905a1229912,0,2.0839258967559298e-09
0.9930126808081635,0.9905862914680696,0.0028409790427786556,0.008206837220869123,0.0,0.0392494797706604,0.9984778439170942,0.6275802850723267,0.9689236283302307,7f2ab968ecc2c97c4a026b3bfbbe36073c69f09fa675ec4b7609cc5649e808c0,1,0.9961534763088857
0.9958839638807017,0.9935951558347362,0.0029344777333136732,0.00716255529475085,0.0,0.011778771877288818,0.9999954823330836,0.9625698924064636,0.0,7f3fd4f0b727467de8d004b91c07ad851b1d576e03636d059717e809072120a0,1,0.9930141463579011
0.9952704252572127,0.9936983187291577,0.0020291952853139896,0.006255160421771766,0.0,0.05137449502944946,0.9974135640594767,0.6349564790725708,0.9876444339752197,7f49b559c506994bc5133c659e93b8a08ff819f5b7ee762024c8d3c2732eec8a,1,0.996426997868644
0.9963947889719007,0.9943864769960843,0.0017683730304424014,0.0043095946735934865,0.0,0.016335785388946533,0.9999352573782699,0.8991416692733765,0.0,7f5012a5c238529323cd26ae4f42d7a6a07075428ed405f1d53aa709cebc1d85,1,0.9933820008105632
0.997133584265044,0.9956997841717634,0.0011780312865346861,0.003884193864928873,0.0,0.0020315612200239343,0.9999927359040187,0.6355606913566589,0.0,7f6378919fd2f36a6c470354676368d0dc965c9cb6c029945d3e2d6a9eb0a9b5,1,0.9942235628054907
0.9957722335432172,0.9925104290804071,0.004549033063547239,0.012744049576378397,0.0,0.006176401388502572,0.9999087494836691,0.5580251812934875,0.0,7f7cf2c559e8cfaf87a8edd98e24e05200c254dc52de517549a6a7f80de5e600,1,0.9936871310718584
0.9930910979081795,0.9919191191701587,0.0027812502505666003,0.007899465036013686,0.0,0.04918384552001953,0.9978874953985801,0.6166181564331055,0.9875006675720215,7f84917949a707b9ef6e91576e115c92aacbbc75a55717d1d3a3966c83988e40,1,0.9962494675235622
0.9999249691214837,0.9999222225849619,2.1767339835229537e-05,4.563752282832489e-05,0.0,0.035470183938741094,0.9984743323197459,0.3926587700843811,0.992037832736969,7f9231155891de9dfb53ce6db02be4312af683c62480b141c6f7597f42e3d7b1,1,0.9972318205110621
0.9894379764809155,0.9889536256059329,0.004502501638812885,0.008857016846069099,0.0,0.37057673931121826,0.903172342326433,0.8586380481719971,0.0,7fa67847d98d99d22b069e92a73bfa29f3835630e12e917f8cd28404bbdbd5c3,1,0.9876959926626617
0.9995135768896901,0.9995904715433485,0.00012178544147299594,0.00026788879403877026,0.0,0.057557336986061275,0.9977880446472275,0.46203741431236267,0.9980574250221252,7faafbdcb7449bd7d9d80dd271eff9c1240eea9ea681d092164c5dc5f06f72b7,1,0.9971001818683238
0.9915445098945923,0.9907381260392413,0.0018558021080419113,0.003336985328471931,0.0,0.03700155019760132,0.9988006553584747,0.692602276802063,0.9159423112869263,7fc766e5d02adde3ef7e59fa4d546ec272407705e9adb9abb44473447c53322a,1,0.9959539712915637
0.9893734097712449,0.9930870366490367,0.004847848475362831,0.009330129576562807,0.0,0.42449754913937454,0.8230328398702887,0.6433458924293518,0.997723400592804,7fd70b7935274281575653d6db03b89e7d5bd00ddcc1f808544cc455422b985e,1,0.9924423960301454
0.9892172008074483,0.9854047139081045,0.005171930613740514,0.013808670874825846,0.0,0.020854949951171875,0.9998638074954134,0.9718055725097656,0.0,7fd9eaf2f5576e146781266e42d74e6512b557341452216fa1b7fdd168182f61,1,0.991347765758083
0.8507323882189439,0.9122220041334776,0.07819596961816727,0.12588997361956983,0.0,0.07554707070812583,0.9940039041666041,0.17255854606628418,0.0,7fe83b6631bf57d06829cb6470f8fe03c7c09726dd15c26d7f48e987077433cc,1,0.7798712976424664
0.795782007539473,0.7273961354376981,0.26473196843592256,0.6606709599774955,0.5714285714285714,0.46977752447128296,0.7360983235925572,0.5693535804748535,0.0,802b51ac958e0a60dd3f9162ce76d8da4c8b16f4fadfafa3cda95daabb3fde86,0,4.257528746807716e-13
0.9968214389678557,0.9946896034152353,0.0024436634230060833,0.007288308279062439,0.0,0.02930260077108385,0.9991277304778092,0.5920534133911133,0.0,802d4a390ede2c264887312f46e91e231df23d8637805c0283ea9b54522c2aa1,1,0.9939699950380746
0.9948621699872598,0.9917060709797532,0.004011140422688491,0.011947588754569138,0.0,0.004647731781005859,0.999995021341499,0.9445998668670654,0.0,803da5d9bbc8cf06eae0c7dca9eee0fc333100755dead2152ecdf10d981e5f71,1,0.9927480432282794
0.9930371039348922,0.9914573374972265,0.0011912454074864227,0.003742535339419706,0.0,0.0340958833694458,0.9988951559579486,0.718934953212738,0.9616773128509521,803fbe6676bce93b167a0e7cf624dc8c923bcd2a5212cd26cefe29f0fe030baf,1,0.9961871892846398
0.970900347875353,0.9553857391539393,0.31285476752527425,0.9037200504051625,0.14285714285714285,0.5960935950279236,0.6742813673178313,0.8166725635528564,0.9988254308700562,80410b3fa66fa87dcb60046d084b23c92819fa5d8a705564c9f9d0e797a1bd5a,0,0.0007730635415213006
0.9941866571265965,0.993761874769584,0.0007371787659812871,0.001404060915264127,0.0,0.01518338918685913,0.9999723579206898,0.5662097334861755,0.9818591475486755,805c91b98ec1c5ec19b89df8305873244773baa67e87ad69de9bc1f6a36e5660,1,0.9966347996118261
0.9904958013348223,0.9879174131542248,0.0035513572420148667,0.008433656844873573,0.0,0.02423798447241246,0.9992760224280671,0.6143395900726318,0.0,80671bee65ee3d4d48ea2f226ceb080ad90822f46a40c217da86e84fe92dca6e,1,0.992830646060477
0.9999071506951119,0.9999157894101087,2.366617637538621e-05,3.437392127764802e-05,0.0,0.10876939445061018,0.995477486959777,0.4438854157924652,0.9876198768615723,807b3812c5040af99f981e9fccecf76687314b400e6a926ec75b47cdfa492e02,1,0.9970132258294234
0.9901816942069301,0.9824443077276683,0.007009210519776892,0.018704621032792135,0.0,0.03352189064025879,0.9990156686768115,0.9526494145393372,0.0,8082edaabf735955a18cac2789bf89bed81c4284a57d95188808ade86e91429e,1,0.9907726694404745
0.9938849124999538,0.9638213851113999,0.029564272998347442,0.07564630293347907,0.0,0.09819638729095459,0.9924384007306555,0.8781632781028748,0.0,80868d9dc2ea98ce7bd793985db85ed4a1f9fa78a4d387c758653c8a03e4667a,1,0.9826858371557001
0.9966590327364441,0.9961994829126878,0.0005142603003451075,0.001057113671299903,0.0,0.008646786212921143,0.9999911856213299,0.6746560335159302,0.955252468585968,80880f221d651e6dc4223badbbf3191c8815a55bbb05b5ef295cc4360e3e91ab,1,0.9966708676916797
0.978203276436512,0.8758393174289659,0.17533733450700867,0.5076098827214245,0.14285714285714285,0.07574175697485686,0.9966855809654586,0.40933769941329956,0.0,80bcb0a0bf335d0ddaf2763f119bcf8a84bd43f302e3cbbf3c99ed8f9cbccceb,0,0.0055904296436559316
0.9986312013255403,0.9966541685928608,0.002231394085796294,0.006608654049349405,0.0,0.005132436752319336,0.9999972151731593,0.9764848351478577,0.0,80da0fd5fe3841829456ee98641e3e20a25897dde5b63187f7fcc9de5697a9d0,1,0.9935490389134611
0.9960526949056976,0.9943405395710189,0.004037335913806894,0.009293132850254893,0.0,0.5908942818609448,0.5578931596435117,0.5157924294471741,0.984441339969635,80ebe147b34d74b8eae9255053435612d44487ca01f7e791448cc2efc870a63d,1,0.9868258361475226
0.7542961107022375,0.9170144467844034,0.07252717952177277,0.22564943004762666,0.0,0.9225229230942205,0.09525112911781732,0.38943639397621155,0.0,81083fbbd0482ff0edd96160708a71994adc7a61fa63d4e75638518cadf57614,1,0.13550772455922053
0.9900398286059157,0.9844708827503005,0.011176880201916246,0.03230726831206365,0.0,0.10323530435562134,0.992838473686423,0.5113917589187622,0.9759818315505981,811cb9e473ac09e8623cc4c7af5af59cc15366660d596eabf5212a68e9eac260,1,0.9950203635892362
0.999986149973189,0.999959881643223,7.900448226212028e-05,0.00021957975294692537,0.0,0.34039196372032166,0.8227279003785667,0.491128146648407,0.9518740773200989,812476e410f433917384105451fea656a7c4e795041b5ffe50c569a95202563a,1,0.9947186738801163
0.994474394014961,0.9933543323907966,0.0018864939385658907,0.0040635659396220936,0.0,0.09712731838226318,0.9941662609016632,0.722641110420227,0.9310330748558044,812566661696505ce7340286f0e0aa2e3f41e538cb57bd97230ccc6f8eaa73e3,1,0.9959952565337671
0.9997983478536281,0.9998126494760753,0.00018668994249506433,0.0004218316992640474,0.0,0.9046148061715127,0.059150684384533934,0.6857553720474243,0.9706097841262817,8126c4078d47d6b898cd8d8a007c22b92fd469b7ca01fb6dcc14c1e1d7b6d0b5,1,0.9576155905785627
0.9994361769149256,0.9994082475193153,0.0004081139210173515,0.0006605111439695119,0.0,0.24949765149062542,0.9436029505115598,0.6048027276992798,0.9986271858215332,81280415e53820073ccfab4c6ea6ab39cfc48112c14a36921ca13c746eb3ae58,1,0.9960682274651871
0.9935835407547133,0.9880106326736063,0.01565326201941523,0.0438158626523234,0.0,0.03418678045272827,0.9989405254784867,0.961223840713501,0.0,8134f62dcee28261d5e81ae0021a861fa8d493ab6f75e36b05a903888e95edcd,1,0.9903466348962555
0.9877479082992382,0.9777316945629401,0.016783526934445292,0.04844740820514726,0.0,0.03157496452331543,0.9990728239532785,0.6195647716522217,0.9816980957984924,813b22732b67c62b14ee3d0804472ab64b599a3c2e43fe864be5ee4d2ae529e3,1,0.9940699008291491
0.9974462466702207,0.9938909291490022,0.004602201300531625,0.013582370157151025,0.0,0.007077336311340332,0.9999932319639094,0.9662007689476013,0.0,81432b0832893dadc3c61863e0f4501e25422248e9c4a347eb3ea95357ce543e,1,0.9929843149824722
0.9996099881765348,0.9996251483287991,0.00015776167538660824,0.00034877527277583535,0.0,0.009377561509598507,0.9998271353738726,0.3595391511917114,0.9959070086479187,81491ba8f0adf730e12d129ec48fd787b8a5323c7940b51ea0f0a1be5635229b,1,0.9972994473771053
0.9875323282163134,0.987534813278871,0.0033241496045341833,0.004803174763156176,0.0,0.15781857067194635,0.983196308654797,0.49944761395454407,0.0,814e14f04fa62512bf2863464333f9743d7fa4d28f265c02484dc0a89901d1ab,1,0.9919157465541798
0.9968961706798323,0.9955701582160967,0.001371309412527492,0.003861408338241496,0.0,0.009873099625107217,0.9997838915223403,0.5949849486351013,0.0,817142ec775f5eda557a9afe6f7a1ff5be065f61e1587da73a24fa75bcc61875,1,0.9942221644687707
0.999997172097611,0.9999943715777616,5.339698288572992e-06,1.3819435824030423e-05,0.0,0.05548085644841194,0.997943633322326,0.5090082883834839,0.9981236457824707,81850da7d32ba3710111c81206c3a44436d6100798eb2271ead88869aeee30eb,1,0.9970931784029827
0.9962035956122541,0.9945025387811867,0.0024099930131862126,0.006888892399586526,0.0,0.006894425953717767,0.9998297275446483,0.43633297085762024,0.0,81858f6a61836d160744bec250b04381573b6a4fe0861b7d6cc908fbcab13927,1,0.9943285834580852
0.9986226793888136,0.9985796652839375,0.0008260062963542969,0.001913252503510841,0.0,0.00866855611619144,0.9997946633487856,0.4565694034099579,0.9979650378227234,819e37ec97c78b57148b133ecd4f2bad0a564e3d3dfe22e31ef7973b3c0df27a,1,0.9971140297660972
0.9976234309229567,0.9965549482497461,0.0015096106661999043,0.003206238640077408,0.0,0.012699663639068604,0.9999885527594595,0.9158040881156921,0.0,81a901b89777f2e55b9fd31f4deba4fb75c4c7474284e97b33bbfc2fba91d86d,1,0.993640019570788
0.9921528668459147,0.990849029536612,0.0030475827092225024,0.006330411414380935,0.0,0.028489476067641618,0.9990371389388619,0.5520099997520447,0.0,81ac0f757a589398c44871225039152b9c9c575229fc6f8e59d1ee89f2d2a5ac,1,0.9933689957617376
0.9712935779072737,0.9528728508749416,0.040081944145428726,0.11179071041763189,0.0,0.8172087071613544,0.21086393974032486,0.304946631193161,0.0,81b569b9ed0155ee024b47ed0a08bc08302b99251d64fc6d2b2aeb3abcd2fca6,1,0.8195488966775341
0.9999990611934371,0.9999991301789564,1.004305414678327e-06,2.3035488541800415e-06,0.0,0.777737021446228,0.21475090917279718,0.5690843462944031,0.9839200377464294,81b87c1161ab1a059deb237c34b467873fa33b0b6af8b921d170e104085a7e3f,1,0.9734230376509926
0.97566926305007,0.905740109347673,0.18241167241782033,0.5294704541686412,0.14285714285714285,0.6546013057231903,0.6011008179592117,0.6522201299667358,0.9981293678283691,81c6e40a93767162d3bf67a388cc9210b80317568d9cbb4e5a18c60730afc7b9,0,0.0033608543968110527
0.9960309570206152,0.9912663613008553,0.005034477020017405,0.014143330426224194,0.0,0.10226668417453602,0.9935750495563778,0.5668233036994934,0.0,81cf9538b5024f8c165268b4e525a92df63e1e841ca79fe6c3f5b187ff7d4900,1,0.9930053860165061
0.9955998532857346,0.9913774774811619,0.004701721925583923,0.012739800699260173,0.0,0.028898894786834717,0.9992888387266209,0.8553427457809448,0.0,81e33fd76022d701820b7641c26f052f95e8a8f63b7868bd5b13e60a646e7de7,1,0.9927567285988109
0.985155582183704,0.9790948857678278,0.005429063524603046,0.01378728186862943,0.0,0.1694622039794922,0.9846836321128711,0.7305038571357727,0.9555571675300598,821725e44e6531615d84acdd2751335814a5b749e18f1ed3c12cd0e16155bc5d,1,0.9940920741304079
0.9551475511535408,0.9233884592413466,0.08410417972867727,0.22554046416109919,0.0,0.015671730041503906,0.9993761402874813,0.9322106838226318,0.0,821932473cf36c522b0f22d22fda4397d94bd5b4fc65fabf71dd9a6da67f8b67,1,0.905852912586859
0.9973841104565787,0.9957422335880123,0.0027608576052755855,0.007790760261237817,0.0,0.005766451358795166,0.9999804658405453,0.9713643193244934,0.0,822ee23994279d298fd59d4cdad1e3314aa3c582b717bbc4d731773de6a8dec9,1,0.9933410042736837
0.9919210255934378,0.9889174798635073,0.002604031823855298,0.007684113003242787,0.0,0.04819893836975098,0.997948702566699,0.6732287406921387,0.9562475681304932,8239b08b3acff3412622f75a27c53080ad5e8a62cb97e26c5a6a6758d698a68d,1,0.9959257793921336
0.9804498877269421,0.9758032550311352,0.007550535994065215,0.01764677667651282,0.0,0.025802910327911377,0.9979092335236218,0.5900752544403076,0.9871745109558105,8258dab92c8a8bf6e0146931c98827d9d2549425f1989ff21fd3962f51bc2eff,1,0.9944588071530244
0.9927342782679842,0.9902872768931203,0.0036035235936152693,0.007645488865267207,0.0,0.12474834913615969,0.9905613256268591,0.60030198097229,0.0,8261d3ba77ceeb6905d567076fb0439a8eaccc5faccca631377f7cb8951a1e2c,1,0.9925920399417973
0.9942909040474892,0.9939325933965488,0.0009620864738693869,0.002039574942623714,0.0,0.006186981951323514,0.9998930848643107,0.6440650820732117,0.0,826740e79927d1e285f7d6f6500e57c78691c1334a6e226ccfab75d946fe74a5,1,0.9939017734544248
0.9879800949340257,0.9719904674473959,0.022916239900925787,0.06925803547691545,0.0,0.04356741905212402,0.9981419908523668,0.8343290686607361,0.9764374494552612,826aaa12425c294fa9dadfcc5560be95ea04bf3a23ad4eb19edfaf17b6a46cbe,1,0.9923540001358395
0.9749488968480815,0.981690364605332,0.006036843604111947,0.016659022653644863,0.0,0.4284447131666639,0.841576629414774,0.5564889311790466,0.0,8293a7d4f77da98e014f8dd2ace3034ec5c54b349822c6f3807a4d3bc62063b9,1,0.9831399776335228
0.9999981853271828,0.9999986952481478,5.610159166435553e-07,1.623538248282817e-06,0.0,0.04247481748461723,0.9983224657314603,0.3954642713069916,0.9976431727409363,82c96a9ed66e6ea9a937628011fb7800cba8c530e9a5ea3b694fee4ff93b5219,1,0.9972300754585391
0.9969364711211964,0.9949631152943034,0.0021255788039115132,0.005674301155953632,0.0,0.04411967098711727,0.998485552159707,0.6550322771072388,0.0,82caeccae4c05b48f032f6f161d7ebe15b9bd536b73a0c311b6b5b7f23143fe6,1,0.9938215412657326
0.9960096270633598,0.9934976845410797,0.003400916869875039,0.008685395253753087,0.0,0.0028536845917673586,0.9999793089224047,0.557157039642334,0.0,82d9639320f3ce1eef48d93b780c2be65a8ceec62378f1f97088eb3cd64ac758,1,0.9939058524732987
0.9954295347908256,0.993628683982862,0.003391303063425237,0.009172553679778761,0.0,0.010079026222229004,0.9999936743737631,0.9640931487083435,0.0,82e99e3dac2aac5adaf842b3ca7b27cc91cb85b63bbf648e103131efca5bc2df,1,0.992948215149733
0.9978344605905296,0.9928213867845679,0.006261238659441041,0.014921479838104657,0.0,0.02197796106338501,0.9996250533917171,0.9613858461380005,0.0,82f50b6030dd9394e39bedd3a369290a5215aa1d7a6d545cddba0caef9736430,1,0.9925912563864551
0.9950569533665835,0.9873239287349603,0.4353810313170594,0.9783280810358161,0.2857142857142857,0.2353053092956543,0.9655114906762348,0.8481639623641968,0.0,8302ea40a3735fa140da5d431576ee49a332502797b33c617a69921f61819342,0,4.5739686983524535e-07
0.9957403829690435,0.9808268309321097,0.028385656823086147,0.08245389825821255,0.0,0.0829106867313042,0.9957579023409602,0.6541860699653625,0.0,8313780cbc23e84e2098eb408ad3ca23ccb187aefe7e37e501f0474429d1a6fc,1,0.9880207392673329
0.9999717935336456,0.9999781343346912,9.887291901198222e-06,2.2040621363164534e-05,0.0,0.008640733547400555,0.9997444186873168,0.6082733869552612,0.9991649985313416,8317ced992d7f717dd53f0950c06616ed5df7224ff1bd91b015fcd1eab0a7d37,1,0.9970971848753346
0.9975009874349409,0.9970829897190001,0.00045396159590467534,0.0011093976307424529,0.0,0.0033443812280475414,0.9999815999199716,0.6547936201095581,0.0,831bda25c0d4f256c6389a224e51ecd70499366280e1ef18529a905b686902d6,1,0.9943630811217661
0.9932990518027975,0.9792465391091276,0.013703714303360997,0.03912814419464472,0.0,0.4751209020614624,0.8029170248524387,0.8634585738182068,0.0,831ca74c152090c7470e705045ee3fc00329e9f08c302938737bd0eb19f14c24,1,0.9792924565325666
0.9953811230514432,0.9942611830747745,0.004010148299128027,0.010875423168605458,0.0,0.1339213252067566,0.9877256938997718,0.9501767754554749,0.0,832503f4a7fe607a0c7b7d657790184e7e06abf5155f781942382d44ef0f04ab,1,0.992148747829814
0.9905826797904053,0.9880240034471675,0.003765396869500477,0.00859015590496548,0.0,0.047615110874176025,0.9975219001383735,0.6384993195533752,0.9619274139404297,832d402435ff840b452f48830a45468636a30491a3e64caa2c9e0e3bc034995c,1,0.9957836215291528
0.9976407499383387,0.9916146519709186,0.007839553847258563,0.021044341132329114,0.0,0.011622726917266846,0.9999885972750873,0.9626893997192383,0.0,8335894ec1fc347cec23cce2990dc4ca69440f0fba45c345a0a366e5a76e2840,1,0.9923414113648509
0.9844574525464299,0.9707144240730602,0.026324272248461667,0.07761683224992166,0.0,0.790924072265148,0.29701530079521665,0.4407500922679901,0.0,833f9548ac4d4f80eda78051dd2962196193b0a6bda0855623bce448bc71ff7e,1,0.9066484154651061
0.9886790073974036,0.9804586830550355,0.012576653839440708,0.03047150380821788,0.0,0.4509456753706511,0.8214072243011971,0.516428530216217,0.0,834303e0939d0f382b7cd4e8cf48320851a42b5b90ea996462d085a6ac5ca2b1,1,0.9822201182889997
0.9988642770127502,0.9992045056728959,0.00048137107026682493,0.0009024856055387993,0.0,0.8353404390131347,0.13111270913077064,0.6668099761009216,0.9724607467651367,835380e9e54399089aa3788d2ea7df016fbc2fd6bf4d30f1deb82aebac768f35,1,0.9646904048654235
0.9999965546875021,0.9999879596849602,1.8190498981579312e-05,5.2444947163536975e-05,0.0,0.9374006390571594,0.02220184461006841,0.5216501355171204,0.9590094089508057,8355ade448566b0819c7e687740377a527a7c24966bb5c7da155e2364aed7133,1,0.9556844151380606
0.9985784051770987,0.9982782523147341,0.0001996654269602769,0.000611898296431379,0.0,0.010323703289031982,0.9999924921270915,0.9521952867507935,0.0,8360087fb94ace2e6f7fcbb2eb153f7d23e913f092a235e1fcdee70ac692455a,1,0.9939189762555583
0.9983926586719228,0.996528595458775,0.0017490533237652795,0.005109820361695494,0.0,0.018158674240112305,0.999852346894216,0.9417687058448792,0.0,836c78cc6bbd28147c1721e9c7705f1e26b3cb5185e4f4279603206de76f3087,1,0.9935932534349703
0.9964464048287963,0.9744369554355734,0.021849083269141065,0.05600395628731181,0.0,0.07434695959091187,0.9956313062846227,0.929558277130127,0.0,8373ea437ff33c32e97855193778c3820f1b02fc064313a7a2dab015c5773102,1,0.9871532047201055
0.9244529109382894,0.8751661266364773,0.3067326109912263,0.8921668115782144,0.14285714285714285,0.30311864614486694,0.9229518956921721,0.8670613765716553,0.0,8378133845398d9c193d73dd911089148c35db3822c4971e1944a3d8da0a9235,0,0.00022926327120558536
0.9999878498902389,0.9999817948901207,8.163507036790083e-06,1.8495296478218107e-05,0.0,0.10740506649017334,0.9931657855939972,0.4970416724681854,0.9989702701568604,83970561eac5dcc68b199adc1b99eff2074881356bc634efbb14a5da632c4ba6,1,0.9969717950881015
0.9942166851585955,0.9917389972626081,0.004017209417851189,0.011139136919380408,0.0,0.01090584507240493,0.9997467165388197,0.5533809661865234,0.0,839dc3914e34200c4f10de5d94990711b3e78444736bbecf842072f3a5881a84,1,0.9935751110317939
0.9950724020198415,0.9875449986945215,0.00908478599277735,0.02647474690240021,0.0,0.008064969441515992,0.9998385879231422,0.6655807495117188,0.0,83ade2b1c48b85104fd92319302271bd6fe78d67e31772bac45d396251201710,1,0.9924181620469354
0.9970762934708797,0.9959935349376494,0.0009618923901028096,0.0026124795606383747,0.0,0.003618647809987049,0.9999655584508431,0.6939913630485535,0.0,83b512301fc032409c5b2af2b64c02e4e4f82e7cdf26bf6b2689e6e40a2d34e0,1,0.9941328730423056
0.9999599846690047,0.9999783519316441,1.2308086260035234e-05,3.691767071772606e-05,0.0,0.9549233317375182,0.02098040311998637,0.5985365509986877,0.97246915102005,83ca55efd51915b945637e087c94c5c582341a89f9e0fb53a3245ca264150f23,1,0.954253009373677
0.9831766383491897,0.8553705655499273,0.24589708478076344,0.5740342200712621,0.2857142857142857,0.3259550630167183,0.919503696190098,0.44785964488983154,0.0,83f476fdf329a026c4b55d96504ed5e34fd88da039c4ffa528c10afa5e515207,0,2.4467467902293358e-06
0.9999995913645748,0.9999991231683403,1.016745640606292e-06,2.918914436108143e-06,0.0,0.002953161485493183,0.9999913729293349,0.33474934101104736,0.9934262633323669,8415c32528174a67bc8a12577ee7d461d375bd3172603a3a452f3a721100540f,1,0.9973609666538883
0.9988124356001495,0.9988942494216901,0.0003913321064293593,0.0008037709517141403,0.0,0.009587933309284896,0.9996869701243198,0.36265161633491516,0.9963984489440918,8419b53ff9776b55a297040cc8046cca2f76b6e2e3ebdbe00871da7cab3f5778,1,0.9972378493788421
0.9965655556916897,0.9023014593979887,0.30966314852885973,0.8026204725572585,0.2857142857142857,0.014779806137084961,0.9999776618457201,0.9231885075569153,0.0,8426bfec08ccf0fa12b897e2af05b21b6e334448e4a15d2d9519a5539be04835,0,2.3810143664071077e-06
0.9959872914082566,0.9872463777679916,0.009686290770560543,0.025513785812044443,0.0,0.005862712860107422,0.9998596532000189,0.9189882874488831,0.0,842f45a8903ff37f7d1501eb64390b67521a358cdbf8443c1b8fc0a2474d4ccd,1,0.9916546420258814
0.9648418900967024,0.9752182195137299,0.008141362171522002,0.021890953306632377,0.0,0.9876919584348798,0.04319990673440907,0.648865818977356,0.9990091919898987,843116b0bfbb744f4c9d5d5f1ed2b5adcf0b51eef4adc4990673461382a704f5,1,0.9064710013577416
0.9926389332411558,0.9898741838443302,0.0034088823239994746,0.009694471497422419,0.0,0.06120115518569946,0.9962057589085238,0.6597916483879089,0.9839136600494385,843cc5cbc88a6c66600119889d3015f260da8188f5522e901bcd9a07d75f09ac,1,0.9959785736944821
0.955254914035749,0.9304747623679749,0.373520381067725,0.9137676820046411,0.2857142857142857,0.020506978034973145,0.9990859399938863,0.7863057255744934,0.0,8490209a6f26f64b7bed593125657a44c64957a6f22341cbfe4fc64a282836c4,0,6.998889569835334e-07
0.9941846668518772,0.98854676285325,0.00989285961253829,0.02927389662615251,0.0,0.1317565143108282,0.988845400826067,0.5203972458839417,0.0,84b2cef3956cdf31ce460e23beb95f4089cad45b93330f87f8b8cdfb4669b1ad,1,0.991909935697091
0.9875515628927786,0.9833107915134255,0.005024132492970589,0.012818591706822757,0.0,0.021818697452545166,0.9996485799070781,0.6507630944252014,0.9532178640365601,84c5814795fe8b683dcdc404021732fcce4851e7309459bc9c18708278f55dfd,1,0.9953571217142749
0.9974410979069405,0.9969891862374105,0.0007714586480247204,0.002279108997845145,0.0,0.00151798268777242,0.9999980886142519,0.5411504507064819,0.0,84c90f98abe6a3fda974af3a0f7bcf7be59dc550d1d9e16d3a70f47eca1d20d1,1,0.9945486058037863
0.9957846119605748,0.9514608329763125,0.05410089054770102,0.15507380834788728,0.0,0.06499787420023316,0.9972495832783813,0.6095569133758545,0.0,84ca21cb9fa62b2c4c657e60d42db0f99f26b1ef3237116a1b48b2fc7a3037b1,1,0.9740530498604829
0.9999822836811058,0.9999845500412902,9.959895695204381e-06,1.4693143704190772e-05,0.0,0.5731547474861145,0.6325617383179383,0.5679704546928406,0.9704623818397522,84cc0c16dabe57205305a67cd2832f8979f44cca86cbfecc5162be2df99e062c,1,0.990525243077309
0.9966162755646688,0.9976340441163771,0.0008455700541955868,0.0020862409946194056,0.0,0.06812085046837524,0.9972990737601085,0.4413783848285675,0.9885237812995911,85057469e460a6782549e8095cc49466d92f8d0d1f7650beec6957a70b27fb6f,1,0.9968841630727658
0.5961299684080877,0.7899203005975713,0.28075690034702677,0.5409558392204813,0.7142857142857143,0.5160532593727112,0.6375742550523593,0.8584560751914978,0.0,8530c24df42723043ea4462a66ee1e329099b6bf3fd8a2f9692e0b75765a1925,0,1.8697024376133087e-16
0.9971433908937309,0.9968995503345887,0.0005417328147434167,0.0014875368776009479,0.0,0.027625560760498047,0.9993697955721126,0.6252245903015137,0.9853711724281311,853eed10315ba1e7711a6c9be7eb829a202e94d6adcbd642bc6521526382bb2f,1,0.9967831947694827
0.9999978037474792,0.999988420669708,1.737211249857432e-05,4.846248109787013e-05,0.0,0.02694156393408775,0.9990151781243799,0.5149952173233032,0.991919219493866,854a3aff690677825cec9b85907a625aaf988bbb41031b5d9d962c1bb13842bf,1,0.9971378295319528
0.9971937979938581,0.9899116023999602,0.011064212978703582,0.03375104637022919,0.0,0.02192842960357666,0.9996530513137637,0.9704283475875854,0.0,8561042a9c553326226c0cfaad3de2e8ce083e7c9651ac4ac18d4c403abc6b72,1,0.9916784542070807
0.9912235375312586,0.9900372574031575,0.0023185543102220664,0.004555609167546049,0.0,0.5432052910327911,0.7013824047527336,0.7254029512405396,0.9849990606307983,85790edefc7db93873eb1404f5414139b43025c7e1c8f9247a05ba01e4344e24,1,0.9892386915182084
0.9934846068187976,0.9915479564540083,0.0034631010807390237,0.008097888091265326,0.0,0.05170661211013794,0.9975184278202914,0.6529648303985596,0.9818111062049866,8579b4b7393fe2fe174892be2d68f3afffeca4d2f793af75b87e1d4cc1e6b632,1,0.9961171786193295
0.9935170354910288,0.992304458037381,0.001993781088571882,0.004836504385380849,0.0,0.029766932129768376,0.998956600006168,0.6211106181144714,0.0,858545c0975275edfec5df83ffdf4ac66846e05f2e84a878cf69289dd2a018be,1,0.9935516790799285
0.9653250324936372,0.9628986600376432,0.019488729839874486,0.02590740513306091,0.0,0.7605309483768747,0.40989702070018624,0.32596123218536377,0.0,858a7404b848cfc0de9978bfb3d5ef3830bd3a8859776496ac059b05fb96c3a5,1,0.9126517266972318
0.9999729247422564,0.9999794559707679,1.4114703492882957e-05,2.369653969522171e-05,0.0,0.013488266617052049,0.9995529816168085,0.5418905019760132,0.9881117939949036,8590a72f90b0fc64f8487a0828f95e600f3afb5eac9bea2c6102334023469ae6,1,0.9971333007072918
0.9970057794059817,0.9735369645564454,0.052140996782355904,0.15103349856928983,0.0,0.0069506168365478516,0.9999921979997435,0.9729533195495605,0.0,859bea62818e2dde2bdeaab6f0882266784701bd21735b8f701584efc97b90f7,1,0.9797486811316714
0.9805809596348464,0.9796038608725597,0.007348083096801571,0.01208755860043731,0.0,0.5664098560810089,0.6084534235575082,0.7199668884277344,0.9854843020439148,85a1b3721a33cfbcaabf68d17293bae71774f596601e765f6ba21304ca8dbb0b,1,0.9814329431614075
0.9931970849735634,0.9914668845721705,0.0027269327575049746,0.006962813379658983,0.0,0.18756115436553955,0.9785825097027978,0.7032736539840698,0.9720646739006042,85ab99516606be9c09d3048057ab013032ec4de44ecb9d8669936d24ede47585,1,0.9955145820222913
0.9946293854922366,0.9934265689592977,0.0018356446396317646,0.005308323950998006,0.0,0.0210036039352417,0.9997391422910411,0.6215644478797913,0.9862415790557861,85ba22dd7c7f548fc5167cda9f45f900c92132c32f022e649dcbbb8fc6ea073e,1,0.996504940058826
0.9971493691601152,0.9947492750953355,0.0023557136486226267,0.005998411328474373,0.0,0.03236473351689123,0.9988684809292082,0.6035844087600708,0.0,85d3141d457e07f9f10c8edebe53b22032e00efad7dd7c40a6459b6df43b49ad,1,0.9939490450561456
0.9928785877022117,0.9298773262575074,0.21060935230099007,0.6108088269058247,0.14285714285714285,0.019479691982269287,0.9998145055838917,0.970802366733551,0.0,85e0a5d41d727895e6d4ad5d7449e6e01a195b07b6841e2e7fccfe984ba8fe1c,0,0.006139729375949879
0.9999955138582427,0.9999953569907646,1.37847594386546e-06,3.473204676950657e-06,0.0,0.15056410431861808,0.9798323746450395,0.6178913712501526,0.9651784300804138,85e7a20d378889feef5934e0f275f3d05e56e762f7bb96040e484a52fd378b05,1,0.9965897788540051
0.9926272402912911,0.9921029778247542,0.0038915141125062972,0.009043113629252475,0.0,0.04879528284072876,0.9974511414342665,0.8176208138465881,0.0,85eef438383291ca7b9ef23ac8c0129479854e70811596d969ca56ce66fbb9d3,1,0.9926676353641145
0.9958894454059285,0.9932315189332492,0.002642123244195699,0.00683113313219208,0.0,0.017894387245178223,0.9999135638747323,0.9380561113357544,0.0,8608c72fb98d4de163340b60a2cc0e7555f42dcfd2d651d3965c30e7e7c83202,1,0.993052539159158
0.9999962554240285,0.9999920357350213,5.3931121065947465e-06,1.4400038260570243e-05,0.0,0.016238285228609876,0.9995600062810418,0.2958933413028717,0.9973768591880798,861d99a62f1c41a9f802e4d6adf84dcda65f93b4e8230a1ed4a398c1a12e917e,1,0.9973756447415558
0.9952470307091155,0.9950207837121339,0.0006094367123817132,0.0011025726683631509,0.0,0.0177945941683159,0.9995002606419856,0.4713144302368164,0.0,862cc0032379b72bea92345fd9ec0bf5c273ef0426e70e42dbbc0819a1a9d33d,1,0.9943670460974864
0.9964020070780875,0.9940114425658807,0.003387396704896872,0.009315051909167016,0.0,0.006167319602074479,0.9998802469022354,0.5725561380386353,0.0,865b2bda2e4026697929f0c8c9cf819f9f70e470e0c312b1677e44371ad2fae8,1,0.993931819325197
0.9820313509243269,0.9759862074970892,0.017497682678057055,0.04874599281010494,0.0,0.02197962999343872,0.9997654649538307,0.8998349905014038,0.0,8678e93b24d2af64b55bc5f0ab89e9a72b908d68b19e49544a216b2ba39fa97f,1,0.9874522052728925
0.9999322824166899,0.9999189883366857,4.934468902230132e-05,0.00012430670476944942,0.0,0.021832548081874837,0.9991583435718834,0.34332671761512756,0.9909520745277405,86804cf072e92752e1b8226ce4f9bad50b07600d75e9f19939e4db1b60361934,1,0.9973040068172013
0.9937450107414182,0.9890350367091764,0.0034294854615158047,0.00869531877488916,0.0,0.05775153636932373,0.9970661862044735,0.6832312345504761,0.9716793298721313,86844da88efa928ef0c2a40361ce5f31f867166740b5053bbf4f37ae4262f458,1,0.9959217538756173
0.989928895032361,0.9883012593546123,0.003766031383559012,0.008755774989037065,0.0,0.21576203405684316,0.9655833557777351,0.6062306761741638,0.0,86850782451b4bf00a702e9eaef8810466f6cf623ee937e8fce8fa8a9419247e,1,0.9912185784861559
0.9998183153240816,0.9998365676427206,0.00010837140320240263,0.00020719945729442965,0.0,0.06431823968805145,0.9972237663849606,0.4940032660961151,0.9959564805030823,86bdbb375933addb3fdcd4830da56d32f3b311dc239c714a86a5377687962eeb,1,0.9970660226384042
0.994885628268994,0.9937437079638579,0.001012417842946034,0.0026665579966629327,0.0,0.0067536234855651855,0.9999999689250758,0.9744285345077515,0.0,86d06767486e74298dfb9cbe679255a048fc8683ae180f517e21bf1a3ac5db4a,1,0.9931966269702596
0.9775342304731288,0.9050865194184182,0.14369965249872652,0.3870529020156851,0.0,0.00512087345123291,0.9999064704198602,0.967825710773468,0.0,86fb3f60bb821e6aa59a7504a7a0141a5fbfd789cde566cc566f547abe3084ad,1,0.7690260913782293
0.9999999999052789,0.9999999989070955,2.1808337379019096e-09,6.328386504037203e-09,0.0,0.053466442972421646,0.9963117593320439,0.5364838242530823,0.9899858832359314,86fce29cfcd1bae79f85307a13c998f3aa5474e0971bcde2c6a183d9d84d55ea,1,0.9970457058988599
0.9880919876050437,0.9890423347027584,0.0022616220955734845,0.0036654567295669963,0.0,0.5767538547511548,0.6940980362596516,0.46125325560569763,0.0,87009ec4fba506060095c6863b138e0a30e69342f25eac065ffaa529b1b76196,1,0.9811556660767847
0.9981329495220235,0.99466253809129,0.004570577303699076,0.012601467352730145,0.0,0.005618704482905874,0.9999255131722664,0.5485425591468811,0.0,8704845af8656c18190c81d05987be6d1aacf39852dfa5d042a1d6f40f423a31,1,0.9940104018630403
0.9977441539283313,0.9973466399376621,0.0004159689160737824,0.001135491771159014,0.0,0.023705899715423584,0.9996146176342798,0.73934006690979,0.9813783168792725,870e2084e7fd9f4edc6c25ea668b9fb89e998a03254994355ead5942e8a81f1a,1,0.9967028848110249
0.9995862196184644,0.9997148984737919,0.00011281225679295228,0.00037334182161875915,0.0,0.019266290588293093,0.9993425510808133,0.38319090008735657,0.9960758090019226,8714a6d032622bc391d4d7b540b3dd0f1004ca869ed786b426e2f990203d5424,1,0.9972623537724787
0.988965208141128,0.9866004258556849,0.005182355330901294,0.012111542509717577,0.0,0.2255193591117859,0.9718728474172889,0.7236742973327637,0.9542686939239502,87194ccca8a5598b2837407d64067bcde6299ba03b358d830499163fb8796743,1,0.9944932605069408
0.9722956915918313,0.9561609389318672,0.01735206004212918,0.04683495606789434,0.0,0.795692652463913,0.31727315768742864,0.7924401164054871,0.0,8728b8d23e5658197e443d24912d15470f70f6635c01a00f1e05e1720130ba4c,1,0.8841958691195687
0.9913502422097857,0.9894602100279452,0.0041803038765524875,0.010932604251349676,0.0,0.1543472409248352,0.9872670976372334,0.675022304058075,0.9760406017303467,872cf75cefa051bdca292eafb0b52b9bd9c095a9719cc76e7e54ec232dd80628,1,0.9954470921615789
0.9955654633234013,0.9935104378876914,0.003283110995053442,0.008378452334225916,0.0,0.012667132541532528,0.9997398802530563,0.5706157684326172,0.0,873b2c12230e1a3dbda3aaa879d42fb570a8046464087b7550be99d7d479d569,1,0.9938224523112333
0.9840086025075837,0.9385618491394621,0.36859211168326617,0.8966197015503298,0.2857142857142857,0.8976861387491226,0.07866080799955151,0.6775982975959778,0.0,873d071dbc3a5ffc68639ce1d0592eda85a48dd88cc2f8879f75191046f80f81,0,8.363025621185107e-08
0.9925708498743393,0.9860316743519266,0.006999323961260227,0.018033910363423087,0.0,0.018575707449408133,0.9994758874240848,0.6754350662231445,0.0,8744a3175e7839d44b812aa4e4693cd98cf44d9a636afb0f25fdf84de6f39b1f,1,0.9922329970200128
0.9898416920771116,0.9300465739572484,0.20785308046775877,0.5998932024393797,0.14285714285714285,0.07034611701965332,0.9954503591085355,0.8663742542266846,0.0,8766b01c8684fb63e2a128df61a063f675044d670961816d83ed2ec781dfc58a,0,0.006175870496481989
0.9998984844328905,0.9999102997898138,6.9037555126162e-05,0.00013988935801142292,0.0,0.07374338805663205,0.9972751624872841,0.5109062194824219,0.9943961501121521,877ab8a2d3d4dc904949a1b504ed6a75c48ceda2ea92cdfe6e6fc9e2a562af3a,1,0.9970353059751293
0.9740566995008012,0.9752506881090433,0.011939839036568423,0.0245063101159804,0.0,0.6178017854507291,0.5917220180129759,0.5357292890548706,0.0,878756682859d75d6967b8b25772f237e08c34915ec67d02cf530277323b9676,1,0.9602445332526413
0.9959340789418648,0.9835282939390261,0.01861000358400349,0.05547062725265328,0.0,0.009799301624298096,0.9999966853241662,0.9661367535591125,0.0,87a9dca1635ec7cd5f6ef0f39d4504689a9537b11cd079f328cb7baebf57c640,1,0.9897352860986397
0.9972326091197528,0.9964170640472548,0.0008664480483530421,0.0024766113147986117,0.0,0.0015058733985580488,0.9999960601962867,0.6760619878768921,0.0,87b28980d17cfb6999120d6de12af2f052556aa1474f0cefdbc7f6f80bf5ce9b,1,0.9942283240404803
0.9979805715711214,0.9651187582938408,0.40122732022265517,0.8942069865730091,0.2857142857142857,0.04462456703186035,0.9977773439720431,0.9128153920173645,0.0,87c88484d531f4d9acb73a241dcf30adeb4cf28a9a2399ebd6b8a21689733c9e,0,7.747485376430285e-07
0.9999526794374647,0.9999608624312858,2.900610973768999e-05,5.142795787955517e-05,0.0,0.06928686052560735,0.9957457357942421,0.5524700284004211,0.9982178211212158,87cdf943134bf15fe1b6eb264b6b1d5698123d4eceafb413dda1361d65c73176,1,0.9970041126859702
0.9960544004997751,0.9945357174313667,0.001721498618596476,0.005069321415687826,0.0,0.015505948103903391,0.9994987383611247,0.5361863374710083,0.0,87d6823e0f55df2a1c4fab071f6b0832d38bfe9e7c214373b7ce7608b3603e73,1,0.9941585101068308
0.6397475853459227,0.721515276444558,0.2509091352120163,0.5910763327355139,0.2857142857142857,0.9713461929932237,0.43041176045289026,0.42842212319374084,0.0,87e0832b8d51b597f776f7c47fa398d1c301c81879ca2eae0382cfb31f855648,0,3.513591532304848e-09
0.9945631084384856,0.9930748690098553,0.0019925157811975284,0.005227663984093911,0.0,0.007062852382659912,0.9999970608454595,0.9809157252311707,0.0,87e29c2e658a8ca07ca552ac24546f94f518d2aca39bd52c4097ab593b89b9a1,1,0.9929818924561691
0.8683831864216022,0.8999199246432552,0.3028707817670709,0.8360530816874745,0.14285714285714285,0.8365320265293121,0.08205625493105953,0.6768402457237244,0.9320459961891174,87e5c310a6a19419af0f980804ef0f695feb2481a8ee72d0793458311055de3b,0,3.649753237718806e-05
0.9905244584631698,0.9890917106014729,0.003052874653093823,0.0069683716834472165,0.0,0.2497805953025818,0.9542600142548101,0.6051850318908691,0.9711623787879944,87e754c32131bc99050169025a9ef9118218ad1c8a2791139ff0385ee3479d75,1,0.9949176516361506
0.9950095588328272,0.9903046544188007,0.010609321649424214,0.0305068101507244,0.0,0.41020473837852317,0.8609143301356745,0.4159965217113495,0.0,87ed9c89cd55ae8c2ba2bf28e681c2c5e7a430ccfe7d868019ca2564f4e3bb36,1,0.98778814459092
0.9921103417420599,0.9839014515190414,0.008853179190831647,0.027990637517717465,0.0,0.07554125785827637,0.9956406417789861,0.9655139446258545,0.0,880f3ed1afd483a002278634cf702e5a475f96b1725b7699184a8ea2dfe8938c,1,0.9905356919880054
0.990239802446171,0.9601786029519825,0.053752120996174935,0.15313984970320432,0.0,0.0054968128710391265,0.999905744300482,0.6276028752326965,0.0,883237572c3b16d9067ab2904777d1379e172cfb953215a8edfcb58520d6c0b0,1,0.9765517685882917
0.9971331285821095,0.9968778787986233,0.0007065841275342713,0.0017242236132443134,0.0,0.005210518836975098,0.9999998948141349,0.9412306547164917,0.0,885464cdf2d62f7d5f4785de6dde9b33e30ce608737987490cdcee9b0fe092d4,1,0.9937109705442148
0.975200820178709,0.9808779604369907,0.004646264959686526,0.012586620134648894,0.0,0.007760337624404201,0.9998563724566928,0.4153238534927368,0.0,8867f2d0ef0aa0edd646c7c456eb1d05e4c9f9beaf1d75607d5f290d408355c9,1,0.9915069250467923
0.999275395108928,0.9989646379437138,0.0007918595258103788,0.001697977504327677,0.0,0.6296826004981284,0.4940087833326847,0.5287471413612366,0.9595193266868591,8881a0a4b6b4ff1c2c2e27130b124690ff49e2950627b62e7b888a9105d4254b,1,0.9863387529216405
0.9633919910938009,0.9197100789609202,0.37910963063727415,0.913483102764282,0.2857142857142857,0.0683279037475586,0.9952108268843892,0.6041472554206848,0.9715704321861267,88ceb84b866752eda86ecfdd06dc4d2abf8bd7d585dd11706fb26eeedce30004,0,1.0428792173488856e-06
0.9896312767707538,0.9883076918575906,0.0023494865409653424,0.005955891695297533,0.0,0.02486574649810791,0.9994340694521978,0.5695329308509827,0.9772216081619263,88e35aedbb71e355dffe9df656b1929d3b6d1f3fe159950cb42449f30d7e6571,1,0.9960829056070163
0.9959328783749959,0.9500666094903296,0.06252580053556794,0.1801630127238053,0.0,0.03792315348981715,0.9986376627443376,0.5275687575340271,0.0,88ec60614f65a45b09e66682724c3a58f8b926f57b8fcf65bb552cd918caa3c0,1,0.9711734536064052
0.9948110385833472,0.993168133054618,0.0024279467758376643,0.006541341860770589,0.0,0.049036044626948126,0.9980132451105872,0.5133458971977234,0.0,8903bbf424cfe760a51ec00bf1b2f6654505f2006ea5c2b8a02f41bd1cf80a27,1,0.9937965436471836
0.999998456268408,0.9999982576899923,9.752357540767318e-07,2.0565431335253114e-06,0.0,0.009192529134452334,0.999739382849913,0.4886654019355774,0.9947928786277771,8941299cf3b8adbaab0528d6322c4050df730e94af1914ef350c72eed17d2f03,1,0.9972072547057665
0.9999978254645172,0.9999975047644278,1.7018565533208e-06,3.798746257781801e-06,0.0,0.02988867089152336,0.9990120851059346,0.3950960040092468,0.9883641600608826,89439a115242f64f986f757340c5c1969adcf8a166d82c54333d1dc7f5c66a3b,1,0.9972427546205308
0.9926152198689238,0.9934887707325905,0.004047532524885601,0.0073019526634499204,0.0,0.09050111460770616,0.9933203130925812,0.5752629637718201,0.9995957612991333,8947dd0d5cfb9c442a8472164d203729bd22db8abc9c326d364dd2c1520cb7e3,1,0.9961303757553409
0.9956679201197525,0.992057191843953,0.0048972655839121014,0.014942623873628984,0.0,0.012930236756712982,0.9996958229656393,0.543945848941803,0.0,896928fcfc02e1fa956eaa00b77c33e9e6c173453a0f1d8b6e0975592cd08974,1,0.9936222073627111
0.9929481588730972,0.985936054542137,0.010452995241670874,0.026564722309522226,0.0,0.009416162967681885,0.9999989590560047,0.9819164872169495,0.0,898d0280b63206b135725c9f9ff6ebabe67c63c4971d1bf66f0a0e2d8e0db3a5,1,0.9909234186582101
0.9924104780760284,0.9436317174686596,0.08167553920545831,0.22703079009564375,0.0,0.09291934967041016,0.9931225841797362,0.8891695737838745,0.0,898d2e762e52efcdcefded66ca4058f2368eff8254c842b3757d9586472fd64d,1,0.9471182157477251
0.9975267089555258,0.992920342335403,0.005351648968425922,0.01508984969920879,0.0,0.015196919441223145,0.9999790891893163,0.977904200553894,0.0,89a73cf739838122226276bdd86955dd0761a5ba5d767943cd5facfccfa65e71,1,0.9927334538545887
0.7112878813301271,0.8270708984486096,0.10513540917777701,0.23140736172844975,0.0,0.9636895870789886,0.16467151780144976,0.5081912875175476,0.0,89a863d3071e55b5ad2c4270449f1e03a2fcdc1e3a46c5292d71527d04f816e9,0,0.01662292168574021
0.9912335377718686,0.9389580255292579,0.0810305233497964,0.22889639584167787,0.0,0.04786466061916365,0.998138449649884,0.4089787006378174,0.0,89bdcbf58a8eb8bfc117816e3706527592cf88fbccee23460ff09e9e82ea603d,1,0.9543026387164038
0.9961608126835562,0.9890436012702327,0.006179419943963712,0.01593626414493866,0.0,0.015160039067253047,0.9995992117764182,0.6416364908218384,0.0,89c4899e33670445bab4c86db6391de1d8508ba70191d97365edde9f2e2a8b5b,1,0.9929763190035319
0.9849119204804615,0.9247815134752722,0.08356198172131114,0.23792542289629467,0.0,0.17987821990746722,0.976578228202999,0.5290012955665588,0.0,89ce62c83b7c270589a9732469e39bfab4d3cc495840a6133ea1086a7d6dc5e4,1,0.929564516257143
0.9945098948939664,0.9913253626045835,0.0030324676942615233,0.008099604740663846,0.0,0.09356814622879028,0.9938137077011108,0.6479945182800293,0.9586812257766724,89ecd117c8c2f3d4321257ea2af81dd4f1b6dd8552c95473e33a8c51ae0250d5,1,0.9959942441464933
0.9361088023617212,0.9212805148982286,0.058692061007905486,0.11309992314497241,0.0,0.9721566231737953,0.04633502530864502,0.21182501316070557,0.0,89f32cf0199bd1ec7964cb2fa763fb90148284c779252cc20ddd6511ff871428,1,0.4776224644682521
0.9807699415486206,0.9760950385761544,0.01943413974900034,0.05132486301212003,0.0,0.887642085550865,0.1057620615994502,0.5443107485771179,0.0,89f4f73171c9fef554f4959cd93aeae9f8bb59d997f74abc62313701a86e9cb4,1,0.8686935887961457
0.9919292707751118,0.9264505073793602,0.2235702938555836,0.6508468423444427,0.14285714285714285,0.008141815662384033,0.9999752555142136,0.9826661348342896,0.0,8a0bc250fbe3c40d6f8b34c697213a25408671c4e71ade60fa5ad782e14cab5f,0,0.004726640874620351
0.9952752787404464,0.9916948421483014,0.0028775870533607364,0.007884217163844909,0.0,0.03609555959701538,0.998867862930146,0.7612024545669556,0.9433638453483582,8a37c34c79fc3cf7c032634d217cbd54cc39d454edbbc74f2e3c162c3a1b627a,1,0.9960612730920883
0.9836112063035657,0.9518776113864845,0.035069477591098325,0.09981771668688459,0.0,0.5071967244026234,0.7641593749729172,0.508469820022583,0.0,8a458b2689fd0aec094950cd995498295ff539041e6c257974b5effe44df225e,1,0.955327670851903
0.9936313600263083,0.9913966247667843,0.002595174458861969,0.006073039545405534,0.0,0.01864508351114656,0.9994271922417739,0.527441143989563,0.0,8a616c63931ec3b0508bd7f81d04237910636c775277e96f342e61335d3c2e1b,1,0.9936704525338075
0.9778512496556245,0.9734654394568908,0.007868427612462805,0.019408970873712295,0.0,0.10795193910598755,0.9925925757533544,0.5856800675392151,0.9909090995788574,8a68469d44dc306492bd3de27443599a0beb8c8f31452b6ea4267cb62e47463d,1,0.9937486792498191
0.9955991606295623,0.9935333296037253,0.002823499584441576,0.008114868467609115,0.0,0.040901899337768555,0.9983614058514337,0.5770443677902222,0.989008903503418,8a79b72242d7a4c09d4b9dbd250a412ed9a0ceeebd9bbfa60b7c97300df8ac1f,1,0.9964847486915698
0.997397650891221,0.9971901157168832,0.0006078778973349458,0.0012350263783015292,0.0,0.02278876304626465,0.9996347890268065,0.8022607564926147,0.9678329825401306,8a7ed522957b2b36bcae4fc9051a5b29b54ef947173146e720fee243855fc0ec,1,0.9965742699589953
0.9955211448560095,0.9949109812075031,0.0010823682380516073,0.0027437206188645202,0.0,0.026395320892333984,0.9994428856467654,0.7621427774429321,0.9613815546035767,8a940d995ba73f704f36b59e678db76ef50f196e646d8980a32cca2545dd033d,1,0.9964074838607508
0.9999877272335612,0.9999793934975251,1.4942898527714344e-05,4.177245873686213e-05,0.0,0.21228834986686707,0.9546915189860684,0.4020978808403015,0.9947865605354309,8a9f697dee25e46663e3d396c4cd80aa45dd16ca0a0de3f067c98ef6fe301e1b,1,0.9965698926418337
0.9963076811254408,0.9950211461003179,0.002319586836802158,0.006706324293777377,0.0,0.03339797258377075,0.9989376059056926,0.9367496371269226,0.0,8aa1ab97dc1ce6b5a7176f47a2a26b8a51e543ff72397a154021a442da20afe5,1,0.9932039101186979
0.9933740943651157,0.9317602014288903,0.13208573952402644,0.3838364571183116,0.0,0.06666600704193115,0.9962548103739597,0.9404257535934448,0.0,8ac18916add70d2bd5e3da13e2b0efc9084b3cd0a464be2a8b30478e8d688ee6,1,0.8720647264133762
0.9998056778274824,0.9997462452336592,0.0001676961106249942,0.00036006246945581924,0.0,0.9879867434424386,0.007737762998275344,0.5136030316352844,0.9990894198417664,8ac8953f3c3c879dcc7103618dcae44a1245101904c09b10092b6b963fad9974,1,0.953641392125859
0.994046515951887,0.9931240129304407,0.001821579152971874,0.004709801974659977,0.0,0.013602793216705322,0.9999879823433546,0.5952609181404114,0.9981542229652405,8af11b6bb4f71506eb094ef186bd898ee006a134271f74338b16aa571337b6a9,1,0.996543534697957
0.9893547167504342,0.9812625472960951,0.009401840746794732,0.024970625965688168,0.0,0.19219583269931728,0.973462218920905,0.4341399371623993,0.0,8b122716f3e1d6e12b79c5ec91dc89870eda10d0db45520faa3aa756c2cde667,1,0.9903072268370584
0.993161516051732,0.9912719202754837,0.002180282507243747,0.005442234262320247,0.0,0.03363992273787859,0.9989992551213744,0.4190927743911743,0.0,8b1a5d4773e19d1a46a09d29973b0622d494f72ea19002767058fbcbbe94a22f,1,0.9938465937737639
0.9961397320708398,0.9954728474857594,0.0013083583741778264,0.0023150151481298176,0.0,0.0540543794631958,0.997325500549534,0.6003614664077759,0.9725507497787476,8b47efe5c70db4fbd6012cfe0de571c8d03ccd4affd7b8b9f94868315e47a96c,1,0.9965676052788244
0.9982522847584747,0.9885002933301708,0.018296641200774906,0.054057232069152805,0.0,0.010159611701965332,0.999967851587436,0.9047536253929138,0.0,8b483a371b5a06ff519ff74eab2a195f5e8e0475690d9f0adea6178f75fd5981,1,0.9908039410630157
0.9868368101945514,0.9264379374561337,0.126380834453761,0.36736493520062585,0.0,0.029418766498565674,0.9993807674474825,0.8895012736320496,0.0,8b54c30c621085d87fb2829dc0975255afc177d222997369ad4befc0f5b39f9f,1,0.8737893224449079
0.9978542338603875,0.9961308229561157,0.0018474819277861535,0.005595688945517711,0.0,0.004819812718765815,0.9999339068217331,0.5807511806488037,0.0,8b74ee61aca98ab90b61f639c06b31b9fc334dfa82cff690fcb4f1364eb48afb,1,0.994322351922771
0.9895449594893421,0.9875159994024832,0.005494023227360399,0.014088323800916736,0.0,0.2541223466330265,0.9554968303158019,0.5420309901237488,0.0,8b7d312fdbb235f406febbadd771412a2a350854555e55a400d4793c9110da77,1,0.9906050579970782
0.9978722144153349,0.9967350245752853,0.0010913395760475965,0.0034347009115264227,0.0,0.004690945148468018,0.9999959294884367,0.9387575387954712,0.0,8b7ef10646f0dfc1bef8ed053eaee054e25418f0330f766a5aa5a9847ae944ea,1,0.9937178353106886
0.9999665142939516,0.9997244288690795,0.0005305211732181254,0.0015275417507540385,0.0,0.07179625332355499,0.9966628781489213,0.36191487312316895,0.9918350577354431,8b8b78f844e4199311292b42744f435c40090f2f1b6dc3cf8b2fb03e8e09590d,1,0.9971515716170666
0.9999263771449582,0.9998578447321308,0.00015764687454415045,0.00043759363260821956,0.0,0.30538335442542014,0.9268514557387746,0.5739868879318237,0.9936196208000183,8bad31b8cf7d78ac7ea3cf588d3438c5cf93a08393a16e5f00a555c3b245aa11,1,0.9958635631513967
0.9937508198020988,0.9339371532548866,0.07642989020062255,0.20486597140919094,0.0,0.0356745719909668,0.9989708595800956,0.9832794666290283,0.0,8bc7605be57fe25f41445332b418e7b491fbea7ce61979e597d94d8fd8a4a3fe,1,0.9460989838992734
0.9544662420532294,0.9674986454414745,0.01992913290381207,0.03408383365663825,0.0,0.16472238302230835,0.9760710443331438,0.8749753832817078,0.0,8bdbf842c5fb682757ead33204c634ec6f214ab35625b6157695b54602c0ac67,1,0.9774357070013083
0.9856901036563808,0.988268992321288,0.006051991079135505,0.009270122288974152,0.0,0.003735077519991137,0.9999469361007194,0.5921463370323181,0.0,8be78c21574b21e74369b3624daab6cb12dde0a11578200d3c6a7279f29f2a6e,1,0.9922833004777576
0.9872521397772858,0.9790787068072692,0.01562839207210104,0.04398727516138645,0.0,0.008952617645263672,0.9999530635259665,0.8721389174461365,0.0,8c2c07a503276da8a82abe49bcc59d1440756c3d6f74ebf9503f941e0cccde56,1,0.9890822402241628
0.997233153246324,0.995896521898622,0.0014084654050517428,0.003970757103340605,0.0,0.008009493350982666,0.9999971157140826,0.9845750331878662,0.0,8c335e204fde451f5be256f772a38fc0ec352d89edc17107750bec0c0d5b4e14,1,0.9934567119767236
0.9697922568154156,0.9122219174582404,0.1332881116970647,0.38277361684762434,0.0,0.4919828176498413,0.7664250714949249,0.6883454322814941,0.0,8c42d6c6550642182c10aed484bedfe26af0cec9932c9c7b248eaf71b2266fde,1,0.6704041826718034
0.98620377134713,0.9678717374492647,0.04755729917727653,0.1342254529184818,0.0,0.22933338582351123,0.9590950841215911,0.5847020745277405,0.0,8c46745b908134c399ca5da01c38b8226d9eca9b9312e62408ba8bfc281b7bb2,1,0.9751086012960098
0.9928338079568185,0.9908581968584508,0.004299720432499772,0.011804702592028926,0.0,0.012280464172363281,0.9999983496221828,0.9392180442810059,0.0,8c47ea058ed5e8ab55aeb9df9406756c8417dcf0c69ac1d3490b7fa5f48edbb6,1,0.9924518203148363
0.9999986245196906,0.9999988662032423,6.46978605736172e-07,1.1244400871829293e-06,0.0,0.04711451008915901,0.9978050980717572,0.4038543105125427,0.9957347512245178,8c48eceeee0d1203f33d5127f4ea007f8334a4ae0f63d727e4b793f4281e40f9,1,0.9972072105486371
0.9884335686226863,0.9843484286433906,0.005789789963451375,0.014656526584756469,0.0,0.07828378677368164,0.9947983011018824,0.6019217371940613,0.9803779125213623,8c5675f056c29fdd5766c0c3daab44dc2bba86412040d6e7604219587cd2f3a2,1,0.9953204387422755
0.9960087751955479,0.9945343961680282,0.0016493051379118553,0.00475190175486051,0.0,0.012675166130065918,0.999998177941064,0.9681566953659058,0.0,8c59f9c4040e79e5316b804839c2a4c7eede7a5961f7562aebe24f1f863e2bd2,1,0.9932553600139252
0.993352936411184,0.990062051848127,0.0032691243008879166,0.007468039700562423,0.0,0.04367190599441528,0.9979533363762928,0.6804236173629761,0.9670782089233398,8c75af1bd501d25e2e77d94a4cf9742d3c2bbdb6d9ac6355c3cbcc1dbaa1185d,1,0.9960033008047612
0.9966453759952394,0.9958180590412179,0.0016074362765451204,0.003360404881632143,0.0,0.025730585679392213,0.9991140378516796,0.6971145272254944,0.0,8c8c0354126e081a5b0b7c17fcf05df2914b1f7d8bef08d7ae4bcc3900d9fe02,1,0.993910323979447
0.9921829118788036,0.9842064513631718,0.0128534731034906,0.03452686247952241,0.0,0.010620057582855225,0.9999984388643874,0.9729009866714478,0.0,8c94a07aa1f802b5c6c88444c0e036197c83d5ccd23f7048ec52899f7f02d7ce,1,0.9903135406750527
0.995074193301648,0.9938686815805219,0.0007463096419200698,0.0025132919059187575,0.0,0.005885183811187744,0.9999914802911427,0.9752840995788574,0.0,8ca51b4de77e5b79c09a9f702027ce9fd7564fdf16d5e40843b9497dea2fa537,1,0.993260552350966
0.9966350468659615,0.9952786974880109,0.0018538789591870189,0.004714837802771342,0.0,0.00408342846908203,0.999993292354662,0.40165406465530396,0.0,8cabe0711dc1a6dfc126eaf60191f593b5743ed7ca8c3a7cb8e850a91b13d7e7,1,0.9945302385834563
0.9923401377743938,0.9899143433072337,0.003968832386384529,0.008412486282209477,0.0,0.02066838739316353,0.9993504964794241,0.5369911193847656,0.0,8cad2120367bed514b2a29cf7ff0c09ffb60182d6f3c10c803f134aaafa0a59d,1,0.993262257532474
0.985900637086323,0.956458044245248,0.030633493385491553,0.07644164895412031,0.0,0.09851913139117978,0.9940293539706654,0.5212283134460449,0.0,8cb8fe0c8426e02c8a87d3667bff8ddf33f55677393500fc629bfc154a025f60,1,0.9814960286804009
0.9966232409116228,0.9960194068059501,0.0009780348983491837,0.002451369600045439,0.0,0.030398964881896973,0.9993121860840161,0.6151613593101501,0.9935052990913391,8cbb77fb82b4c11176041655824d73d842fdc8db137e426d181d9261d95b401a,1,0.9967247554666168
0.9905597591569945,0.9888367665020104,0.00383563038545389,0.010507246127389729,0.0,0.2502583860974763,0.9544225820994409,0.6625256538391113,0.0,8cc6d76a7503b7b2e8894634170b7a837f3f572c2751af2020a2f7ab8cd6025e,1,0.9907546777017816
0.9999962932033433,0.9999933825857609,8.893552339262238e-06,2.4429893544511148e-05,0.0,0.6883218884468079,0.3567133318573206,0.5197994709014893,0.9613112807273865,8cd9880d365bf6c136d6f45f17ad20c5d56c8bc0ee3290786b1ec84875604fca,1,0.9815963721478134
0.9964875923115074,0.9925464492058403,0.005149665690160573,0.015548446766602834,0.0,0.030104041099546227,0.9989345070461448,0.5252810716629028,0.0,8ce4ccd2673e1d19161d8320f4b1a6e1698e0610b2db502b1a427490785ec7d8,1,0.9936393939896208
0.9955147724326703,0.9940553350241561,0.002090407708970465,0.005933083671961528,0.0,0.009750531980651527,0.9998109638452781,0.547049343585968,0.0,8d0dd4ad183b11b151b9d4c1dcef0c1b07ac33374a9caacacd86c6e9357b571c,1,0.9940580501904938
0.9953696424792756,0.9941880976866022,0.0010368698290765992,0.002670896491287822,0.0,0.007283270359039307,0.9999950857738917,0.9296537637710571,0.0,8d180eb2083a15ca48069542a97f832783eba474c0c84008fc091b33b433cde3,1,0.9933617583056606
0.9942739945868714,0.9933974674826667,0.001919955235394134,0.004406431675234468,0.0,0.10667645931243896,0.9928754372997093,0.6216022372245789,0.9914199113845825,8d1921fdb90ad2aa42b60e5eff5ada24f8927fbf89e9505151cdd6904aa4d471,1,0.9962256123379446
0.9895482030497857,0.9818963265172066,0.013337324231620621,0.03983874115987922,0.0,0.05195635556773222,0.9979756127609308,0.5114617347717285,0.0,8d1fc10448821693fbfd369df94b1a3bfaf367c6fd46e3e81e1662a919b6dae6,1,0.990978899536826
0.9953321601173624,0.9947572095285165,0.001308083121411158,0.0031728132091201067,0.0,0.027875065803527832,0.9994026006777027,0.6232792735099792,0.9876258969306946,8d3105c76ddc57b7b2cdb3c1509b2c3b02f5235bd7a9620cab45da653f4492a8,1,0.9965952841708773
0.9929161737497939,0.9783185929397674,0.015582387862702085,0.03864081266586524,0.0,0.0656240582440699,0.9971492617226471,0.31264761090278625,0.0,8d3a928335da9cd3a20fd25a25f5639f8bf7275122838c0f8ea0417d405b5bb6,1,0.9908709773602777
0.9923946174471524,0.9857796667696181,0.011506624915922262,0.028662779866889428,0.0,0.14087587594969767,0.9871719563073706,0.5507374405860901,0.0,8d501a72d1e3702ed84dfcf66adb0ed60e41f72f90a5f232f910ecbbd1cb2866,1,0.9909632855816626
0.9898949325464325,0.8980635286638307,0.15307020144284555,0.42111827851211187,0.0,0.04781533397901791,0.9982423227175301,0.5172842144966125,0.0,8d560f97386d5276384d18f66526f840b4c08e4c2aaaf169d76de1398e1fa8b5,1,0.7698555117165615
0.9993090182752025,0.9994949423561257,0.0002817716759425572,0.0005582937233738142,0.0,0.016886843265228983,0.9993957597086809,0.49582386016845703,0.9911850690841675,8d72486698f53fe4caec0cdb26a5fa1bc6dcd0038d51d4cf8b2b826843f853ac,1,0.9971259189386332
0.9997687593415954,0.9966839005621294,0.0075693919815692816,0.02162428034077549,0.0,0.007472421502143313,0.9998453863899999,0.49837225675582886,0.9978275895118713,8d7a3489f923b0f30a0f5c5c09c0a9b273ea4d05041ab95bcd05976806bdccf5,1,0.9966791029276003
0.9352356302236582,0.8819944237526381,0.3351514363996913,0.9170469179277156,0.2857142857142857,0.9961543472018093,0.7742768808029569,0.4946926534175873,0.0,8d97fe68a673ed01bf72e2a191200b000b0c8c92164a48b6213d57491e1afdbc,0,2.6643828857236e-07
0.9780910890183984,0.9707638309283081,0.02600638041121912,0.06962406593659903,0.0,0.03634639743082868,0.9986840443740967,0.5795506834983826,0.0,8da2187698208d35fc5102e5e4c313b442416b3fe8f86fb152b675665afea541,1,0.9853250686551586
0.9971543880407382,0.9969739885934563,0.0005069271733528664,0.0010905096890468924,0.0,0.007834076881408691,0.9999871045372904,0.8612908124923706,0.0,8dad7551ba5b1e4dd1fc1e398245445a2b2e7473856b50bc6a4a91489eeb3e4e,1,0.9938977428992685
0.971029889222313,0.9732477968735258,0.01926285421315016,0.04141863330533281,0.0,0.14047121844878352,0.9861205545719574,0.6522287726402283,0.0,8daf990e4c0892af4937a858088a853ed5fb28085b924b0277cdfd0d90bb8247,1,0.9844053151961356
0.979778473099164,0.9839907621205215,0.010393123476570608,0.01744550463950694,0.0,0.04105473590872322,0.9985951325091063,0.5486906170845032,0.0,8db6f841dcb0ccb09fb288f5369d95ea131bdd2a30809cd42e9540ac2437be3f,1,0.9905253221308318
0.9977210640924405,0.9985293345223687,0.000773967343516386,0.002105786074508455,0.0,0.5688763856868975,0.6503329222921569,0.5518147945404053,0.9935504198074341,8dba42e2f274a75385c28c639d25e1d149fac7ebd86f40a2cea03f7e08a376f8,1,0.9905980727978724
0.9955538363207748,0.9941116490379335,0.002116653455052995,0.005845469975531148,0.0,0.037161946296691895,0.9987467236729407,0.5733415484428406,0.9759172797203064,8dc3a07d95ed82d6f470d53703a60754aa2858f5e6f18a58dbd9a581a8dbb18f,1,0.9965384842629746
0.9951623356604736,0.9936237770194175,0.001959319051887188,0.004598881190243431,0.0,0.031209707260131836,0.999179840866777,0.641902506351471,0.9694878458976746,8dc8e9ec5b0727d9ce289947fccfb828a1c11916464ace7f5bc714d83690a491,1,0.9964284512880172
0.9859710089101895,0.8766700748243169,0.2428023083723249,0.684932407251233,0.14285714285714285,0.02052295207977295,0.9998736418266377,0.9735119938850403,0.0,8dcb26599bd6c2b103bf04b50972b7549307f71274a8dfd9bfb8bea8c0af3ebe,0,0.0016152864952583912
0.9825421128684686,0.983315954969159,0.004931357768561577,0.009263835224577438,0.0,0.6513023972322091,0.5582417871083573,0.6019745469093323,0.0,8e04e1168c5a8f098e399adc91a3eb43123ef3d5852170416e99c5ec51199d52,1,0.9670471671179988
0.9947940038447772,0.9906984447342805,0.002954163430935656,0.00875637901521002,0.0,0.03678017854650799,0.99872176875983,0.5963655710220337,0.0,8e06cb39b929c8d8a329683747b42f5d13127fb7a2e3551f43c6deede4caca01,1,0.993427479504142
0.7967658629735292,0.8066921506245215,0.2622620488530108,0.6094339348290316,0.14285714285714285,0.585694704670459,0.8139844654383356,0.3678773045539856,0.0,8e0a599244e3a0f6aa34f4fb332b44a07f8324333f9651500b34c04bcce07f4c,0,3.331594385448351e-05
0.9999994517776479,0.9999993554260526,3.408291005517597e-07,7.279121754233198e-07,0.0,0.018054446205496788,0.999615770011876,0.38305696845054626,0.9949018955230713,8e0a67ac7838ba429501633d8647c1e929215c2d3c1a92652c44ffd247814126,1,0.9972898922003103
0.9951920639427144,0.9255838901219933,0.2795277929179247,0.8170214081764423,0.14285714285714285,0.19985057413577617,0.9725958702201959,0.4435413181781769,0.0,8e470506d5214ce990b53bd6bfd48da06cd4936560675a414a3f1cfbb5370dc3,0,0.0018865549682263766
0.9969285352827271,0.991744467477684,0.006911281127524723,0.020930127077806393,0.0,0.006466507911682129,0.999976077571872,0.9454113245010376,0.0,8e5a7a1e7c0d33bc15ee19390cc148ea5592b07706b4d419ff4a981270b855bb,1,0.9925337525321676
0.9926616145540031,0.9823784192478914,0.026627883782389013,0.0754969607782604,0.0,0.583765059709549,0.7178544272055963,0.9072073698043823,0.0,8e7b5a6bb2d7c1a54ad633aac35a7251d947c360f444c99d4330f7a9a69bb687,1,0.9675445264010463
0.9971128690583104,0.9959373673998633,0.0020389766196799337,0.006053550700174104,0.0,0.03413856029510498,0.9989928111086259,0.6501101851463318,0.9924567341804504,8e8e69027f03adc91af8dc321cf3254707abc7dd3ac4fabc8af091e3cab4ffed,1,0.996628555546812
0.9942735195158448,0.8765270163620803,0.317483576257698,0.7674533190465009,0.2857142857142857,0.0273129940032959,0.9995249999783624,0.9082096219062805,0.0,8e9da2cb22bb91d7fa4d2cb8d4cc4488946e66c1e7ac2b6d4fc3d7177ea68b88,0,1.2846644153237167e-06
0.996135130858822,0.9960988601882897,0.0009373387560789695,0.001513777084865997,0.0,0.03725939989089966,0.9988532502752757,0.63148432970047,0.959707498550415,8eabf1a0d7d7f77590d407cb5657a4dd1ef7406b62e10863410e5791f9051695,1,0.9966061268556682
0.9903932277505431,0.9857910070364932,0.009980761300976406,0.028821605696413788,0.0,0.012887299060821533,0.9999746858698875,0.7745203375816345,0.9951185584068298,8eaee7eccd84cded0ea61082dd5d6694eba74ff322556c1abe867e3d638da23f,1,0.9952040997024113
0.9979590747941326,0.996862181182509,0.001112917480102075,0.0033055942512557612,0.0,0.014278650283813477,0.9999613363018365,0.7230686545372009,0.9852725863456726,8eb8e2701d16cddf7fe4a350fb5bf20cc87e259323e450d094a6d30ae958ed11,1,0.9967004640954209
0.9999509263628327,0.9999551232725238,1.8862431593521684e-05,3.3596540645800056e-05,0.0,0.003792608389630792,0.9999624897434249,0.3413606584072113,0.9875795245170593,8ed895c1181eea3e20c1ab7a485d1ae954af574a0ae7fd78f9c1f96a42656193,1,0.9973406288449603
0.9999032810462908,0.9999410650603234,3.8055189285735605e-05,8.520104833458068e-05,0.0,0.4014713764190672,0.8620163259545833,0.4753422439098358,0.9786988496780396,8efe29ab9ab73df76f9500954647300b4e369452b7f7ddc33b65a0ba75d01947,1,0.9950558734730439
0.9959247853611037,0.9924997464830602,0.003696619675774447,0.01003201324471048,0.0,0.010569214820861816,0.9999919293236663,0.9678174257278442,0.0,8f418c1bda33d2736701e0ce551a537e83c3029fcc36f0c9fb331103dcc39b42,1,0.9928299920896313
0.9967722616181109,0.9916544275826417,0.009831762894228307,0.02891971566194477,0.0,0.8702341318130493,0.11787919105038697,0.45170918107032776,0.0,8f691741acb2be35fac84d466a22d7b4bea7d423ac8d3a042f3fc130b8760a20,1,0.9231130680711366
0.9983376067813584,0.9970313259298574,0.0023832330837549533,0.007039859289991179,0.0,0.00588756799697876,0.999985999615086,0.9525405168533325,0.0,8f9dae3f6a52a37211012e4f4e791be9adf6a03e309448ea5f5cfcceda0cb9df,1,0.9935950577154282
0.7225307465890746,0.9203868522459752,0.42907025095614015,0.705912256434056,0.42857142857142855,0.23836158122867346,0.9025737303828938,0.572047770023346,0.0,8fabb480e89becb864885cb382814f182103c851770353a22c54a9a46bc32220,0,3.090128031929248e-11
0.9914472786778149,0.9927563971648704,0.0019868552587663825,0.004587657352285644,0.0,0.009480078289432953,0.9998010075586085,0.5563661456108093,0.0,8fb6abe303a467b38dab9c6468e33ccfe20b9b6adec8ca4da945cb12c1d77d0f,1,0.9937013437833785
0.9977563560053637,0.9914026848143624,0.014385005360983682,0.04145445304013334,0.0,0.02529976703184424,0.9991771879148846,0.33462193608283997,0.9940661191940308,8fc5679a24c0d83c5114ce7ba4e69ea27ce200672a13bc83a6cc102ddda5d31a,1,0.9960987289984373
0.9967821061131243,0.9942726881545044,0.0023086211650892793,0.0067142801903352645,0.0,0.009529352188110352,0.9999762851076041,0.9722244143486023,0.0,8fd1059b18a56f286d1f7798418b074c5286589f83951616070e0931261c0c8d,1,0.9932119297316616
0.9959653889274077,0.9945158130313336,0.001872034851480582,0.005497542726270694,0.0,0.03857517242391215,0.9986994686961421,0.583531379699707,0.0,8ff01552d05822f8e0e62110ba96aedd90096a505b4d9d53db0532d118dfffa6,1,0.993938899774601
0.9760497108535382,0.9779551628690772,0.00589614119332941,0.013107788576551815,0.0,0.502090185880661,0.6946119532853988,0.6135402321815491,0.990588366985321,8ff95ee4ee131c5161457797a40e5bdcd0f583b4bda516cc6a08eebdb8def156,1,0.9853976839981207
0.9844555440430566,0.9748249328636751,0.012081567068489368,0.02774275654825975,0.0,0.17207300662994385,0.9825747972434246,0.6740120053291321,0.9504514336585999,901267b23382359fd92866c97f3d1956d7393d0cdff920db35eefab099fa38f7,1,0.9929645702906703
0.9998585537949155,0.9996985929599079,0.00035432616528382907,0.001023340623650103,0.0,0.02152985520554139,0.9992585653404042,0.45199984312057495,0.9955245852470398,901c69ec7525e9321c6c8a6bd3e539a31d4711a627c8d8daea94e4580fa21199,1,0.9971863236712041
0.9942364209981128,0.9801891530842051,0.023549471561518494,0.06599218826006469,0.0,0.010955524622046346,0.9997871183748588,0.5104722380638123,0.0,901d22cc85543d0378961b092ce7064f45f6399f413188198a527fca4c4ff1e4,1,0.989778075957772
0.9531688459589407,0.9509791997104945,0.006394969081878322,0.014748129826578159,0.0,0.8284454024711962,0.22172667847657368,0.34261396527290344,0.0,9031de585ffb69e127ee4d62079b23acd1b7a4a66017a2dd5ed798c236f40732,1,0.8690056203104484
0.9971981524127774,0.9937816825078313,0.006448552669966466,0.018584753389372377,0.0,0.014023661613464355,0.9999596383661573,0.8205369710922241,0.0,904e0515dc5365da944b0741de419fa63ba6d5e984b9377adf8b56581d111539,1,0.9930504075868287
0.9895243573804806,0.9841924846198266,0.005523586299516909,0.017673104853778696,0.0,0.6595640778541347,0.5662332800510345,0.5325257778167725,0.0,9054b8005c150521d381044feed91b7457ec5a7fae0c6ad1d822f063bb30dbb0,1,0.970594237964342
0.9798749070100591,0.9840874018565893,0.006817118573204537,0.013845301175044462,0.0,0.03813947368257686,0.9986466397686675,0.37863677740097046,0.0,905f00389a80b715dafbb01d0d1fb5bc672658b6b61c32e65fb513e7e4a237f5,1,0.9917344647611585
0.9938779929241538,0.9519018857663296,0.06422424592033858,0.1903424302255033,0.0,0.021234534680728823,0.999283352113552,0.42512717843055725,0.0,9076db7e459f589905b2dd9012afcdf9756adf0c9d2df84f89a15068b1fcfac0,1,0.9721335648681059
0.9939973683471776,0.99179807499931,0.002753652145441883,0.007465205283005316,0.0,0.03542828559875488,0.9990604712479065,0.619572639465332,0.9640051126480103,90bb5287c3e3936a83eb2fdb04e2a714336d60f8ce9ce7da147638c27c4d3a66,1,0.9962631913277312
0.9999310562645668,0.9999103555683794,4.616225764924668e-05,0.00010334532116947683,0.0,0.260530024766922,0.9404728783966406,0.4396215081214905,0.9927842617034912,90bbc78e657447bfa2cbb35dd9354add099169f75e7001c9979ab719b7b00f7f,1,0.9962863606857723
0.9908957874961974,0.9935405265449152,0.0024281230832934103,0.005860609053104021,0.0,0.007244273494712315,0.9997979151960688,0.6124026775360107,0.0,90bbcdca31ea266cf1b946b39cb03955c4ee227100179042ba4a4ddf621a89a4,1,0.9935732007950939
0.9990691304366637,0.998851226930096,0.0011058864082643,0.002158034519523072,0.0,0.015354492654868324,0.9994717674570612,0.4997023940086365,0.9965384602546692,90d2e66c5cb73f5c85ea9059c99f5a848a40a6d1fcc0ca43dac8bb24fdb72264,1,0.9970586017015447
0.9977417704911873,0.9969469373789429,0.0009152326415799329,0.0026614589975473006,0.0,0.002301735803472933,0.9999955265553149,0.5885174870491028,0.0,90e6d93d3870e6e69c3688bd1a500dedaa65c520ac25236dbe09c4e36943d8dc,1,0.9944556535636084
0.997952945618544,0.9939789294423512,0.0045392564467888795,0.013371373778657158,0.0,0.011526644229888916,0.9999997819563908,0.9581149816513062,0.0,90f509efdb13e14fcffffd58b5c6a0dc6b84ebd4c21abb7fb806926d5d3b6937,1,0.9930309527453267
0.9933634629646342,0.9928533352100513,0.001690551774732402,0.0024026035800744916,0.0,0.03805607557296753,0.9987792119163668,0.7524625062942505,0.9667118191719055,9133abe606a9484fa356cfb64f533736b01a1ec78cbe82bdd2ad33002d843ed9,1,0.9961686628833168
0.9885220061746938,0.9858887320392766,0.006526881281762153,0.018302635276305712,0.0,0.021214306354522705,0.9998212119762738,0.8394427299499512,0.9820947647094727,9150473d6876529b25efeb701a1a98f23b1aa09354c3efa7efab29755b9af06a,1,0.9952282391227236
0.9995886468576939,0.9995976203033897,0.00023802270313172665,0.0004368027036751863,0.0,0.004430573433629091,0.9999280549638616,0.3421677350997925,0.9920555353164673,9186ada9091f274b43c421e131f99e6f1dabbed0fd017a70308c063da0df1199,1,0.9973129123155801
0.9999232837359835,0.9998022929124487,0.00028216622834484155,0.000803764741155494,0.0,0.7632951736450171,0.19066636533739686,0.6178714036941528,0.955277144908905,91890187d89ad56f7d2245836df8c30e6f909affa0f676caa9df838f68969c1f,1,0.9711358891940255
0.9999039582950575,0.9999005014729434,7.348500238036356e-05,0.00016652999316269288,0.0,0.007773968391120386,0.9999318135752809,0.3749932646751404,0.9960429668426514,9189de43af74daea4f95ce2bcf2918bb9f24f88e58e5922a2954f241e69762e6,1,0.997310114840064
0.9944775086503188,0.9937120001307023,0.0045637005187571895,0.00893753745496947,0.0,0.08787093158321113,0.9959047871465875,0.5482162237167358,0.9962218999862671,918c3d252924d47024221b28095e448795d8e46a590d7348adbaac6aa676a9da,1,0.9962321652577041
0.9961546941994076,0.992861255492212,0.003096940853539455,0.009215813700723885,0.0,0.011336028575897217,0.9999990371564771,0.7589491009712219,0.9326076507568359,91d51f4b8a84397acbf58c2e1197d05a41f0b6fe0762e846111b174ec6d5047b,1,0.9961951516760905
0.9999999897338244,0.9999999905794396,2.6826231744071817e-09,4.747875293765297e-09,0.0,0.7293655872344971,0.22378065438184788,0.47601014375686646,0.940942108631134,91ec132c86156a45755c7b9b24544880edaf9395f3cc648b39e56559c8d572d5,1,0.9749093453611059
0.9927762936569168,0.9907423403108605,0.002620012677837127,0.007658754308589644,0.0,0.051841020584106445,0.9973868298924196,0.7151097655296326,0.9801304936408997,91ff883f299efe9d9c97bf849bcc4d73a195c8cb3184f120c191895ae5e6af30,1,0.9960345175342878
0.9936418147302826,0.99042848263443,0.004900141851700374,0.012082321965990572,0.0,0.0388033390045166,0.9982562466490139,0.8661289811134338,0.0,9231f60ddcfaaf6ab370bd091cf2d9e916d52740910cda2684144ef26eecf479,1,0.9923930468948097
0.9980044338566554,0.9947981338093594,0.003942286702994284,0.011507196807791442,0.0,0.005548059940338135,0.9999917627968535,0.9705902934074402,0.0,924b61e86df2cdc53006b4ff659d0acea76f37ab24e379220a58961b3e4b1ffa,1,0.9931719095023777
0.711314846226707,0.7373319295268942,0.2838305942983,0.7000682676346334,0.42857142857142855,0.63797727227211,0.3077282069570606,0.6607134342193604,0.976909339427948,9258d28c7244a8ad05e49f542f8fdfa9a943ea70c7fa5665a85d32e2eed4b7f6,0,2.6704661252152246e-11
0.9850186809365313,0.8676580432415124,0.3296434308893656,0.8584131450731101,0.2857142857142857,0.042092323303222656,0.9984511721969714,0.9584105610847473,0.0,925a818a971da5262c55dccaccd539037170ddb36da28b07736288beb3d4c8b9,0,9.372320912451774e-07
0.997042342345088,0.9966518226634341,0.0007920163917912756,0.0017794312637823273,0.0,0.03772646188735962,0.9984250211607322,0.6423516273498535,0.9715831279754639,925b31dca6f5c2179e1dde53807a1adf3f7ae12de80d3f426327e7dc6c90153b,1,0.9966784774123606
0.9926249001329266,0.9919730936452502,0.0016211780998201676,0.0040268757182059245,0.0,0.01838129758834839,0.9998990702650443,0.6805907487869263,0.9916353225708008,9260f8be32459a6012fda5726c66a0e465e6d16664b40ff0f70fce33d54c1031,1,0.9963247579433296
0.996026801979464,0.9957235402078934,0.0006991158939020389,0.0016251936405904388,0.0,0.027791261672973633,0.9993284388015724,0.7683837413787842,0.9802564382553101,926da38cd0c0bff0a491cc89c0e0e2b6a0f0a4e62d88633706a943b7cda26b4a,1,0.9965114094073323
0.9963725035684025,0.9979835468729075,0.0013667851730747597,0.0032354215310877754,0.0,0.07582102942438951,0.9966756443267777,0.6400136947631836,0.9961346983909607,927276d8906cd6803234a3afb238017d959ed46ab269e381e6e8e382cbc1b9eb,1,0.9966335923082706
0.9921806634877894,0.991049727441535,0.0024405594973978257,0.006116677636522794,0.0,0.021372735500335693,0.9996881713083264,0.5701923966407776,0.9928287863731384,927611933456e0c4f220e2d8f24023837ef375a74b9137a3547fcccaccb1882e,1,0.996344932725344
0.9948732830932706,0.9924047368939478,0.003913849601702993,0.01038047093934605,0.0,0.0936998352408317,0.9948148020292198,0.6087019443511963,0.0,928677454bc1c618d889709b5b35cfde9cc1bdbe974297dc42a47b195dbf4463,1,0.9931137513257229
0.9998539106887633,0.999723180953587,0.0003473056391582675,0.0009661715470606023,0.0,0.029482634738077912,0.998976680398613,0.4073989987373352,0.9945393204689026,92aabc1dd4e7aeab2f4e994c3283cacf4dd452afbec701dd1bb5f37caf973eee,1,0.9972116981704136
0.9923944450846113,0.9918898096036913,0.001808036491422863,0.0042569831684042825,0.0,0.03588128089904785,0.9987387863201235,0.6811185479164124,0.9652066826820374,92b791db41ec60dd6c38639523a7ea332080f6c79bc9d081f4de7ff197c25f87,1,0.9961865715372022
0.9966508776052759,0.9941254361864237,0.003910575365436542,0.0098615581050312,0.0,0.19009776413440388,0.9739333930567406,0.49378883838653564,0.0,92dbed813e4d2328b5a0c5b8ae4b99454eeaae2e394f33ee94b6375147026a72,1,0.9928826004357159
0.9975448407993317,0.9975831323480774,0.0003529761920011042,0.0006243797926912542,0.0,0.006973385810852051,0.9999983595713471,0.9662233591079712,0.0,92f886cd90503cf733d5754398300a01f9dbe9cd85c35957fc6e96ada462e59f,1,0.9937672242604633
0.9978619850732791,0.9969678410335463,0.001533381950561301,0.004530718810211609,0.0,0.07784527540206909,0.99478810363723,0.7759906053543091,0.9875994920730591,930df759de94e4922c03fbce55b9449ab57d66813cb98bbfbe246f8c5e69a42a,1,0.9964357488602659
0.9999850818043496,0.9998434506658482,0.00035918334389327937,0.0010213475405028098,0.0,0.4830211997032105,0.736237395349023,0.6466137766838074,0.963270902633667,931c8dc3ca4588feb687779fa194cfc87fb3f83cb2ef79568ad74d80d08ca49c,1,0.9926036071717593
0.9929146229326444,0.9834669034675834,0.012312250002224114,0.038361130915064975,0.0,0.05782354623065221,0.9977212670669101,0.5335938930511475,0.0,93231fcd2530f8fd816a89f2eb876f2a835a1df8ec4b9a252617223d520fd268,1,0.9915039184862865
0.992745508563728,0.9603550068593556,0.04606114708472192,0.12356306727546029,0.0,0.013183355331420898,0.9999953382090685,0.9785203337669373,0.0,93314b6568e692d6bc35f7289b639f76dde8d7191c7f3b2c806d0dee9e76a4ba,1,0.9768844885532614
0.9999235862010979,0.999912440185167,3.5917188062494067e-05,8.742521791159347e-05,0.0,0.05778318643569937,0.9970754569191508,0.3426925837993622,0.9915060997009277,93443f54b5f1244d59d7b64e71f63637b1ced7955296ca48e9d170648dd26049,1,0.9972274448458601
0.999875836728035,0.9998134557199706,0.00018165029721468678,0.00041274990284040364,0.0,0.043112579733133066,0.9982892329525102,0.4111029803752899,0.9968714118003845,9352e625690bafdb6adcbd485349a21c391f2e7cbbcf83705936dfb34f554bd9,1,0.9971934499358193
0.9996726390969469,0.9995267065929312,0.00048506091665988373,0.0013156808726664496,0.0,0.021806646138418036,0.9993556175435261,0.3709498941898346,0.9920898079872131,93c4a306bc9fc308dc60d06dd22cacfb9496acd538840e86f8a8335352cbdd04,1,0.9972403760808253
0.9895356912323516,0.9177505989090179,0.3369897409514683,0.8191137247378883,0.2857142857142857,0.09838694334030151,0.9930901590513304,0.978039562702179,0.0,93fb1785ff84d3d501a51776510535d2da6fe2aac211bc164564f146d8b1d9a4,0,1.366634048468309e-06
0.9678416606203113,0.9640101491568246,0.015090642943885098,0.03891530978346254,0.0,0.16062738408265886,0.9825801545336977,0.45385631918907166,0.0,9419682abf2148e9695efd2e3942a764d95626e1056b81a4ef68347198949dfe,1,0.984232435761387
0.9958181582286411,0.993930977609797,0.00310209249435686,0.009238743873712818,0.0,0.02073580026626587,0.99977970619853,0.8177685737609863,0.0,9419831aa57e1763ee125e3abf90761bbf7ffdfa67ea0756f3e2b4797c60bf34,1,0.9933364025049216
0.9583254132640586,0.9372102725624188,0.042540823043068866,0.09564428252854468,0.0,0.6675002624360822,0.5492618639165276,0.2141861617565155,0.0,9439bf8656829e240004a952d129453d6ce60bedea80eeaa0266944b056f6628,1,0.8779263785934026
0.9938044697819726,0.9881489149265679,0.006607923026835117,0.01953898742782112,0.0,0.047913432121276855,0.9979757404000742,0.6147907972335815,0.9799186587333679,94494fc7a613606bb9ae8f18286211d7509de98f3eedcc025b11d2ff51e913e6,1,0.9958225279370925
0.9918142159501114,0.9924818659785883,0.0012771886127202886,0.003188337957247822,0.0,0.015017390251159668,0.9999459287538296,0.9474499225616455,0.0,944ed651f3b5ad7bf64f16b2b1f6176b25a5bdda940c766330f1697e9ddaa228,1,0.9928740859631046
0.9982251120658697,0.9975921189121826,0.000713311168895924,0.0020708788265865197,0.0,0.0346260666847229,0.9988058176584715,0.6896553039550781,0.9858212471008301,945637d0bf92863951aac9c0a4324e95f7750ad5d40ee3b6eb9038f362f0df4f,1,0.996746586120769
0.9801584906848582,0.9789686314907199,0.007077852435076474,0.013018250079616212,0.0,0.1518346667289734,0.985487605311721,0.7494373321533203,0.0,948717613856c1c9ab028dddb9c135235ac63578c49572e1d3f7b14b1c8c8ca5,1,0.9888338690151401
0.9999965716764874,0.9999972374287897,1.2784370157066313e-06,3.0023080397119414e-06,0.0,0.008263738825917244,0.9998560728968799,0.37469005584716797,0.9981347322463989,949dfafe778b0ac9cb320159eed12c502ae6f3552f8958d52916485639b011c2,1,0.9973215658285499
0.9969575730825385,0.9954808242539174,0.0030063178939499875,0.00865445442940005,0.0,0.013520777225494385,0.9999859359278296,0.8412265777587891,0.0,94a095c6b06a9ca3a297c4624b4a81de0363a5e52af846f0ed3faf1a46aecc83,1,0.9935252972534516
0.9900456905381676,0.9887777811952965,0.0018103626364260896,0.004613705125536938,0.0,0.017881155014038086,0.9997184344382339,0.6157568097114563,0.9769532084465027,94a874508c2e65970711a9ee6ebfb15057f61bb2f198929cafa7e091f32a9a0e,1,0.9961173244878094
0.9971015456611316,0.9960554711809438,0.0010431815408264607,0.0032567575025282676,0.0,0.016865087673031912,0.9995747160355112,0.6406348943710327,0.0,94c3c932d47ca419b18cc265456a395b7180b9701ae72109944bbb0eee33914c,1,0.9941858287951448
0.9621918398083995,0.8663982028021534,0.26713846625087895,0.7661930526442705,0.14285714285714285,0.03327333927154541,0.9955754367204122,0.4468621015548706,0.0,94dcb8a35b69363b9b69d982b5b00ad4c65f480d90ab23fb3040c18c325d21c3,0,0.0009033062146493419
0.9946435386554192,0.9960070359106535,0.0018710376744861677,0.004669722911896625,0.0,0.46816048025644746,0.7329587886896257,0.4413875341415405,0.991683304309845,94ec402770a943fcd8c3e84bd56aaadd778574f0bbe87416e21e8e1156504bf1,1,0.9923253892162733
0.9969115097095078,0.996078250733072,0.0018811671033931922,0.005053774371876485,0.0,0.2424302101135254,0.9652634650586343,0.7353128790855408,0.9448308348655701,95019d00d04540d8369c07fe599862d77d36e467472399bdbf87702fe875a81f,1,0.9955897190787545
0.9957694057199112,0.9949860274388208,0.001017795965215815,0.0022505262141540028,0.0,0.03794485330581665,0.9986160271133628,0.7275931239128113,0.9740921258926392,95036af339fecfa35b3c3b26415990f5d3e9b0cb62e6265e35fdc9fbeff2d011,1,0.9964554021443097
0.9932251867317207,0.9913962614078305,0.004571985250820135,0.00882821929038169,0.0,0.01344829797744751,0.999996698793901,0.9573231339454651,0.0,950e58ddfa0f6a39e7d596e026d3ff3ff51b7da070beffe232904f0f46c92ea1,1,0.9923828207675419
0.9993115252058359,0.9995309976545614,0.00018355047140011425,0.00047403675518521227,0.0,0.3629103003861561,0.8754849816275563,0.683729887008667,0.9899202585220337,953db35fbc0c1c53e422d870f1131f61bb0fb13aff837f3093928b44a1735ffd,1,0.9949423380603835
0.9998375810925076,0.9998642659150301,5.627525512753503e-05,0.0001245231611609696,0.0,0.020999046042529976,0.9992549643746714,0.4216062128543854,0.9930610060691833,95409e21605c3ca9a3d39fa729ab860debbfb73be17034b8959d8b4543bf731b,1,0.9972315092278269
0.9904433186673549,0.9833841051071033,0.007365727265869319,0.018898529990561228,0.0,0.30576816201185136,0.9224564593193276,0.5276764631271362,0.0,9540a4f5c20d32a0ddc1105e596c7deda3f6c51c0b36a117276044b2b8121f09,1,0.988769479875988
0.9945460122824732,0.9936966606855935,0.002112352349694247,0.005187665296205846,0.0,0.04589235782623291,0.9980379462863574,0.6679797768592834,0.9559599161148071,95469a6ecb93d0519c3fa063f806e62f18575b243fe63fa5132b920bd2803a30,1,0.9962966523241544
0.9985498920275498,0.9953500433779474,0.004115580973471952,0.012385972503777598,0.0,0.014247000217437744,0.9999670463497058,0.9241743683815002,0.0,954e6c885bee09aa54767cc07f0799236252c0c245ec6ef18876ecebf2c4bb04,1,0.9933075263372159
0.9948542353706863,0.9898049634189521,0.003046619472733618,0.008334377955618519,0.0,0.005672725836792987,0.9998772501257898,0.41369301080703735,0.0,95576f61fd8945a5cf4d6be79edc09ba3662fe4fc7b9ae7245fe8eb224550b19,1,0.993881458723972
0.9949904326339936,0.9916228706712079,0.007424657331094615,0.021450408213320827,0.0,0.5055755972862223,0.7625530915964923,0.5918098092079163,0.0,95741eee33674a5b8b262051ad061bd1f72faaf0394b34316a6d6c9a26965c95,1,0.9840675250305211
0.9962461827875152,0.9964694186165044,0.0007772105194886505,0.0013430441914774583,0.0,0.002120683426309668,0.9999938714376475,0.5004335641860962,0.0,9582d07714a8b0a0529ec04fc79f1bfeb398ee6991e7ec5e641e8429b74e9e59,1,0.9945127764706879
0.9918925183568018,0.9861164041684427,0.0078528143143896,0.01964861697886637,0.0,0.03946818036260119,0.9986389447704286,0.6719778180122375,0.0,9592a35cd81c6bb2954d8a2cda4b175814c1c5dc5dcf40b26f07c7ef85280580,1,0.9919485522896768
0.9801769816811915,0.967795731952746,0.02048196867359122,0.055920893260094084,0.0,0.003685891628265381,0.9994505862167389,0.9587212800979614,0.0,95b3c9b0de9afe83d245997a849c98ba39394ecb9afb1579cb9c852bdd1acefd,1,0.9849323898393396
0.9817281665354289,0.983919301064635,0.004454027008550865,0.011617356876588368,0.0,0.7860329151115824,0.310498331025261,0.5161765217781067,0.0,95b60018f87ed415d4f28021019f992e740055c07c278d82b6c4341b33f136ac,1,0.9420933466291072
0.9932225206979678,0.9910325957777858,0.0012195271783167238,0.0035524169624252533,0.0,0.01853024959564209,0.9999058977338633,0.6055154204368591,0.9686808586120605,95b9889c15aecdce606cfeb320bc884b36fc273246282c3a6de8b161e5f60f3e,1,0.9963756072424984
0.9861023521107978,0.9890345144454995,0.003381070868986407,0.007618067093538459,0.0,0.39764457938912817,0.8542538165429069,0.5327557325363159,0.0,95bf14e255249f546a7d2997dfd265ff091c40d4b8901252ce7838ccb2a96a90,1,0.9874374280362302
0.9970067048463613,0.9935198336316808,0.0043276428466376355,0.008918939685993776,0.0,0.01267331838607788,0.9999997695882215,0.9796186685562134,0.0,95dc1039ac6538b0628f0ea00e0fb70ac04c554e469403a6037b35c35758ebe9,1,0.9928360390913554
0.9562129188498443,0.8467769144844485,0.26356082331152747,0.7867716571745244,0.14285714285714285,0.03650531595485518,0.9985997452826251,0.4603344202041626,0.0,95f0ef46b1588c974a5f3c10f66165a365137da46231f312fc21e6fe1fdcfe80,0,0.0007531018771486903
0.9967186739482374,0.9951653566801971,0.0017014971898832946,0.0047099466207086715,0.0,0.015682876110076904,0.9999748552788836,0.9752247333526611,0.0,961e76aef3b2ebeedeb8291668084b7db42aa43c3a05f7cf02b9bbdb27a471f4,1,0.993315662729335
0.9892614251205962,0.9860702632525431,0.006587656427153605,0.013461190395395879,0.0,0.22608429133127722,0.962043345534211,0.4954902231693268,0.0,9620c34886fa918927b0d4e30891d1f85a79d708140b3023808931371f6d3c29,1,0.9906150101263457
0.9999984816942084,0.9999975469128665,1.7873127232744352e-06,3.674751534920937e-06,0.0,0.04613801836967468,0.9979274010064465,0.44929787516593933,0.9832755327224731,9642f136e40a61f34b41476fc5b4dbd4701f08b33909aada43b5431376502248,1,0.9971452294110327
0.996393605593582,0.9964728902427448,0.00025709485382413946,0.0006409146402264199,0.0,0.00846010446548462,0.9999936948760743,0.8608725070953369,0.0,965395f96f09ce0538db25066a0da719c284fe03fa79d0db100b36bb5e6bb7d6,1,0.9938424222553455
0.9523293319635285,0.9241883881303066,0.07285923538019165,0.20090002429251397,0.0,0.51005420088768,0.6975485553994017,0.530960202217102,0.9798933267593384,965cea0dc124faa008cc895e058ab486798bbd35039d23cec2d19b67c57bc23d,1,0.8976706955868629
0.9972560631026739,0.9881810877787547,0.01640486295638639,0.046348237562661855,0.0,0.2888810660809167,0.9224142456730089,0.4210023880004883,0.9546554088592529,969f28405edb7374fc6340810f1c1cb20a6dbf7c78b7a7ff7d10867b1f7747a1,1,0.9937041751978812
0.9999996516298835,0.9999997603715002,1.4238253145659094e-07,3.388616951752974e-07,0.0,0.01687549427151679,0.9995942257016992,0.36991068720817566,0.9940017461776733,96b6f4fd462931449487a735ca6dcca30ef88f92d1fbfb1a3c7813efee291b8b,1,0.9973026634248702
0.9937047572615395,0.9926154816298581,0.0028764922056387005,0.0070344259044987645,0.0,0.00717473030090332,0.9999806960552822,0.9493902325630188,0.0,96c5d41df4a894d5524c23f3c599bbfa9a40964e5d9881a0b2878c58def79316,1,0.9928418401534879
0.991651599365073,0.9834298454103274,0.005183258243164366,0.0164421034053176,0.0,0.006492495536804199,0.9999981218061819,0.9357396960258484,0.0,96c8b98d92b05bd482e8b160d10c613662dc70ae959c2466d32b98baf4bb1a95,1,0.991561198293717
0.9874831034427277,0.9869038363017255,0.0027316586527359084,0.004650579334106619,0.0,0.27463454008102417,0.9479753184804742,0.635381817817688,0.9773813486099243,96d247a0db30de806cf6deb57d6819ca8b0cc2319457e9b20a10f3765bc15dd9,1,0.9944321984149387
0.9930493337073684,0.9829123961696148,0.018388242807277026,0.05369205724845616,0.0,0.17001676559448242,0.9822068729429378,0.9403854608535767,0.0,9701bfda1ac4e1d84502fcc5ec4f81262a2255e0232c8d45adaff5d99b7746f0,1,0.9878371613629878
0.9810017626259998,0.9651684640425612,0.015079834280143364,0.037744054960228424,0.0,0.35105261206218313,0.895332483047378,0.6752261519432068,0.0,970aeba29dd2fab422cca4a0f13ff83194414e7cd721240b661b0d5e6221c801,1,0.979664804206467
0.9955098281862064,0.9939276159065067,0.0014217230633629704,0.0037727210100502173,0.0,0.028619825839996338,0.9994043221330853,0.6555716395378113,0.9571987390518188,970db0aacce8b7960f21cc6344dd4026db6871212999c49af30232b2611afb9f,1,0.9964575633992399
0.9997928429643549,0.9997660816139141,0.0003135064129458721,0.0007758090371770934,0.0,0.0155361276093845,0.9994922785988046,0.5321014523506165,0.9906067252159119,970ffcfd9b73e7e7372b80aa0b0a6ed11c65abf93e21a06b5c2a862f9e778cfa,1,0.9971148053639795
0.9999952586972085,0.9999931675645433,5.141859333543059e-06,1.4526843241952875e-05,0.0,0.12747539579868317,0.98976410983662,0.3804722726345062,0.9935281276702881,97219ca324eac347fbadb0997d6f130719aa363f76ee38cf479bf14315383635,1,0.9970201266806454
0.9965401167779023,0.9949652499501347,0.0019016591600983035,0.005280853419339149,0.0,0.018983662128448486,0.9997513203593018,0.6536871194839478,0.9806514382362366,9731ec91b00e14da8f582250b65510475461eb364a12d41255ebc6e3d54c805c,1,0.9965853774783071
0.996250801562121,0.9938164268015263,0.0022924293100339385,0.006740720886797447,0.0,0.00945067405672243,0.9998289974699157,0.5966770648956299,0.0,9739c1303972fe825f6cd71b7c06b811c4291183403e256fcec00a67c6053fde,1,0.9939635732366893
0.9940916070254472,0.9931200124450902,0.0019312132624640897,0.00359583049619161,0.0,0.12471967935562134,0.9906659454801912,0.7016506791114807,0.934102475643158,97551764dd4a87ab6e1760ed8520dc2e5eb4463ace657d7c7bbcffc1d1879dca,1,0.9958906428284469
0.9997331191225586,0.9995384153753023,0.0004775501872257737,0.0013624882249003904,0.0,0.029462495818733968,0.9989501170639828,0.37829312682151794,0.9922289252281189,9761e716cf8af0122749d6a398ad8f9bd88da9e60d6ac9b2bcc4ea23f16709cf,1,0.9972197539546213
0.9944573859820676,0.9922880972906832,0.003745139390240742,0.011057713743485669,0.0,0.023245789110575996,0.9993004900507994,0.6246981620788574,0.0,97750d8e3850e06285e3860a5d5570ffedb45e39e1ba4965b01c995f0559b140,1,0.9934577269794139
0.9925382526609641,0.9826843818815376,0.010460921206915226,0.022496227771653166,0.0,0.03367823362350464,0.9989092506533404,0.9616503715515137,0.0,977e655d3d3dcf4fc37d3179aa5d8dadb77d33aeef4ba1865f631dd03da69f24,1,0.9903041083782523
0.9877291861496938,0.9702499052776388,0.022241151627439157,0.07013719766525628,0.0,0.02207791805267334,0.9997467777712161,0.9188571572303772,0.0,97a3cd3d29a23179d5a35c70bd28cff3ddd1c60707b07c2e37e0c0235ecbf68e,1,0.9862788922588746
0.9946551291237289,0.9857015926501028,0.009614255345773376,0.022131612935299083,0.0,0.14609235525131226,0.9845148825247408,0.9005481600761414,0.0,97ff66d80355e0124af357e9648c2484d25bb601087a36f19227578a67057bdb,1,0.9902240274713884
0.9921692685997499,0.9863358738460416,0.0070037292975941865,0.016653203988472254,0.0,0.031482577323913574,0.9993275895985905,0.9567495584487915,0.0,9810b59a95972a0aa92618bb07888622be256a781f51b6dc76891a7f0a6a1499,1,0.9913508981832508
0.9998061072107816,0.999603823151211,0.00040498500072165983,0.0011065640352717534,0.0,0.07848117491858542,0.996612068305857,0.6175169348716736,0.989232063293457,9820daa38568e36960e142e692b980abc502f80ee8bb2f36814c564e465a2522,1,0.9968689426265225
0.9999944506137759,0.9999881608195563,1.9508351513049876e-05,5.401859981112271e-05,0.0,0.03603466600179669,0.9979382157524531,0.4601495862007141,0.9919437766075134,98238bd9e3117e9758de69f949c3449135d818456367f5dce115926789bf87f2,1,0.9971670537136258
0.9961195140784385,0.9958026517500855,0.0011186390745070304,0.0028929090394302914,0.0,0.06357109546661377,0.99639970346097,0.6869330406188965,0.9491850733757019,982e148c8dd26e86e3159a31dea7a14fda185a5ae378e9b7616ca832dabfe2bb,1,0.9964205908139433
0.9951535493128735,0.9745102354034474,0.022918134472633623,0.06208320500218199,0.0,0.07432806491846895,0.9966467909965121,0.5382739901542664,0.0,98308b6d695d702ddeac22b63179492baf6f731de41e490d6cca7d9e0be9a115,1,0.988517966382415
0.9956920314307832,0.9450364844057187,0.37174726047257367,0.907899034358112,0.2857142857142857,0.004737377166748047,0.9999922622434002,0.8509551882743835,0.0,9844db81cd23fbcabc6517cb194e41c5e4a4294e415612c5f2f523371b84a292,0,1.2597694191048772e-06
0.9490342630443681,0.9237566912508027,0.2652237156882984,0.764609375973165,0.14285714285714285,0.8032332192753984,0.26457022464568036,0.43477219343185425,0.0,9847aa986e2bcf8e5ac2edd36dc01ab9b3ee6f390fe288e44ecd338181986854,0,0.00020927121175890658
0.9945257457499669,0.9936247880070131,0.0010256504003111372,0.0031483378219567815,0.0,0.014945387840270996,0.9999691556063481,0.6643932461738586,0.9831907153129578,984e3e1147d6b5506cf979f18eb4fe4d5b6130c65100edf749656e25f14844fb,1,0.9965180373403434
0.9666068297517283,0.8870982840028797,0.21584647880490324,0.6309056415614565,0.14285714285714285,0.03053361177444458,0.9986532721449946,0.7889151573181152,0.0,985882b307165b759892a51b53e765ceb48983a4de93ae8daff4507b87c13b56,0,0.002698735509863755
0.9765468425163308,0.966464765167916,0.02669807474987246,0.07462937741400609,0.0,0.9454745054104933,0.04368251516547486,0.5997095108032227,0.0,985ffea68da357b9523ea5be2e442ae12a5e779e85fda55dadd1a58b4f146253,1,0.8042353506760582
0.9723386484466281,0.9665714089873739,0.016886767599062585,0.03130031009098217,0.0,0.057972820521399626,0.9979332842032518,0.5862295031547546,0.0,98627fd2ee08980a996e7f37576a1adc00af456af28cc1e3f4f10f0123091c37,1,0.9853456556907341
0.9956455750456733,0.9945076427852503,0.005489185756311257,0.014082894957255395,0.0,0.913411859121851,0.03829475713838669,0.6629730463027954,0.9402862787246704,98ad985dba0be330a060754910281a615378faee65dc321be41914411df3dc44,1,0.9455718489597004
0.9964741045295031,0.9942940480673226,0.0014033286564221858,0.004072406996800627,0.0,0.005251898895621104,0.9999266292264032,0.28502708673477173,0.0,98b69b4c8d62503364669bf4919decfbc046c60cf4f263460bb0864619ef6009,1,0.9947116345233639
0.9386282996617451,0.9036526142257132,0.2613786445128994,0.739556079423526,0.14285714285714285,0.07946842254023068,0.9971102010767112,0.3980468511581421,0.9970505833625793,98bba7401a45d0e3de2bd8c6d4902a267a2e33cb8b24a4050642b4ce466d8247,0,0.0022384459995889124
0.9937295493087719,0.9862251029164284,0.00891486405419797,0.021798885011819702,0.0,0.024849236011505127,0.9994806632749507,0.9554165601730347,0.0,98c44a5ffa4d1ed7e7943b92c13838082bfce41a3ec8dbec356cdecf7862c297,1,0.9912243751872014
0.9960548543955307,0.9961017311223557,0.0007665867408681512,0.0015652199129823595,0.0,0.00931934919133991,0.9997983947106004,0.5771489143371582,0.0,98d23840ff0e2b2d1bfe0bfb0d0506055aae50789b694254b9f348edbab96c5a,1,0.9943048701481293
0.9953203395493099,0.9920008473936733,0.003708119751258997,0.00925661923784608,0.0,0.03128284588443382,0.9989970739330667,0.49080193042755127,0.0,98f3d91cfdfefa4d0a2e3e7c1ab2ea0fe43d122da09a7164d0693fe5e9216af4,1,0.9937203477783731
0.9805933825359041,0.9866139882141358,0.00827965093009176,0.014344864699570636,0.0,0.013472020626068115,0.9999480674461736,0.9101627469062805,0.0,990bf9270831ca469a0950b8f11da82b1c369b1a7b6123c026dff3737667932c,1,0.9903484654403041
0.9977754863466031,0.9961952991628787,0.0013813394966457535,0.003573893348583712,0.0,0.007740437984466553,0.9999872024435554,0.9745063185691833,0.0,9916efd4a6a8a9730ad18bd1f01d5d0136b10667655f731fd12c1e30f0d98277,1,0.9935364797620314
0.9859738029653625,0.9671595231369067,0.0405088722931896,0.11718845739712025,0.0,0.8023209571838379,0.24070598357031733,0.6387739181518555,0.9972735047340393,991e72a9312f8c8936eb7d1010f203d97ad6b7abe5959d8702dc9596f7637854,1,0.9155922700483025
0.7883134525153953,0.8527772634453143,0.2675793561546789,0.6802674083501827,0.14285714285714285,0.91927520185709,0.45559608984629496,0.3520992398262024,0.0,992b122104f4817303c5013c0ecdc87b130095caa8614e000a1fe6e0c63e9586,0,2.1022091476803183e-05
0.9948296806814932,0.9941303528279413,0.0010719668257085813,0.002874357524318638,0.0,0.00964885950088501,0.9999873728307629,0.6134008765220642,0.9969794750213623,99360b93b00d64687fcef1f60267a9db8c2f385670f9ae026efbed6ecc5076dd,1,0.9966437337259324
0.9907242178345579,0.9712833532098573,0.018568567916377066,0.053404488107717175,0.0,0.08134807645730728,0.9963714546212364,0.564096212387085,0.0,9940a923e8e3a62a86b36c95626621dbc5563fa74a7d843d91e1e1884807e4e2,1,0.9883406131758338
0.9898406587114357,0.9797927235373338,0.017246094650511037,0.04987708028555714,0.0,0.010898838380374976,0.9997232043292641,0.5438416004180908,0.0,994209f666e3b3878ba0ae586ff5602e13b7cf3e40a56a8fd51deab8d0c57aac,1,0.9903020500197124
0.9956453351362914,0.9960713569720827,0.0013004866001312609,0.0023532800578165425,0.0,0.004460752010345459,0.9999993763021665,0.947348415851593,0.0,9947190c8fa500bc52909c3757b63ab13624bfc8028157468feccc32b2154ba5,1,0.9934660708490373
0.994986545636455,0.9869573106074048,0.015786515721736623,0.04625883027139835,0.0,0.06721210479734026,0.9971358162378482,0.47760775685310364,0.0,995c16f6f010d4b87ad7adb5ad7ab77a9314ab9bb8ccef0af052db56b3640eed,1,0.9916109089338798
0.9962876849575236,0.994555936121772,0.006265248997324922,0.016826100038505303,0.0,0.6897740364067115,0.3581466718553212,0.5121769309043884,0.9688503742218018,9986445cccea52327520c6b4507182ba228a4d405b95770ea84eb36442b9bad0,1,0.9775121580251017
0.995764674295433,0.9928623951955317,0.0032650790622093394,0.0083838576445121,0.0,0.007915524645211058,0.9998755544060715,0.6764962673187256,0.0,998ad86dfc815d18afcf2d02147054bd6ea8ef806628aed6ccdf6c2e7ec74926,1,0.9935789361452028
0.996983413056621,0.9965016805051936,0.0005224153115871272,0.001516714440563116,0.0,0.012254059314727783,0.9999999093194819,0.6217761039733887,0.9923374652862549,998cf3dfcff536acb70598d04edb3a0cddb2934d469f3d2875f31b14d3c44ccf,1,0.9968177211533619
0.9950763798536052,0.9546410445340635,0.08688062126067465,0.2529066995387626,0.0,0.052462700753732716,0.9979938333214996,0.43119555711746216,0.0,99a9987399f28e959e279dde6a3735ff2737f75b150ea3b5f4aa9feabc11a962,1,0.9601978389885572
0.9835777719576363,0.9820823087485543,0.008268387393065726,0.017630105193514652,0.0,0.15894169796513835,0.9832950569084195,0.4534197449684143,0.0,99b6aca50de5207d136827c9d50720465cd46965b00a24a4c1fbdc14ec6d37aa,1,0.9903438033883246
0.994599467418924,0.992802346430527,0.0027613025096563347,0.008345974925699107,0.0,0.034822702407836914,0.9989247015894911,0.6111816167831421,0.9679776430130005,99c49838f90f2b104e934735145ff3445972020f2e5ae369ddc679acc92b8548,1,0.9963576669483818
0.9929507045939663,0.985256551416766,0.009666815702771368,0.029733972805452313,0.0,0.02858215570449829,0.9993057513683186,0.976209819316864,0.0,99c95532f2d2994b88eff2f78b0e68e4fd0c3cbe5f5bef37918fa60c8f0e40c4,1,0.9909592262827754
0.9980049454537826,0.9970425828412681,0.001440954302701558,0.004073820750719825,0.0,0.010270833969116211,0.99997483647007,0.7139042019844055,0.0,99d2423b39a87ecee4b44df1cef3235bb243b52d9c31d7f32b5a49bf59158ded,1,0.9941508701797376
0.9963564285587029,0.9950442646925486,0.0012962102541709624,0.004066062688306227,0.0,0.015299201011657715,0.9999443064066784,0.8559950590133667,0.0,9a15548aacf4cf4bc4fc874ec32e11788e2ebec058365959cb810fbaa60c188b,1,0.993602362390741
0.9959799076467277,0.9949636554735096,0.0022336798795018742,0.0055346354505518836,0.0,0.01856321096420288,0.9998035117751983,0.9560785293579102,0.0,9a1970ec5887baca4e990025c84e8a9a6a63bae1b5e0452c073357174435e12d,1,0.9932095154957927
0.9871460566384177,0.9856423815632411,0.012040107167645654,0.030361921647988017,0.0,0.49855306744533234,0.7724909195733137,0.5602372884750366,0.0,9a7f4cda0324048af91434d38a9869668e0c2eb7920f29c1652515d02db394f2,1,0.9805805141544459
0.9999967286929142,0.9999962688707328,5.656778627309285e-06,1.4119829974698111e-05,0.0,0.40950849652290344,0.8827773984881409,0.5035415887832642,0.9864323735237122,9a897818636dfdb82c7a7a2035a99fa8e3bd0b2cb55a66642490fdf677ba1463,1,0.9952363284666277
0.9971688798804285,0.9975683629806035,0.0014662835443691848,0.0025998416890473794,0.0,0.23443147652983498,0.9711649876799497,0.5123602747917175,0.9684645533561707,9ac36061e616fc69cc53d7d1b4b959574efe6f8f40faf47f3cb690066416b14e,1,0.9961432285089297
0.9999861641986558,0.9999777065142191,1.561238123161981e-05,3.702126878292375e-05,0.0,0.01951834000647067,0.9996253983992522,0.40414491295814514,0.9972688555717468,9ac4b9e7065ee49349396713bc35d1816f2835bbeceb28dc35afd39a7fba1c21,1,0.9972695792584428
0.9956617366457207,0.9920849116336206,0.004885715274067353,0.012060784542111236,0.0,0.050271451473236084,0.997581345357158,0.9622997045516968,0.0,9adf26d266b52b1e86ae5978621a48c7f0855897d792444b2311e828a4600259,1,0.9923820403928268
0.9913031860633958,0.9921669984947113,0.0020681756413004353,0.00475339197174085,0.0,0.3638584613800049,0.8737341358592802,0.773110032081604,0.9638684391975403,9ae55129550c59f7a45e40b6776bba8b4b3c94a992aaf85060dc64ab2c8434e8,1,0.993480102510234
0.6157656535613503,0.7783239881543553,0.2922140978794179,0.5533151274278695,0.2857142857142857,0.9369928315281868,0.1418581318640173,0.6569551825523376,0.9824457764625549,9b17b6d0dc76f5a09e3249ddbdfd8b5581cd421d69016614d374eec39acd0c55,0,1.8383538062166452e-09
0.9999992606232485,0.999998626569813,7.984813187698667e-07,2.0517895148752902e-06,0.0,0.008453789167106152,0.9997454074233909,0.4986872673034668,0.9970685839653015,9b1d9c258c3b5d6fae02f5f8d3c619413f9b52c1a64abd8025b75e504e37de6e,1,0.9972028537679225
0.9949168728254225,0.9909596609109476,0.003414725697335009,0.010050141010482294,0.0,0.025767087936401367,0.9995588676621191,0.7499916553497314,0.9395661354064941,9b27c36df042a341fb0ccb58c6514ce2a818d164c026ec1f89e58ec546c18345,1,0.9960196301869066
0.9956940503558241,0.9617955131172842,0.3991853667738772,0.9109115084097154,0.2857142857142857,0.003699938737791635,0.9999401271019263,0.5657817125320435,0.0,9b28b177ef72e19d681a977dc252045338e20a73047fee6c88eb4d8411afb698,0,9.18872529313169e-07
0.8892211516339693,0.9275107839806445,0.05743723750875059,0.09055180427049503,0.0,0.19056564569473267,0.9290980470313214,0.26221534609794617,0.0,9b2c5c8de95fc500f16f1e06c51c1deac2eed4a16aefc9777fbac1db6bd82691,1,0.8785915165035134
0.9972442608247198,0.9970672067025496,0.0020635822500135186,0.003819623201908096,0.0,0.16101523124670614,0.9806876258247911,0.38246583938598633,0.9435994029045105,9b31852d801bf74671c5f2798faab31dff9afeea401e363efce2f81bdbdbb55b,1,0.9964500069144875
0.9742091898688059,0.9071848399033183,0.34425382051364267,0.9136349772264426,0.2857142857142857,0.9668137430459122,0.03113700994516551,0.5524230003356934,0.0,9b346367e18ad38cb40a0e9fd7e0e75edd4c5c4a0b8f46e18dc316db259fa56f,0,8.333830286015302e-08
0.9992883031384052,0.9994653922577841,0.0002857662269088414,0.0006402181267548019,0.0,0.9770043492316807,0.010873715594054695,0.506174623966217,0.9972402453422546,9b3635f7d7227bb4fd21bb6fe61fc9cbdea6d0da00df58f054e47d9f5630035a,1,0.9538662494582163
0.9882651240102199,0.9780573600456773,0.01585313664900794,0.04614624759579433,0.0,0.6140644252300262,0.598901093463544,0.7698518633842468,0.0,9b58c14c5f28dd8785b629ca509a346a092eda354de434f684a80f9514ce4d53,1,0.9626306502441963
0.9966433094682371,0.9944691610928501,0.002512595439011709,0.007066923985833596,0.0,0.00527007039630665,0.9999328315219566,0.6678419709205627,0.0,9b5b0380a6cc7879e881354575bbf28db4190d715c31a0452bbd340b930be8a8,1,0.9938810810262125
0.9303012480377117,0.9367936747261093,0.02834063767878031,0.051765475824685825,0.0,0.9356570914387703,0.0808305021374925,0.3972148895263672,0.9919195771217346,9b7db7886be048b9d2baa0014b524a5b65ee19c6af9b814da209aeab547b39e7,1,0.7765359419787595
0.9999958151031155,0.9999930244796414,5.313619178298745e-06,1.2912101266005507e-05,0.0,0.09328930824995041,0.9904307044969618,0.49800005555152893,0.9811442494392395,9b929779e947b4e740fa0a174f5661e97424b901246168444763a71381a80f0c,1,0.9969503906234757
0.9954566137284987,0.9922814212620826,0.003431567769600536,0.009636392712987774,0.0,0.013106465339660645,0.9999730095406613,0.9583895206451416,0.0,9bb30c1635644fe982f78856aea8031745a425eb7f71a0ab67d1681bdd96e890,1,0.9928268121190456
0.999999929634458,0.9999999366469247,7.983159212538138e-08,1.8374116889465206e-07,0.0,0.9320212602615356,0.029720064230608686,0.5421669483184814,0.9836036562919617,9c02f8ddd987a12db8baa0b0a8dc876e139ef7454ae68d2886ebe3878ccda2d8,1,0.9568565583733478
0.9930369551409421,0.9908976693363734,0.0049947833668929015,0.01313380868413594,0.0,0.021727919578552246,0.9997256786039099,0.7943820953369141,0.0,9c28665308b5eda6a3e6420566d04e797c8077d8cf57d18bd623e79f755172bb,1,0.9926873696836754
0.9935053143944934,0.9867111140848766,0.009002039495541592,0.02442857464107373,0.0,0.02136331796646118,0.9997807354757948,0.9634126424789429,0.0,9c3faff203008b39c3592336b95cddeb8f3f9eb213ff8b907bdc621c97a650bf,1,0.9912947942275715
0.9508208273105732,0.974911234578609,0.024691092073294958,0.04381626842509645,0.0,0.03398007154464722,0.9957976609325109,0.5696290731430054,0.0,9c7f915fea32b957ed4dd08f3f727f4c1b909644a41a925eba49a3a7a04c783f,1,0.9815935036554204
0.9820854471150068,0.9579702106973051,0.050967237784900934,0.14851482230258173,0.0,0.0309445858001709,0.9986015717082475,0.5475517511367798,0.984264075756073,9c882b992676c3c9a4ede8a46beeb06210c24a68ca0f51d70ff0c65b104876ac,1,0.9861178299929844
0.9860619821095714,0.9850582427418711,0.006311388483886357,0.010708958140886904,0.0,0.07824337482452393,0.9959175691588134,0.6993001699447632,0.93047696352005,9c91a6b2920f4ab0acff16d7a58bee32847aa1e4869f2cd29a3f50b5ab0331e2,1,0.9948612717628339
0.9822366971021501,0.9605582060269009,0.041919030323875596,0.12274824187533326,0.0,0.021364319787240627,0.9992716223168525,0.4315423369407654,0.0,9cb0e7ab310485eadb34800efef4093410a391b54cb5f61d9750dea89b17dcd5,1,0.9805922695553915
0.996755597069088,0.9931260028243664,0.005014450570059966,0.015130765156374903,0.0,0.024753868579864502,0.9994583821150497,0.887978732585907,0.0,9cc6774581155a90a2aa17d30d08de4fcc024282e2e10c2bae6071dd075f630e,1,0.9929229239409466
0.9958076328610986,0.9955990876156532,0.0007205126708444933,0.0016547597263598668,0.0,0.015098750591278076,0.9999243538942952,0.6543872356414795,0.9905104041099548,9ce1e4a4258c1496852b4e8302e0bd7b0518d2f107494dbb969c6053a9e9daa3,1,0.9966837651382715
0.988884811036043,0.9876923981779814,0.0038839379773040338,0.005975068572070641,0.0,0.3646225333213806,0.9012708449545754,0.559425413608551,0.9943908452987671,9ce4fae8f80666863ec242aafae4eafb9924868be2079fce77bdf395d19fa6d3,1,0.9936793432337974
0.9963176969351857,0.9953953052385114,0.0009647968141119782,0.002839142171812248,0.0,0.004176139831542969,0.9999998424795685,0.9632282257080078,0.0,9d1ac35dc057520f9f8637eb3ddcf69d9e9025c05dc2ca26144e1eaa18547abf,1,0.9934738292318621
0.9949528654373136,0.9883024399385799,0.007855598646346518,0.020442104596883892,0.0,0.011995136737823486,0.9999990874104344,0.8942515254020691,0.0,9d1f8203407054336543156f31e960ae498bd4a07bdf2699a6d459c68b744d03,1,0.9919795029989029
0.9960486195703285,0.9929198028217037,0.004136665426589964,0.010903548092412518,0.0,0.0051473798219709745,0.9999359968650684,0.5817152857780457,0.0,9d2b1d39f005655403f45f4493f952b143147bf731030a523eed52308baf597d,1,0.9937251358177843
0.9967131970186862,0.9969408519073958,0.000980303254112851,0.002486322998712227,0.0,0.662410020826612,0.4150793118599665,0.4947665333747864,0.9667083621025085,9d35d2e2cc47899a1e743da40d88a648cf04de4dea42526fc23480fc9cb2e861,1,0.9828201710719495
0.9974716985674388,0.9967171255353536,0.0005979992472926498,0.0013761221203114956,0.0,0.0016226526348799512,0.9999990719544889,0.6943731307983398,0.0,9d38e0e6d6d2d722789484c92cb0e20bf118499aa87d8deb9b04473751cf1da7,1,0.9942489942776223
0.9923439890816017,0.9900402244606473,0.004443924857309288,0.01185067864147682,0.0,0.12140113115310669,0.9908114553498438,0.6892678141593933,0.968678891658783,9d39b3da75184af35c0e51cd380bc14cea8aa7bfd3cfd9eb9f95c0af99d3ff5c,1,0.9955960708715227
0.9956971277791745,0.995547226412706,0.0006473312727322913,0.0010813352456592318,0.0,0.01772129535675049,0.9998089762382815,0.7024244070053101,0.9799236059188843,9d401c393635cdf3d6e10b478a6f3b8c4f78bfd8b73e5e90625e6e80c540f44a,1,0.9965968356849113
0.958793348206622,0.9576594185201551,0.28815786646442576,0.805747666811886,0.14285714285714285,0.41198797689514777,0.8750644027253384,0.5821558833122253,0.0,9d45684038792290071370a783c56bf82779c162516184c9aa4c12cef4091771,0,0.0010807671120534668
0.9952894388669613,0.9969726964216028,0.0015754486487286942,0.0038856836415972,0.0,0.8794789904070961,0.08463275494471646,0.5972132086753845,0.9591212272644043,9d64c6417c7b06f2f1a20235e44a007b0fff26f91d51e694a7657b048a7cd3d8,1,0.9573196658687305
0.999144463093284,0.9993702796468357,0.0003155439866152688,0.00074017391683646,0.0,0.6710649132261097,0.35447233942713086,0.582436203956604,0.982193112373352,9d6d578c9316e56389849c600b518c3e492b8f57581be7b63026397006bfeb8f,1,0.9811532939945534
0.9781785518163135,0.8752356351855568,0.1601598136642955,0.4736671631855486,0.0,0.6856138408184052,0.563348028539206,0.9789125323295593,0.0,9d85d7729db610aeb2c354a20aca67ce32a24e0c6891a8dabad8d5b84fa67e69,1,0.3119266416614642
0.9903432506486195,0.9841751391085914,0.019119972419701755,0.052423171528938176,0.0,0.7475960832244086,0.17322978823187518,0.4573115110397339,0.9573914408683777,9d974a6ba14367482641eba999ca4feaab394c4fd1e2559fa3b33214a38a5ec1,1,0.9491823080521421
0.95737978152685,0.9268456459577052,0.2633902285068444,0.7616332977359821,0.14285714285714285,0.135728126210779,0.9843499427289119,0.4788913130760193,0.0,9dc6052a92e61399d300c6d1d9b99191f9e09b6acb758557bb7f2150b62f6604,0,0.001832422656008979
0.9982085775468582,0.997526547483343,0.0006566305723790936,0.0017263877148203655,0.0,0.0041168928146362305,0.9999999071252319,0.9692347049713135,0.0,9dca389d2766b99b7e91e38f3e9cd35ca36ad4842217f3c11d2a1b84d40fa034,1,0.9937781024562079
0.9935993850271861,0.9919390494264712,0.0031625467605857016,0.00841393621511668,0.0,0.08428318798522995,0.9958390370129159,0.5182056427001953,0.0,9dcd5743862e1e7d49ea065bf364c098f118c0ddbb19174b5383811dda941a57,1,0.9933474310197544
0.9960202566622327,0.9910670619965366,0.003923553983064161,0.011695040141252666,0.0,0.006433069705963135,0.9999827391021282,0.9263265132904053,0.0,9dd05fb93d257fe1df634e55bd4ff794fddd1e7847e8726e680a6e48263b1214,1,0.992813848432445
0.9940429802620204,0.9916605409055071,0.0041928475880826,0.011791508282303454,0.0,0.014623185605019287,0.9996322502178846,0.591476559638977,0.0,9de6c80a77c661981b482e545372c97ffee32aa58b64c05f512e0b422b2898a6,1,0.9934388727350609
0.9923026795176806,0.9874791337744464,0.0039887752766024475,0.01235626709355453,0.0,0.056858062744140625,0.9973351037714735,0.6236881613731384,0.9317070841789246,9df203dafad5743b480657593d6dcbcd7ad547ee08cfdde7bc7f74698a348974,1,0.9957538616060336
0.9999178320818746,0.9996849383378077,0.0004885957379850933,0.0014156758845937393,0.0,0.006298977881611197,0.9998829541035708,0.4911324381828308,0.9991974234580994,9df2ec1be097533799b75d4227a4ed40787221a0b13812d770271ed603c6f7bf,1,0.9971819226483816
0.9956990371267112,0.9896362636336796,0.007188769562304492,0.020380048129723483,0.0,0.020167356356944475,0.9993049025623717,0.4629226326942444,0.0,9e113930d2d380486fc2013471bc7dddf773e6b08d514549b176200bd8a2e588,1,0.993295751812714
0.843097359257224,0.9142421593172142,0.04404826968162508,0.12283364802672905,0.0,0.45716025412548333,0.8489832671445439,0.24115411937236786,0.0,9e1277aa85822ee645a78581ab6c109ad0d2b4fd7cf315101a249eb70bb7b574,1,0.8032384654209966
0.9970274507260931,0.9936383161770185,0.002749953192433695,0.007056601530225581,0.0,0.005291104316711426,0.9999996658193536,0.9270405173301697,0.0,9e1a95d4c7dd2cae5c2ecab7b0b63ba09a8a7110ae79c5098c0ba6dbc6228668,1,0.9932321956040056
0.9958834183886841,0.9915804355123937,0.004000893825512757,0.012251878153975326,0.0,0.011412501335144043,0.9999993739301781,0.9661067128181458,0.0,9e23be168bb4f9882be7cafb2cc6b2ff47baddcd6e9091c564441d5e5213722d,1,0.9927263621566959
0.9892089391117168,0.9848723988320482,0.008626300085208784,0.025347631537901538,0.0,0.020862877368927002,0.9997805894020024,0.6255769729614258,0.971332311630249,9e491c7cd65ab1cf16784324b82b05da6a5ac2598bc5fd7cd8a8833a8c853127,1,0.9953555146800285
0.9949232364428156,0.9934014545547859,0.0022568346024113826,0.0049892856745183956,0.0,0.09654247760772705,0.9932705542808067,0.8997734785079956,0.0,9e5c038219cbb5e826736739eb65b4c9bbc881ffcbe64dfde258ee89ff7f17ab,1,0.9926539384020053
0.9941121938910257,0.9937710392431207,0.0011748096938053846,0.0021142035527358383,0.0,0.004633784294128418,0.9999988169545097,0.9607332944869995,0.0,9e615c27da99961f41b713c20e9343daeb129a4d2ef99c7c7be8d24415cf15cb,1,0.993157399512298
0.9715236314536623,0.9708854675747874,0.010623123574128012,0.020167582171714042,0.0,0.14417929811162367,0.9849141628249267,0.31852805614471436,0.0,9e783f0163e0c9afd798f9f0ff95b4273a7973a0d0d1a8ac5d1807d15dba5543,1,0.9876645614151923
0.9948524994545778,0.9941652920001367,0.001328833328271496,0.0032127135842965346,0.0,0.06369141489262443,0.9972751412136884,0.5617228150367737,0.0,9e80b1d7f6019d28f92f247aa6cb0e59e76a17ba0cbf551ad8456944f158da6e,1,0.993818014611713
0.9907211581780752,0.9876146630760354,0.00364502979301195,0.008952284573087721,0.0,0.04118657112121582,0.9981840552955944,0.6574356555938721,0.9692956209182739,9e9f7382d2e8e9cc994590cf03c3a0e879a4698db1826784209a1d313debee3a,1,0.9957969991033567
0.9861751325712057,0.919957280461463,0.1887600187842414,0.544850133991255,0.14285714285714285,0.05410128831863403,0.9969348180653124,0.9404224753379822,0.0,9eb1136e721c94a2fb45a3dfdca0b945b36e06d99c49c3b19de8a0dadc36d42e,0,0.007148338028934714
0.9983499361172087,0.9957643168455813,0.0034158273526994254,0.010087654390103062,0.0,0.007511258125305176,0.9999982008575025,0.9717891216278076,0.0,9eb5d94b6f9425f4810c96345f2eb5310218da279b02e248381ca82e48d8c583,1,0.9933271342044506
0.9977368324589809,0.9977380075076765,0.00036015155681457206,0.0008325151770343098,0.0,0.0038232803344726562,0.9999793474926246,0.9734001755714417,0.0,9ebf106f31b3f35b245de13b04ad659e20ab5bcfc48b968b1ddc388bdebfe929,1,0.993790123941653
0.9999995440183982,0.9999861641845275,3.2976710402790214e-05,9.415372428629433e-05,0.0,0.10097964107990265,0.9884904171184252,0.5255338549613953,0.9715670943260193,9ecc7b9190996731623f556187e041bd3290e043a3e06471b94b5eb7fc95d34d,1,0.9968734055828923
0.9958239461875622,0.9931338799035653,0.003798560052042949,0.010263623847712785,0.0,0.0050820228643175215,0.9999471895452832,0.6954545378684998,0.0,9ee2062fa319f1a721d8ccaed1a51cb2adc977795586ff1f0973e6814c81642e,1,0.9935233795632442
0.9999889019148457,0.9999833766013254,8.81649581399296e-06,2.173082050238495e-05,0.0,0.4188872277736664,0.7842137422283318,0.415140300989151,0.9516714215278625,9ee304528782fb4b80c1ceefee75758342cc28142ef3579dfb12f42fd6777303,1,0.9941086334502653
0.9854293057229813,0.924284421933482,0.19741056423005102,0.5675113314666468,0.14285714285714285,0.015707790851593018,0.9994990857598064,0.800324559211731,0.0,9ef5ba80f42006cdb3d24840212e3218ca4a4316fa7bdb5c70c5f84e53fec4d6,0,0.00698603834818116
0.9959511349945399,0.9870446667713554,0.007354679192781559,0.019434012934047555,0.0,0.01216490287326777,0.9997466354444721,0.5959674715995789,0.0,9ef6cdbced2ac6fa19590cef295309b4157ba65c51d2a8c3e199cd3e785464f2,1,0.992767839166187
0.9952634928606947,0.9938623875384385,0.002374870902258286,0.005783184418200804,0.0,0.027324199676513672,0.9994818451305495,0.940559446811676,0.0,9f02b223bdd72f26c8ee83587e2d92de4d44156cc311220bf7f7676bdc61c518,1,0.9930390300428772
0.9977307066641976,0.9966074876875791,0.0010743650863937403,0.0031306778503052473,0.0,0.00994524080305537,0.9998070485659113,0.6971298456192017,0.0,9f0a04710e5a0806d27968da47d5f1babfc9fdaa35ba0d6c6ea9488f80ffe05e,1,0.9941732497847493
0.9995201270892531,0.9997045658445698,0.00013404974681655208,0.00046600151830738585,0.0,0.37389028072356806,0.8731271675034092,0.4479333758354187,0.9885221719741821,9f328f5b3dbcd6730aee24e43a55effe1c063ed6057d6acdbc472a36931e88a6,1,0.9952960996504646
0.9939279449894968,0.9538707902258744,0.3936111629135803,0.9681608701210984,0.2857142857142857,0.1816663146018982,0.9823574092752829,0.9528934955596924,0.0,9f3a72ea9593d44bd48d8032b3e512314e09f55efd4ff65171880f47fa2ada58,0,7.864247741742372e-07
0.9956194162663116,0.9872394561839352,0.006254280626700078,0.016471077853941692,0.0,0.06803857535123735,0.9970253033108011,0.5534612536430359,0.0,9f43d3e9bf56cf77c14945c4f247dfc2ea443436415fffa91b96cf7fab3329a4,1,0.9926929123651801
0.9991566389422586,0.9995116923637399,0.00031092738363684946,0.0007661672258301749,0.0,0.17677485940149598,0.9793548787155456,0.5310519337654114,0.9649632573127747,9f60c93ee809ef4762f45f895bd4a790fe141870e041d2bfccf2e178fd888b90,1,0.9965603238283172
0.9971712357870814,0.9942934589875485,0.0033498823001186437,0.01013543741215961,0.0,0.015817105770111084,0.9999568051033979,0.9430821537971497,0.0,9f709b2103fd5b1429ae348b1a6229a5a8565ccd3d570b48a013bb24d0778af2,1,0.9931642639553461
0.9846599439931676,0.9551966193329717,0.0582266873557603,0.1692036955519104,0.0,0.01666206121444702,0.9999397664017137,0.9658302068710327,0.0,9f90a31ca40cc5861bc10562fbc0708f2b6b2631d2cb8c38813a7b29987c3b61,1,0.9683232707555395
0.9903267770786075,0.9380751185162772,0.2287568964336243,0.6609194352002461,0.14285714285714285,0.3649176359176636,0.9012095753934595,0.8252365589141846,0.0,9f9d004d6e855c36d037257673e0fa74ec9be115f9112a0ebe643445135bbb15,0,0.0032827828270380116
0.793940697574497,0.8094524769153327,0.2543827964757142,0.5509313848772939,0.2857142857142857,0.593548301840201,0.82764940129285,0.5115463733673096,0.0,a006e4164ee775bbc8a5ebfea1fc4cfc995ab2a2738baed68c3484dc09d41963,0,1.186368668339194e-07
0.9950272870262596,0.9936843068423865,0.0014726252931842698,0.0036869394815225442,0.0,0.05353671312332153,0.9974469649815874,0.5630961060523987,0.9856401681900024,a017fc04a48865d151ecd42963f86d6c6127428f9ed6e57dc48ad6e398b269d3,1,0.9965216985865765
0.5614307769735263,0.7930182984215713,0.12255630842181842,0.4093724415483015,0.0,0.18586423993110657,0.6399484290244254,0.7280415296554565,0.9710262417793274,a0184d852fb7e82c64f6dd326ad410c934f6061a1dcaefad370a248df3debc5b,1,0.020102411484027284
0.9981861701880564,0.9949626611001335,0.003321272473470916,0.007786321867526258,0.0,0.005893230438232422,0.9999964522868275,0.9338526725769043,0.0,a01eed214ba6913961083902d2afc5046def79fa98ff5357d7c1621a5f3f3bfe,1,0.9933230076802515
0.9325909841243027,0.9570901155541732,0.3202199066268349,0.8849978423648455,0.14285714285714285,0.9697764214210594,0.03837191155140658,0.3616371750831604,0.0,a02968470a0a2827170b6647336b3445ded597e3125a50b2e1702888e8d9d494,0,5.573127846672798e-05
0.9999885628831126,0.999981134843391,2.8470302168126834e-05,7.641206253088996e-05,0.0,0.012351122684776776,0.9996499984010506,0.4965328574180603,0.9969717860221863,a034c966fcf24acfa2a9f98590829d47f8180e21b0d84c994d35b92bd9a9980b,1,0.9971946199602209
0.6907666893585418,0.8200230212432444,0.28181218335985453,0.45607030569801976,0.2857142857142857,0.5180846452713013,0.9579023467119587,0.6593348383903503,0.0,a03ecb549e0eda0b2b417f8bc3052da2fca7da84d2cc05144f9af7c1c775afe7,0,2.948351229450775e-08
0.9947206985998168,0.9856993011209745,0.01835193960630166,0.053715203662633715,0.0,0.019495844841003418,0.9997871774647719,0.564923882484436,0.9886943697929382,a08ac8e8bccc0f09ad83183746a417b44175fd71ae3753475096f87b072e4bf2,1,0.9950231055318555
0.9998259659876055,0.9998796757496159,0.00011714968684122043,0.0002041538323532688,0.0,0.022971902038367235,0.9992948033776473,0.38529133796691895,0.9914196133613586,a08b774708cc20784c378e22fb72109cdb34653323d3c1fa0fad9d825a8ae267,1,0.9972565516959109
0.9942261039079531,0.9942998293030431,0.0012121446562127843,0.0024016240476564233,0.0,0.006502565926298483,0.9998971168378016,0.5817722678184509,0.0,a09bc8ba43fbdd6dc31eaed51c056440796053536ab0a02c7d3e0d6c4cf7c8a9,1,0.9940235074412695
0.9896203476080017,0.8065595497769527,0.19260425626629904,0.43520698651168177,0.0,0.09298920631408691,0.9934287446564642,0.8111506700515747,0.0,a09bd056d48cb614551d368a2a84a45d9702fc82a4078526786e0f274f32f59a,1,0.26775124124684313
0.9921235412304069,0.9897873168847212,0.0032511164677810284,0.008134106142518305,0.0,0.2935101389884949,0.9505913771386622,0.9775537848472595,0.0,a0a868363b159eef783b520c76b33124cc8cb717dd45b55d80c6fc46998af8f4,1,0.9896896525549213
0.9963103894219127,0.9924103410667829,0.004940775391989749,0.013867840236391045,0.0,0.013320578262209767,0.9996688980105902,0.5082793235778809,0.0,a0b98ba8656f47e5135086c8c794105b723417f57c627f025468d0c78140d6b3,1,0.9937425911434672
0.9999995098514587,0.9999986698633403,1.4899587606132102e-06,4.275386273114976e-06,0.0,0.07130474597215652,0.9971894214379688,0.46053802967071533,0.9994238615036011,a0c6b55d183623ec3cb8febe709a78cc1c49044a1f340673ceb70c5408a6455e,1,0.9971084116965038
0.8606789559621817,0.7902642810076441,0.3099442342355344,0.8152556756722589,0.42857142857142855,0.14434552192687988,0.9978599488048517,0.7718531489372253,0.0,a0d7c1afa2e8c31e47fdec721c7e02eb84512dc0415ea44e0495a023d7ec11f6,0,5.229043259090564e-10
0.989330415860877,0.9840970529757841,0.007863856978660435,0.017904868873564683,0.0,0.026734471321105957,0.9990934070655437,0.5100463628768921,0.9808416962623596,a1039a3376a2cbdb60b78576132d8a418b3b6e2895a32627f119f7d55ab16a7c,1,0.9955028009988388
0.9961519882162773,0.993646820953406,0.004456714777255802,0.013306383038518407,0.0,0.015519537031639165,0.9995945519253974,0.5555089712142944,0.0,a1081b72b3f5e1706b0b5a6fc7778261979115589ff8995b57928e7e960e709e,1,0.9937838343125739
0.9990228516270302,0.9991423621745967,0.0005402322179420552,0.0010261232613953555,0.0,0.023605566471760528,0.9992765137444768,0.3558957576751709,0.9951033592224121,a142be9b8ca093efc9328b3f42e49ebc949b603e6af30b7238c535008f878c24,1,0.9972198094564344
0.9911180026766454,0.9916956969679669,0.008597274067465641,0.019236646663119184,0.0,0.1722718389937654,0.9799999133027815,0.7288231253623962,0.9945713877677917,a14467c4473d94c3bca6b949380c9032f571d82cc639cafcb232353942a03f90,1,0.9950037471693083
0.994914584691588,0.9934460113885787,0.0014057305610060157,0.003525318138571487,0.0,0.05742299556732178,0.9967233847009679,0.7435362935066223,0.9739459753036499,a14b5902a03608a20c347e5f2bb9700d79eb4222d31a69b359f52588277bbe3e,1,0.9962484384577215
0.990678761305679,0.9622962293051859,0.06792347639169063,0.194731135488599,0.0,0.08399403095245361,0.9945707815027408,0.670988917350769,0.9666077494621277,a156e17e5f96616a70525a67776634007e2bcc478cad977a300e2a7cbb6c812c,1,0.9821878274160523
0.9961617262610114,0.9959229136235944,0.00040612720663718815,0.0008534913645771303,0.0,0.02200162410736084,0.9997075157138561,0.6726127862930298,0.9947435855865479,a15df4c93989920c15d30cfc04dd2c64746936644cb569a7eca026e68f798524,1,0.9966976039998118
0.9955618187083723,0.9946604423376593,0.0011529585604747527,0.0023515124072025495,0.0,0.011865794658660889,0.9999966384314456,0.9745000004768372,0.0,a16070552c6b0849b7db8cca0f0270e6002b2873a3c83fdc15c1228e8e6b3c16,1,0.9932692376433598
0.9996544697784919,0.9995886630844902,0.0004619006087431037,0.0011668539449503001,0.0,0.0677602961546345,0.9968682698387348,0.632282018661499,0.9891657829284668,a168404f939a6234ba444483da66bc419127bdd414f83633efd6785bdf5bbb74,1,0.9968684198992274
0.9967336650548964,0.9952339044398937,0.00478035501233063,0.013049269728023793,0.0,0.004719404591241982,0.9999326000013434,0.4981325566768646,0.995480477809906,a1a8f607af199eb50b6deed7c02c39f7015c8897c79e3243e820ccefbcb6e9e8,1,0.9966774128103718
0.9982542497152898,0.9974580038619693,0.0007785149811536437,0.0020118544753751078,0.0,0.0047416090965271,0.9999893268790978,0.9513921141624451,0.0,a1b5c6fa54ce28e8cd554465010a3c6c9c6c41b8c09155adf65b67f783940293,1,0.9937967267470781
0.9650437555962658,0.9493995666216983,0.03862515188293947,0.09723791786572494,0.0,0.6067713442296192,0.6370983569774844,0.4821091294288635,0.0,a1df07af9abadc2927f837ea47be4f36fc24f721637796bc394635f7c64c1a3c,1,0.9191024680810204
0.9972649751525563,0.9957839147779257,0.001885361272237395,0.00466464607917543,0.0,0.00807160232215982,0.9998283996670596,0.564519464969635,0.0,a1ff4a0c2e73c25db24ab09d008a257a1a81383355c28d069eb3355dc29253dc,1,0.9942668505167703
0.9910008177476385,0.9839074068207436,0.007530192563928097,0.018736900757577724,0.0,0.1290799379348755,0.9886108022674798,0.9506927728652954,0.0,a2077295f7c643b21d0bf41936540ab5a8d96adf881df902c8b86233344b2abc,1,0.9900935202845931
0.9930571984958393,0.9906131193680388,0.003056146869051552,0.007655006984823021,0.0,0.054122328758239746,0.997263076843283,0.6810424327850342,0.934747576713562,a234cdcdb76c63888c4063e534748aea892ff4d877cf62d9fcbba18570169d36,1,0.9959309613205742
0.9957993522995751,0.9401149684366704,0.08458830337630376,0.22319928809306933,0.0,0.04596734046936035,0.997891023872642,0.6437978744506836,0.0,a248cabf237e366ab9a1404ebac5c26d3d3f4c6f8073693c54ce455fa4d62e7f,1,0.9489250592704032
0.9977678594910667,0.9964391186726556,0.001584332200734332,0.004219569040032178,0.0,0.011014461517333984,0.9999983831302873,0.9691538214683533,0.0,a25ff7ab2cddc2c2770a58b143807e776164d751d732c2283657db91a3f32586,1,0.9935328712100091
0.9827518069343122,0.980013383006141,0.009734167580775588,0.024105654344477437,0.0,0.31421026582186345,0.9279992662410363,0.5221567153930664,0.0,a266216691ddb12d1c7aff57f068edcb522ae07a8081aea68202f210a52ac98d,1,0.9869602647930714
0.985843003138063,0.9897101555386154,0.009423522268971259,0.01696537465948169,0.0,0.9818492301163815,0.012891331802761313,0.5583152174949646,0.9954473972320557,a273c4928aa8f1d551bfbd6d70e21f51089db467c0e41e1971fb762875a1d8ad,1,0.9296933976671575
0.9890251271636286,0.9688684855712041,0.03820781859094562,0.10967750171780488,0.0,0.004583001136779785,0.9999855476886705,0.8997133374214172,0.0,a297d62706dd5199fc75b80728115a966268a1182a129d1ae87d6485fc9bc80b,1,0.9820782661036597
0.9999587227202584,0.999970991262262,2.3757847088194307e-05,3.771652935370174e-05,0.0,0.01604402996599674,0.9992534391722077,0.3390082120895386,0.9872427582740784,a2ad3f1911cc81fe5a4a129d6a3f776c40bb021d37a6a2b5dc53a3d328902b61,1,0.9973166752324044
0.9818682547606016,0.9110514328555352,0.20448176249063993,0.5995383561761123,0.14285714285714285,0.21663260459899902,0.9677940796754583,0.9370768666267395,0.0,a2c63ec5abf25462a46c0fc204abe79e47a6695e5b184533a974d68d56318a57,0,0.004041417836714458
0.9657283426446988,0.9283208613294475,0.07992744778096134,0.22056739343769677,0.0,0.5450735073773371,0.7076813694195869,0.3977487087249756,0.0,a2f815783e56de06ad5788164c174f7f6298a98fa901c7a75e30cedf2bab38f1,1,0.8455203097176551
0.9968931062865563,0.9964102018966635,0.0007266847577697292,0.0019333604316402742,0.0,0.015210628509521484,0.9999734467524325,0.7185779809951782,0.9993414878845215,a2fa2ec26c80dc68e167a1da908b6ae24b3d5d9ad4819094fd3c1b9ab16a39b8,1,0.9966981272272243
0.9950300807093309,0.9887637495843313,0.0066585894135238275,0.01912913521621107,0.0,0.009412109851837158,0.9999968912993678,0.9793917536735535,0.0,a2fdf7ae57368f114d636a64cd1de0ddf6d6ec0fe99c3afb9df4e47d74c7c0da,1,0.9920123159812252
0.9993605327866851,0.9996623040563071,0.00021450713710056542,0.0006300832504061584,0.0,0.723045705919135,0.26030588159162366,0.7157935500144958,0.9512397646903992,a306198da89262460f8590ab97fa8c9383a2d18f798209ef34e7662ad25f59be,1,0.974772405763856
0.9343420674893844,0.7965468783188078,0.32232355443014554,0.8556125489868326,0.2857142857142857,0.05228567818994634,0.9974946762633806,0.3364659249782562,0.0,a317bb289dc35f53d58e6f0fa763301e0402a8055212abb28c00d8f46a98e33c,0,3.353730879316109e-07
0.9999852776285113,0.999988730935553,7.876091640405454e-06,1.3561913173099689e-05,0.0,0.030639102682464572,0.9983058248697729,0.6091785430908203,0.9961761832237244,a3255a5d7d7031d6ef18949cc7f1cae8d6a6afba9b9720aa71c73b2cd43c63e2,1,0.9970396454263832
0.9999010652780349,0.9999116204819006,6.174670306395576e-05,0.00012982274799638776,0.0,0.026837730780243287,0.9992441077722151,0.3382819890975952,0.988868772983551,a328454eb311c9546c5a27ef40b3d5cd303565a58487421afbc47df1789efabe,1,0.9972950581873061
0.9999469387673885,0.9999124427662808,0.00011962447428672547,0.000326318550266548,0.0,0.03309766575694005,0.9988171454156175,0.49498265981674194,0.9943559169769287,a32aef180ee8ee74f23e9949ab15006069d980b6a0634f5ca02da1322e9d46ba,1,0.9971392643421606
0.9975961929778563,0.9931818163143671,0.005094262875355791,0.0156204355016622,0.0,0.020027006044973112,0.9993965112367637,0.6863933205604553,0.0,a36fdf5ec88499ea9bce510a4ea544778fa24ad05bbb8349c07fb85f7dddfbc2,1,0.9934637913005488
0.999999467193209,0.9999994482870649,3.7470887356900586e-07,5.759771337556592e-07,0.0,0.7491999268531799,0.26467802880432256,0.5791288018226624,0.9532925486564636,a3728594b688b6f7842026adfe849a66fde699c4e6ea5a927d2486c53f05ee38,1,0.9760704670490623
0.9957592681838726,0.9956722651062557,0.0003570231019808972,0.0005927095595624765,0.0,0.02032947540283203,0.9997116638581144,0.7618855237960815,0.9869552254676819,a37ecde80caedb69f0931f712ab597ca9dfae3cba58ba0560c9f53cf4e7a45fc,1,0.9965615029462047
0.999999919673178,0.9999997977690654,2.1808930877466938e-07,4.934683913180508e-07,0.0,0.006494054105132818,0.9997428634564133,0.43557479977607727,0.9932606816291809,a3c5b5104bfe9163c7e66d3c478496b7d783e8a52e6f6185cfc93e1a4aaa3494,1,0.9972601668760432
0.9997508223501577,0.9997006251872776,0.00021581190802832356,0.0004559179591366671,0.0,0.04836769774556149,0.9981732051247068,0.41483691334724426,0.9968248009681702,a3ca9d91161fc2c401174b1327fbabf2dc20ca24d01ba40ec22d7a9bb2d39b52,1,0.997169783028903
0.9999967463159922,0.9999958331368729,4.3500483953358e-06,1.1421900204321625e-05,0.0,0.008436810225248316,0.999869927283035,0.4789744019508362,0.9866958260536194,a3cc53c7263d3eadf76780e0c0ce73754f14991966e9714bc2dd122fdcdf5220,1,0.9972052084579391
0.9969625216905679,0.9957374907023965,0.0014174558078975858,0.0036170215023983987,0.0,0.04019951820373535,0.9985235309573514,0.6817606687545776,0.9734923839569092,a4464a090bcd943737034ca82a20bb54a451882890456d2e095382c65feae27e,1,0.9965539773936146
0.9959883198099863,0.9854953887513569,0.013315167009288482,0.039476163468548583,0.0,0.02485806681136615,0.9992482890143812,0.5583938360214233,0.0,a446cbc6a3e8d53bf360e13a0cbfb076119aed5ad52d6bf6a9a0701222dc08f2,1,0.9919249833118191
0.9954976367258085,0.9956621189381868,0.00047235884350424126,0.0011069010022349834,0.0,0.02471315860748291,0.9996448783633995,0.6604514718055725,0.9845767021179199,a4772e2cc414bbb195ca3ecf8545c8fbc028980e3bb5cb6a44c0f413a0000b3e,1,0.9966500171240787
0.9963862315412192,0.9954316986951559,0.0017179607655123694,0.004759460754936162,0.0,0.019664525985717773,0.9998338581049204,0.657390832901001,0.9959797263145447,a49c9de5de0368b8b1123052075bab59464d4334b3a707477e4a13d03cb84ccc,1,0.9966365392771085
0.9921282585967095,0.9900461515799436,0.0026552728663410278,0.006822032805792761,0.0,0.1257871240375746,0.9894327595234174,0.5475277304649353,0.0,a4a2dd8ab0db85a4b114090f574db2b5b83f7288078420c5dd7f516fe202f1f6,1,0.9927831132942269
0.9971757537482041,0.9970823056355648,0.0013661463889919072,0.0033273344736348687,0.0,0.017117202281951904,0.99989493580926,0.8260729312896729,0.0,a4a671a1259466a7e11fb389d1b9756ce34072f0d9d46529866c95e6d4d15300,1,0.9938501504834795
0.9973655506444304,0.9945800381554528,0.0042625166393571706,0.012982187787273558,0.0,0.0208091139793396,0.9997839261730027,0.9542050957679749,0.0,a4b5955000e7e1dfe40cb91a2f2be906f190206310cc9ba9b69486b8442b7c7e,1,0.9930479070048331
0.9963055932398579,0.9951000137314858,0.0016211870457296035,0.004151266549419241,0.0,0.018878763541182206,0.9993699361958063,0.38650453090667725,0.0,a4fdebaddd022f91370fb105ce95c0fbed245960fbe9aa432542b395cd47fb54,1,0.9944902157761182
0.9964965515020956,0.987288892578837,0.010765332117826846,0.03220809752900955,0.0,0.018349289894104004,0.9999041989168707,0.9523656368255615,0.0,a51469637b194c91d9f99b51ab76dad572a372e05d48ff87683427bf9a48d33a,1,0.9914465307259644
0.9943079701605655,0.9886034990645223,0.005892291093752869,0.018394334268551454,0.0,0.006071484704146479,0.9999075833975243,0.6291031837463379,0.0,a5190248c82e26af677a7adbfa71c7e82161a9be8f6777fa95e39c3fad5ae323,1,0.9929760253790831
0.9704491076960088,0.9545050273728004,0.03344795024479855,0.094868419481032,0.0,0.07223442124723078,0.9965872931596442,0.2697758376598358,0.0,a5247412422ae33afcf124769c91a4ec3cd926e9c34a33b1decedc7c0f6a51c1,1,0.9798591961239425
0.9908094036193524,0.9785115502203776,0.03154643498759901,0.08929991518134672,0.0,0.005971133708953857,0.9999880804734141,0.9722566604614258,0.0,a53cb84463f4fa105b568047fe83c70704e13d1195cc9e89d0f3c4ec937b2047,1,0.9856488721796399
0.9817840460932103,0.9477022371282559,0.035297602144021806,0.07933966590326569,0.0,0.1984613537788391,0.9726762634033609,0.9588524699211121,0.0,a542bb518234ae2c047b8f8ff4559f7bad482820fbdc2d5fccc1c8a8223d02c9,1,0.9693229003362639
0.9941173609172219,0.9670258308638094,0.046503335201476946,0.13820770059012988,0.0,0.3434765934944153,0.9105120850699041,0.9268317818641663,0.0,a547cf5de6bc36a422ccd2250d026a0e5df93472225c342b34a2b3340b6d7b3a,1,0.9696441058829631
0.9957192899360918,0.9867280674383864,0.012419954515406369,0.03672807725274019,0.0,0.01503688097000122,0.9999927751458275,0.9339002966880798,0.0,a56753f867e78f6ecc9c728988d43014d87f1631b54c864353e088cbac0eba4d,1,0.9911499936777401
0.9983213112971175,0.9360640520157323,0.21174167575704092,0.6125953106184184,0.14285714285714285,0.013484656810760498,0.9999969141556087,0.964910626411438,0.0,a56af415a9f0edf038b55ffb1cd9a114bc881a90c8f5f4c0a875927e69719357,0,0.0068844545821755585
0.950253686172967,0.9085388239405167,0.24868573322953505,0.7249080548084167,0.14285714285714285,0.9797637293365327,0.02230369029848267,0.40723568201065063,0.0,a584e9a217f8e0794eeb74552486303091a557596e705fd6f3deb465cd154c6d,0,0.00012320653743155211
0.997784841890943,0.9962096461915596,0.0016868662188488969,0.004028379152275052,0.0,0.026173114776611328,0.9993950246242832,0.963539183139801,0.0,a5870c1f425da605b77f7e50bbff0f96d0edd39b7194f8d0274e5b46f2a4e026,1,0.9934346913681379
0.985781185617665,0.9867795845751309,0.004155515550971791,0.006436806390346891,0.0,0.005969084571212591,0.9999198028144806,0.47721579670906067,0.0,a590e77a49b39ce4cf33a6017d25e19a3f896eb87a53b7345712f27169162ea7,1,0.9927102509940271
0.9828098423686171,0.9765197172510586,0.014138115794901,0.04082956567130538,0.0,0.5503194332085307,0.7268809601259684,0.4012700021266937,0.0,a5c2bfdfb86c2272e185aceed3f65c21602a60153d3d424b7685c1d349ec7119,1,0.9748325093239176
0.997229422202502,0.9942959962662163,0.0024990116960225957,0.006324942528671662,0.0,0.01589679718017578,0.9999723652186511,0.9517236351966858,0.0,a5c6e7ea7bfb187c3382a19c959c668f1f7cbe66a777655a6844e90dc5dd13ab,1,0.9932254121817667
0.9972695148216242,0.9789144032963912,0.03134607137708568,0.08981395512745949,0.0,0.014965832233428955,0.9999344384121086,0.8726497292518616,0.0,a5cb75c68ec3055d04b5ac8760452afcc032a6e7937c4d6e5856a944ecb59786,1,0.9869948992195565
0.9804374590336531,0.970015989495744,0.01296421950948141,0.03440934070661873,0.0,0.30804470181269145,0.9182576667297838,0.6744800209999084,0.0,a5d4c44d992d5940adec918a39b125de155363af0b1aadf75f92ccb9ef472d2c,1,0.9829359409730866
0.9999834463559397,0.9998968030422651,0.00022384062271627053,0.0006344118519949916,0.0,0.010050808079475504,0.9995596372393415,0.42105525732040405,0.9872832894325256,a5fc50a14ead33cd7f3248367c9fe530d203bc81c5818803de9b016b70ce37db,1,0.9972420537857336
0.9900839901946856,0.9879203959095981,0.006499359030642969,0.016472404422472775,0.0,0.023594677448272705,0.9996353609747509,0.9147797226905823,0.0,a6082008c1341347188828e7f9eac2ee0a31f0e2230370dbcfc86adf89ed47ae,1,0.9916252364392361
0.9942270769559042,0.9941124429079037,0.0026613328213458795,0.003227187483572774,0.0,0.5566258430480797,0.7097879299023985,0.597927451133728,0.0,a61b9fe3bc48baa70cfd01510500cbd8889416a3dc6346164b1129ced6e900a6,1,0.983154929396115
0.9997126745613839,0.9996211353432422,0.00022541972253270988,0.0004553543670339127,0.0,0.9851460456790245,0.007647298653967837,0.6635443568229675,0.9978205561637878,a62412046eb7e8218955aeebec89f2efb82c9d8cce3b0b561e81bb7f25c0e65b,1,0.9511897600833169
0.9986254841108865,0.9904657414220964,0.018068191036866448,0.05214058494331992,0.0,0.30243825912475003,0.9293348726411195,0.501462996006012,0.9904921650886536,a63b3fa6bf944079aa8e809f15447f43fd7ba0303593c81fc5653bcdf5455842,1,0.9938033204925237
0.9956688576786755,0.9949037808212237,0.0012199234244179447,0.0023814557554142635,0.0,0.12481153011322021,0.9909087412338481,0.6852415800094604,0.9891873002052307,a63bd0ddf7bc44af77dc56f19075ec6972f34f77e846f7373d63618207dd3f07,1,0.9962436436075073
0.9982604135628522,0.9973586392096081,0.0008783801705736111,0.0022309099667540133,0.0,0.0051340460777282715,0.9999999751196361,0.9609352350234985,0.0,a642c354f99a662dd71b080f6253aa77443ccbe7e6b91e826632d97eae5dfbcc,1,0.9937560265390201
0.993897969303428,0.9854846694934736,0.009477521654048667,0.025878640790070295,0.0,0.1485670804977417,0.9834212010401313,0.9230198860168457,0.0,a64bd68e7baa570e1a05659344a92b55cc81b35ceda4db5ce4189dfd8485a1a4,1,0.9901231339090819
0.9958500595111656,0.9928424158561988,0.0033963544053435403,0.008573579397766817,0.0,0.022044003009796143,0.9997161530639251,0.951477587223053,0.0,a655493a9847b33463952ef7040a426c0b527705964e197e8893d420cc5c3442,1,0.9928642359897003
0.9954881115385031,0.9915041543322571,0.004072509752752845,0.012161537378578391,0.0,0.07209831476211548,0.9960752534923415,0.6102940440177917,0.9951167702674866,a657216c1116ebbad35fb4778b81ba516cc47de0c6cf7bffd7aefb325e35d954,1,0.9961884881110058
0.9648327493888849,0.8309054139752268,0.3532236125277031,0.8744138019861658,0.5714285714285714,0.11583608388900757,0.9778235535502249,0.5584288835525513,0.0,a6650856302c43d44c7e3ef86ee7aa9e2dd9ca73d07552d6a4d3ef485cd451cd,0,3.5255070607430917e-12
0.9965466822234222,0.995580761305078,0.0008600643066985111,0.002197566211511681,0.0,0.019843101501464844,0.999775099344173,0.6406116485595703,0.9347909688949585,a6662d4ffe0e0e4d27561402a5b4876f7bb9eebbf14ed05c829d10687669fef4,1,0.9965940333087675
0.9940573024934872,0.985416761678645,0.007737725321545728,0.020846896313862717,0.0,0.4765130877494812,0.8121602517128328,0.9192509651184082,0.0,a67204656ebedb0a7cd11d37d0591cf7f5645085fc6b14084df66ec7340c02e8,1,0.9827429717976137
0.9958535137464026,0.9909525993751233,0.005156590290387459,0.01357429398867906,0.0,0.19486880302429102,0.9713717634985333,0.5743939280509949,0.0,a674558fc8c8ce61ae6fade76fe55bae77841b4a86cdecbb7e8969e2de28b858,1,0.9920943557779007
0.9866376348521684,0.9856739150848158,0.004441524805477759,0.007985363189477068,0.0,0.20585429668426514,0.9725987053102424,0.9320618510246277,0.0,a67787a3273a88fe61d862c369615256e1beeba55a920ca860d1ceb2907fec18,1,0.9895875589817444
0.9980657422904887,0.9891272828711241,0.01645556819509604,0.04859536795022379,0.0,0.012896835803985596,0.9999944708263518,0.9486694931983948,0.0,a67d10b90d87bef3a0b1539be128071b2d340a0bdd330c1d040f18c8332070d1,1,0.9909874333001298
0.9845763308153368,0.9460254648148919,0.05953896334867998,0.139451402503028,0.0,0.21559858322143555,0.9691447392174567,0.889031708240509,0.0,a68001aba7a6d98f0b706674308dd45d66b1a8a8ecde425a3369d31b36192008,1,0.9539375156045377
0.9872097440796621,0.9897110973222155,0.003697158610479703,0.007390414460105157,0.0,0.1548116356122758,0.9837105935754055,0.5197198987007141,0.0,a69d2e2bd6fcfdf6757583151c3c7077aee8ad33fca1dfc46209536d9a8705a5,1,0.9920607605195366
0.9859056481382935,0.943822769340577,0.27796662374566367,0.7980568102840493,0.14285714285714285,0.056966304779052734,0.9967635119773122,0.7693156599998474,0.0,a6ae4b1b7dcb3cfb1965430b146c689627729838cfc1e52b494f7b8ef28c3e73,0,0.002258412173235522
0.9999993960413749,0.9999994780225243,3.3559372933558337e-07,5.9367620588547e-07,0.0,0.8608334064483643,0.09277694144555763,0.5153028964996338,0.9749497175216675,a6b82e1bb60e93aa4b549e708b9f9d2e33b6e75d4edc171d5892a5457e1720f7,1,0.9640765177605691
0.9869103972713993,0.9817116815972918,0.014135330613517306,0.036998596541416434,0.0,0.8190880417775125,0.2246867810209291,0.28683122992515564,0.0,a6bdcd732555c86145fa9224b02fe9be2dae68d5ed69a6b2ca8e7f977c168cce,1,0.9246825569803704
0.9992845656959483,0.9995830908869312,0.00024870835476166725,0.0006623874698004857,0.0,0.14279948141324467,0.9901420858039267,0.4928390681743622,0.9905689358711243,a6c8c60455f419e2d85cf705158c78b2dfeb2737702b274f44b916eda88dafa2,1,0.9968175821330885
0.9964117585190475,0.9953313104060992,0.0016955309099527494,0.004320390514987822,0.0,0.008796832524230564,0.9998282127551941,0.667022705078125,0.0,a6de2b1e62b0baf53e60cee2bde1cfcbe1b1f6c377bc1b6e77def28fa9d176a9,1,0.9939992944345192
0.9963813451648361,0.9906466335460682,0.008308096716357015,0.023884339475974237,0.0,0.07392692565917969,0.9956811115220758,0.9163729548454285,0.0,a6fcece92e5f40a733d891e86f6ee607c19b511731b66a2eef6851fc0c4de054,1,0.9918359894524204
0.9871003660909027,0.9863365145540873,0.0031727034229311747,0.005431827979621273,0.0,0.23723936080932617,0.970575549306232,0.6079201698303223,0.9634802937507629,a729ab0b9a4b7d49cc24aaf3c4bf9e004a6bd82c0320c776f280202660eb5d24,1,0.9947370677369356
0.9967084285689238,0.9838468956983885,0.020708949987773662,0.062060310447362155,0.0,0.00852280855178833,0.9999998532975253,0.9057072401046753,0.0,a7467283eb94f26478239e28778208e910c045621bcfc022cb854a89dbd9339c,1,0.9897214070239455
0.9999992513240302,0.9999984592112037,2.604981601951947e-06,7.131032725096404e-06,0.0,0.9471312761306763,0.024736390630059276,0.6167021989822388,0.9714416861534119,a756afb4b8535e7b6b385ab281414ab00ce60c3a0eda86ab53bbd33aadf9db58,1,0.9545769960621896
0.987022653102809,0.973299151180347,0.017606144637266685,0.05517907055321946,0.0,0.1161392996701997,0.9916994479640482,0.6010292768478394,0.0,a75990d6a0dd7386fcfc1f96243e5b6237e09e7741d292f2597fe97afdbeb798,1,0.9880029333581621
0.9973393535209314,0.996805727979663,0.0009366003785790459,0.0020776331351318733,0.0,0.04103553295135498,0.9980415797297143,0.7256234288215637,0.9823718070983887,a75d8c8210998e14a301749aee95228367eaea5c8b416a5e51a97e0ed5dc94b4,1,0.9966006900746985
0.9966624528634994,0.9926668411144542,0.004389534909584397,0.011691538428135528,0.0,0.01085752248764038,0.9999953684293806,0.9086526036262512,0.0,a766673c970d44b57337128a730adae24be92a43f50b6c2e0250dbe81aea6292,1,0.9929482440420085
0.9962805280474254,0.9952695556088679,0.002290813349358818,0.005418859922764585,0.0,0.16400647163391113,0.9862409805557197,0.7073488831520081,0.962441623210907,a77ca75a7b554b493f9833d3e1c925bef8d2f2b629a1270c7ee0e79905c6e632,1,0.9959820824587045
0.9851434903834364,0.9787011065166628,0.006812888042026748,0.015034344460817417,0.0,0.03117358684539795,0.9991159837859803,0.6377289891242981,0.948675811290741,a794cc8f01d1384dc932d48000de7a5ac7df4643818bc09825ac244f62560161,1,0.994744434008203
0.9971637163285381,0.9921634404380493,0.006526789139914601,0.018526138893725674,0.0,0.007228076457977295,0.9999978786121391,0.9801701903343201,0.0,a7a6bdbc100e5bba51ee12aa9808ccdc4170d39a15a0de4b1bf741d7661c3f8a,1,0.992525798440416
0.9648598966248191,0.9640634237742541,0.02013177500706157,0.03806276956786908,0.0,0.23444623686373234,0.9473288057525061,0.7260735034942627,0.9751999378204346,a7a875671228ca8a3dd358d9dacdcb330aa367a3ac66ad7d04ba69a2c6cc16a3,1,0.9871181986790445
0.9934462694235552,0.9872108432672556,0.0068287920222144,0.019771493067147764,0.0,0.05235695466333449,0.9979346457701072,0.5612275004386902,0.0,a7b02f62bbfb7a4eaee46db213b3f4437fbdce164429866faa5bc543df384b30,1,0.9925675708113493
0.9725064304460825,0.9154517304594131,0.11386667936472741,0.32409267272424525,0.0,0.24786502122879028,0.9608815494383164,0.921147882938385,0.0,a7b0907f00498bf54bac6e7420085703eb76abe2ac77b4ae0307927e60f4140c,1,0.8337118607001651
0.9725243024358403,0.9794720371607167,0.011760408055016094,0.02315095365411153,0.0,0.46680223846075397,0.7951417174515847,0.6013036370277405,0.0,a7b31fbdcec70f35c173f6ad57ec3f9d7cb9122db0a3f0a647c98a306a8bf8e9,1,0.9770734594404891
0.9252242258592941,0.9164303189754684,0.3595980856913889,0.8888439334063641,0.2857142857142857,0.5789706508749077,0.6456487635245776,0.31326359510421753,0.0,a7d853422b03aa36a4c9cda609a069d98abb9f37ac5dd937088ae9a0daab9d93,0,2.1388394701760746e-07
0.9937214002142116,0.9094172955223542,0.3210326552229709,0.9461192897494582,0.14285714285714285,0.09526664018630981,0.9938524409634852,0.9611147046089172,0.0,a7ee157fbbe8caded69197153b1ee9b2ffaf5815dac0190b4f4f5095f57bcacd,0,0.0007191203329257813
0.9999999702676782,0.9999999245130742,6.816631196397403e-08,1.7135693620522618e-07,0.0,0.9078938961029053,0.05451852450650762,0.5736279487609863,0.9389703273773193,a7f1abba79b1b14694e6fd21217fd8ce05bbf69531d24af742113b9a9415a4cd,1,0.9582304319393915
0.9884451911048082,0.9888759811507563,0.0029306896327552967,0.0052506999915772345,0.0,0.029462873935699463,0.9993316733452661,0.6067081093788147,0.9842612743377686,a80b894eccf9c4b24fcb26ab339ed3bb3ccd0c0002798c669e91af94ac106021,1,0.9959608951730278
0.933510539201038,0.9588456113072855,0.025786672199107675,0.056256559620818304,0.0,0.04380915977526456,0.9983047292938169,0.3673686683177948,0.0,a80bf5bc4d3dffe4affb8e936aad3fa78ef57a740f92cc4825303ec340e3b118,1,0.9752985398876399
0.9874538878487015,0.9828651617613426,0.006465649765815953,0.014715988558653251,0.0,0.020027810348328345,0.9992821015643967,0.35526517033576965,0.0,a81a4fd9ad1532c5b70857f0d2b18606f71f033650c06d64d94ff6ffd6243ada,1,0.9924195753859337
0.6364185169810691,0.7896493012430329,0.2460542397212205,0.3370178320378161,0.2857142857142857,0.12908029556274414,0.9028049030648242,0.576696515083313,0.0,a81e6be7a91e198f131cdb186cc5d4266a73e355ee7beaa0d8c1cf062f2c479f,0,2.498158500571312e-08
0.9946702183506617,0.9929606134340926,0.003250165649191726,0.006888638844344541,0.0,0.10025030374526978,0.9932786937151106,0.5977935791015625,0.9859582185745239,a821ddd3e29041e3e3cfc5253d20095842e68ffa0115154547606caad29d547b,1,0.9961602910787812
0.7278852341322017,0.8822533031320478,0.21418763141805636,0.35984883715180493,0.14285714285714285,0.04299524426460266,0.914985364121435,0.5318517684936523,0.0,a83f2237600613030a382a56073ee056fb8f5194cd9c68272fa8b8f031c1a5cd,0,0.0001391262462841041
0.9944927477906855,0.9915912546122442,0.0037124559869550805,0.010220308194863102,0.0,0.04944565147135473,0.9980958582700612,0.5240582227706909,0.0,a8637e6927b0e4cf2bc047c3eab8f315b87b24862902e53fbcd078cc58721f08,1,0.9934874084950609
0.9928743416190252,0.9932055613489623,0.001663798069117438,0.0024698454321682066,0.0,0.020086618129233236,0.9993776519753113,0.5223783254623413,0.0,a87a8b0fe1279a680765f1e2a123178ed6ae5b24c31e1a26dbcf0e875c733afc,1,0.9938604654700054
0.9999995798609553,0.999999668807851,2.6163960581537975e-07,4.870278071238293e-07,0.0,0.3712051510810852,0.8666481425245189,0.5695078372955322,0.9847272634506226,a87e85f3baba9e1fcd33c6b1b8d4d9d56e3622569731da7dfb579e330d73e69a,1,0.9950758620249959
0.9405011243690736,0.7951122146489009,0.1778997711525628,0.44194021409617956,0.14285714285714285,0.9928134669689257,0.020742009665151353,0.26572608947753906,0.0,a899d180b2dbe6a066a5ad0f14df273586690551ee145665ee528d7c4fa15c7e,0,7.517948459556408e-05
0.990861831162785,0.9893724764475603,0.004430984479667957,0.009637719075614948,0.0,0.007260560989379883,0.9999987778673299,0.8936817646026611,0.0,a8a26b052def6464a971c19e29dd0c6d3356eab6773255a674d3126ddeca9657,1,0.9922503172511011
0.9915688497330666,0.9909775068663867,0.001987338880965336,0.003243263294424925,0.0,0.13433873653411865,0.9887307370633199,0.6639679074287415,0.9639172554016113,a8ad173dea9b9eac16f86dfd3998c206370bd316b28b510f1b129af7122f39d9,1,0.9957499368002435
0.9997840077148903,0.9998091186877259,9.104220222988143e-05,0.00014446368743868904,0.0,0.0843896940349268,0.9952564952938758,0.3952592611312866,0.9853964447975159,a8aeaaddeeba5fe148b6fe357f8a9a8399ebbbb63b3ebdb693cdd85d46d43b65,1,0.99709364589687
0.9967071056590318,0.9961392069879836,0.000951370257302548,0.0024409747867211173,0.0,0.031181812286376953,0.9992615310897779,0.7594128251075745,0.9841322302818298,a8b6f92293801872952236ab28a16b6c577cd889fbd25d4a7d85d965590edc6f,1,0.9965481664174328
0.9999997058593114,0.9999989101448387,1.8514782228306094e-06,5.295412108000923e-06,0.0,0.10903669148683548,0.9885102786353728,0.5198113322257996,0.97877436876297,a8cd22b3fc23ede95425808862c20449671cce95c1edff58de2815dfc97ca985,1,0.9968781612654727
0.9909838549132051,0.9885553502300761,0.003727518683112634,0.010680528258564359,0.0,0.03993391990661621,0.998959018067982,0.6587775945663452,0.9252972602844238,a91be29735dd3a3891f01b81a25debc45a7eee540edfdf1ce04d7022bd32a4c6,1,0.9957666013719048
0.9963503013028435,0.9807148193029119,0.020601612642603948,0.05816787235113049,0.0,0.005480087823773029,0.9999106734803269,0.59982830286026,0.0,a922c159814164a39cd2a131ca1af7f91cb79f561e70c44982e64c182ae3a059,1,0.9902850067086475
0.9953637729898126,0.9848840949110215,0.023756294119726545,0.06862943368591545,0.0,0.013847649097442627,0.999984811019328,0.7247254252433777,0.9907780289649963,a92cf6fca5928f44c1df33d310e9ef57509423e2e4869a75bbf88f13b63c5cd7,1,0.9942405187038986
0.996212635249102,0.9936118201326067,0.0021208107215086986,0.0052761625899451214,0.0,0.05919802188873291,0.9967566924439404,0.9547865986824036,0.0,a931aa2c21e3155ae4dfa56a71859a3a9a033f167ee24c30b3d75f7ee79dfbc9,1,0.9928870463219212
0.9837252958061038,0.9817816828632019,0.0068597317679487775,0.017733554767051764,0.0,0.7566609978646577,0.34765698243648013,0.6048492193222046,0.0,a946b86768ad69e3468456ef909af2b1e29cfd528ccade2a25c974440d3dcea3,1,0.9431606885256131
0.9901172247764054,0.9880646252858573,0.00331965000937269,0.0066232824827800844,0.0,0.04804309079319223,0.9982776121461973,0.5816108584403992,0.0,a94d81c094b7d212c5e7b070cd790919fc95227214aa97c6f21e124e8356906e,1,0.9927795149687065
0.989549524719487,0.986164562978657,0.007786123362464876,0.02130510760453308,0.0,0.05582118034362793,0.9965206058085951,0.51192706823349,0.984544038772583,a983b99f8ea7ef67aff320f5e0cc2dfc6fe60162cc6209ccacadd18c67944af1,1,0.9955665931007609
0.9855247300153589,0.9592833468844973,0.03422590810597805,0.10621417463947747,0.0,0.9271588549017906,0.03401499317550699,0.7504953145980835,0.0,a98a3104bb0cd9fd61cc64ec723e79b015be488caf234ed4d36271fbe030fa94,1,0.7752321851201536
0.9960016179478477,0.9844231188688336,0.010905964202854128,0.0267841414369695,0.0,0.10235273838043213,0.9925998340718375,0.9430221319198608,0.0,a98ba6e3dcee7fa33de69cc0ccda77e4cf9a2c77a20434d217391bb02451d451,1,0.9903094700856774
0.9969524896824477,0.9907509982487314,0.007269388615622238,0.02012325403142634,0.0,0.15748178958892822,0.9856310728951658,0.9186304211616516,0.0,a98c4c383fd052223a499fbc1d735650f715fa2269f0d07ee96566c28a14351f,1,0.9913675393691024
0.9545558257736193,0.8459694860425897,0.27908671120496675,0.7416738506046331,0.2857142857142857,0.008800038456683978,0.9997747040842623,0.33638280630111694,0.0,a991e0fda8dcdfd102ee37e5aaf9f43cf1ab0061f16f88ac3f20d848b34ecdd7,0,1.6922813966847825e-06
0.9800009002515627,0.9591576615913049,0.0246639095115947,0.06709157397409071,0.0,0.5790440738201141,0.700649103377826,0.9483434557914734,0.0,a997a1bef855db2150cde85ea506a4e30d4fa73acb97163a01e2043cd57cf077,1,0.9504578503773751
0.9966651981297847,0.9810525175429883,0.01913805168214323,0.050019090318406345,0.0,0.013386845588684082,0.9999679115497299,0.9309316873550415,0.0,a9eb4283fd0c3e3f369ef87cdbf7b1790eae6a479cad2764302da5bd353f02d2,1,0.9893247805804338
0.9998864505390795,0.9998415623480383,0.00018365081006047184,0.0004893850974750447,0.0,0.14666517078873412,0.982986947157227,0.5864117741584778,0.9921355843544006,a9ec773e40805f7df831dbb377001fc62d52505545f98ffa2e613b5c6b009938,1,0.9966901625888249
0.9899250676361302,0.9857933936400267,0.005802975739765307,0.014467233371167287,0.0,0.2970167398452759,0.931636776150184,0.673932671546936,0.9878194332122803,a9f40bb12cef25388b8b2e3de9c71835403e539703bb70fb1772ae011b503c27,1,0.9938542984670793
0.9959894356622497,0.9947744330669747,0.0014335017939416828,0.004259392326960265,0.0,0.016283035278320312,0.9998889904814713,0.7582494616508484,0.9598650932312012,a9f45761d764aa608fef75237460d7fce5a2d2b8e9fa01d7ba295958cc93400c,1,0.9964289180352505
0.995361701307408,0.9943698422141569,0.0016996718331478895,0.004175077773682534,0.0,0.015611052513122559,0.9999671041877154,0.7054634690284729,0.9946659803390503,a9f469fb74d6899013bc76fc6da0bff74a8faf27609fdc74d14caadf8050a2b5,1,0.9965050879078367
0.9984454943254645,0.9964958185809591,0.0031410083666726925,0.0092474413331054,0.0,0.014493465423583984,0.9999943767792686,0.960747480392456,0.0,a9f790965f30f5b02901038ff68f275e5140fcf7734874bf19ac63224b906f22,1,0.9934192818181041
0.9998509775199566,0.9999178469201452,4.143330942730235e-05,0.0001221469747789214,0.0,0.009947839193031488,0.9998317464020952,0.32418093085289,0.9951468706130981,a9f9b5f1e2a525e2a5faada514fd31b649ab231cae12ed756c58124d0991fa0a,1,0.9973516482464146
0.9782751301216579,0.9902056464051258,0.005984273781929569,0.018714405187102986,0.0,0.06278836781412167,0.9972218121397907,0.48683393001556396,0.0,aa0e94374a9fb952647e636f2b01bab7829de2e614da407242f38de5d45888d8,1,0.9920333772695469
0.9828227476530814,0.9359561889396353,0.2691879259763646,0.7909373235661064,0.14285714285714285,0.9596758633852005,0.016914803452759523,0.7056558132171631,0.0,aa19644f985557a919af718c98bc4c683502e52740fbce0282758d7db67c6b8f,0,0.00015476542698389747
0.9999186176422009,0.9999354656890116,4.780717546574249e-05,8.71467352450583e-05,0.0,0.27584546804428095,0.9025783258256103,0.40840643644332886,0.9463706016540527,aa2440b24d7af10709a1b9bcec84258b28e22245eae91c8fea3779099675ab8d,1,0.99585610107112
0.5984576379594506,0.7554968361548066,0.2497484804991722,0.5071459246648802,0.5714285714285714,0.6981616616249084,0.8213327190847297,0.5793318152427673,0.0,aa40a29b9c85951e379ece7bf0d2140c77fabd6a72ea997203591052756c6063,0,9.974464455129784e-14
0.9880457497593529,0.9903997701332357,0.002302399436754489,0.006016262170946965,0.0,0.012763717411437447,0.9996415426602031,0.5202297568321228,0.0,aa49395b726bcafc2c4c02ea85cfab9370a33857f4b1dd607e4ffb77d838573a,1,0.9933353436137523
0.9948092246733992,0.9929716778432923,0.0017838400178678197,0.00438867086778838,0.0,0.017706692218780518,0.999866528824099,0.8099044561386108,0.0,aa4dcfe714a58945e851af413647f9d729b3d5017bbc16db515221788f481efc,1,0.993356627240256
0.9999850721705738,0.999988223124334,5.670886350552074e-06,1.2002194023867361e-05,0.0,0.18716084957122803,0.9678246448469352,0.3895489275455475,0.9844768047332764,aa6339f1a9e9c874a88e11de18adabfc45dcd72e227173e075adaea59218a914,1,0.9967178935940458
0.9837562032385067,0.9804266972189939,0.016629250748688814,0.0426476411940096,0.0,0.008241934761116454,0.9997177858681771,0.5007888078689575,0.0,aa6aad7eb272b131031edc0a8642074ff77883cad8d31b4fe10aabdda5b133e2,1,0.989969867983021
0.994041763086102,0.9896231117275113,0.005786473550834535,0.017625538996717705,0.0,0.02928537130355835,0.9991646487786331,0.8779596090316772,0.0,aa7ef14863f4596be2f50e94aa5745359f1797a5af2fc5eaec2b10eaf5937795,1,0.9923109849304694
0.990899582178155,0.9808845317868619,0.014001918351191385,0.042256592816747277,0.0,0.6273037195204354,0.5817785275244864,0.6982071399688721,0.0,aa87ffe339608f69b9ebcfce1d6bd80035849b70b41dd5b97f1117967eb03bf2,1,0.9651984953747476
0.9711902214053346,0.9639689891905726,0.021850386775864712,0.037018967391424844,0.0,0.2154907894503637,0.957588643157928,0.2643698453903198,0.0,aaba1f40920c941892af70da89e64d76fb95f1af751bc4d8d5e19ea98e7916bb,1,0.9816040270566415
0.9888978223526185,0.9715532418811389,0.019700404743711097,0.059920428727734204,0.0,0.8545289039611684,0.1478821420278159,0.49888551235198975,0.0,aaebf963fe591df42f76dea9944a5600d24c190c2020ea9e8c9310ad3b05cc33,1,0.8859875510735323
0.9967514602102493,0.9510434305429191,0.06791745501328184,0.18282040406717892,0.0,0.0064778923988342285,0.9999880293557358,0.9603009223937988,0.0,ab0bdf5cfbb9bfcba68855de5c41c3b2d4083bdd9212a279591dc076e5206e75,1,0.9642132690253026
0.9999889197193556,0.9999933485182616,4.175948127008728e-06,1.0209444285175115e-05,0.0,0.10123924911021913,0.9937151885090454,0.6187909245491028,0.990433394908905,ab1975f6515e558d6bfb6de7a1019b151b593b0f91e80faf63eaabf65e8cb783,1,0.9968448281314439
0.9999974199710346,0.9999963769250468,1.947494172895677e-06,4.868467391308318e-06,0.0,0.798460841178894,0.19415291559802988,0.5150589942932129,0.9576373100280762,ab1f396791ecf13b5429d14518c84dcea23e03a81f25846f9f78d16c00c7186b,1,0.9719303516706184
0.9887396267264235,0.9764484568152666,0.0131769883710781,0.03807850434474336,0.0,0.018448829650878906,0.9995243838938827,0.4892674684524536,0.9820767045021057,ab22aa8e12cdb02cf2a60095d83b76734e51ff92d398b38ab1884c10a8d76d3f,1,0.994677030107073
0.7223362811918975,0.820107060026244,0.24015998840077932,0.4809679541000953,0.14285714285714285,0.069541335105896,0.9331554815483746,0.8208582997322083,0.0,ab366d6a7ee341d91ae27b86209203be63c06cc407d0db903ddcd3c1ef991776,0,3.903209882502547e-05
0.999950947693131,0.9999042974964174,7.813815454276197e-05,0.0002250346942476434,0.0,0.012724684551358216,0.9997712102466471,0.35956764221191406,0.9930049777030945,ab44f03d7ec674dac7a4ed7560d99001cc95701e3cea1a5e7debf2849678aa1e,1,0.9973110523425994
0.9944585017849047,0.9294527263788984,0.2786073417017308,0.816807272976827,0.14285714285714285,0.01392894983291626,0.9999743266861137,0.9553694128990173,0.0,ab450a96a9b6cdfa676cbeb32e80689a3e3c9f70268615fb7f8c44443aced296,0,0.0020297035225597913
0.9967706419849091,0.9923130590771352,0.003698825144197192,0.009003631132691758,0.0,0.02312648296356201,0.9997431172982765,0.9828934073448181,0.0,ab4f9f100402838a259889d0d44a97ead4747c117d711f843eeb8653a64cc7c3,1,0.992752156268324
0.9980663933054192,0.9954059655823538,0.0024270356746260682,0.006829013468825806,0.0,0.007181406021118164,0.9999940231733426,0.9759408831596375,0.0,ab6984dc3211b3b1ece4f7594eda6486491577a118e52c242a98fef227a409d0,1,0.9933756280743499
0.9919346481531208,0.9453793490437791,0.24979949502484985,0.7235966328961472,0.14285714285714285,0.004253983497619629,0.9997095698173357,0.9768272042274475,0.0,ab7a49c9b9c225267ebe88719665d861ff82e7f7a3e693f62f75189231bb11a3,0,0.003866166043060909
0.9806481808427245,0.9616019951875664,0.033779566901159096,0.09373181691695652,0.0,0.5031211972169717,0.7805496698736758,0.34700876474380493,0.0,ab7b4cbe92941de7a9cd699bd4e47669e3573eac06d692b26a40e17013f0f9cd,1,0.963431259288889
0.999992353938354,0.9999821840970079,1.541942458409287e-05,3.422941924358818e-05,0.0,0.22636400163173676,0.9416295490294119,0.5237891674041748,0.9861218333244324,abaf89f266bce4a654129f14ec50018704060301d86075060732d09b1720b605,1,0.9962668330483314
0.971482852893308,0.966655182459103,0.04316192779331089,0.10793061259540149,0.0,0.45105284452438354,0.8046901855307165,0.8507681488990784,0.0,abbe20a16647a41fa856e5815be76b30e104defba7b52d5ce56901c560e8b3aa,1,0.9515969277966917
0.9999878852687177,0.9999614373629525,5.739685982570889e-05,0.00016302701092210802,0.0,0.024284830316901092,0.9985304400762774,0.5078616142272949,0.9952959418296814,abc2234b256d81531951bf5d33f3ef39969f544858ad28ef50be7ddd2200223d,1,0.9971492797373412
0.99730644527406,0.9533754431656846,0.38130807405532474,0.8816339515037607,0.2857142857142857,0.011822044849395752,0.9999957502500543,0.9664403796195984,0.0,abc6188d2008f527a15f63f28ecd2e2dc439dcc0db803696f6dbcd81070b3efc,0,1.0307396530470977e-06
0.9999436418046608,0.9999356364120038,5.676727928048266e-05,0.00012928238293827922,0.0,0.11916982382535621,0.9904700829142579,0.6172103881835938,0.996076762676239,abc88949a46538bc4bd8569d7ef91ac62bbe4818fe487eae12939afcdf68c00f,1,0.9967894773635646
0.99997600253156,0.9999421464170399,8.113193743558073e-05,0.00022848863864285182,0.0,0.0037526210503091295,0.9999683582041139,0.5174348950386047,0.9967322945594788,abce24c4559872802759610e69ddef0b1f7487ed9454f02130dda852312eeef2,1,0.9971880110975728
0.9976232476595936,0.9968080075819944,0.0007155373159350921,0.0019377653804786288,0.0,0.013467013835906982,0.9999984513985741,0.9509372115135193,0.0,abe2f1972c525292a7e5b5a992f9241c648b90a771c1cb2a57b286f9acaabbe9,1,0.9936802910780287
0.9848837274854447,0.9842872918222251,0.004906535071973431,0.008137729746387752,0.0,0.505142390727695,0.7661655309739016,0.6011061668395996,0.0,abe5c8e6ceaeded41ed379b88dadf59b62c10538c20e19a49097a3dd8b621bc5,1,0.9814375383284518
0.9484449948280486,0.9466731806876384,0.44546105620290943,0.9361037102437477,0.5714285714285714,0.7085444629192352,0.4695833538108468,0.9883484840393066,0.0,abeabd6dcabb8334c806da46abb42afbdfc4081cc40769cc38e98e53048981d4,0,3.431804479413053e-13
0.9998688657155436,0.9999099747541121,4.0373782236607704e-05,8.832442084779992e-05,0.0,0.7278366684913539,0.237541513459388,0.538588285446167,0.9730331897735596,abf5f3682a15330ddee765817b4b9b16b2c13cae8f1e0f192caf13b04321c0eb,1,0.9755261162818897
0.9965201584017535,0.9944447839904759,0.0024286594272775745,0.005990882639743822,0.0,0.007787323091175444,0.9998371181603801,0.5213739275932312,0.0,ac04a35d8e37d32aff74207366caba3f945fde86aa98213520e3fd757ff37049,1,0.9941573710361697
0.995753268397344,0.9925669334077792,0.004728324946502698,0.012164667942544005,0.0,0.018987059593200684,0.9999113973168193,0.9842655658721924,0.0,ac0cf4b75017fae954099309772e74ff453f1151c41b645c0b82eac9a87f692a,1,0.9926021134135992
0.9875222399126833,0.9735470655774401,0.01667856354488253,0.04657037933710091,0.0,0.004630585688797595,0.9999440362992946,0.5444933176040649,0.0,ac1acc7fa57339a459ee49bf9532fdc4301838b87f51b476dd4034e229b117e8,1,0.9893765200614132
0.9999891381919841,0.999976623259743,1.946371210562551e-05,5.0691499563056246e-05,0.0,0.02570899389684199,0.9991351804179084,0.41653576493263245,0.9963454008102417,ac22edea7e9524cf21bd1b58b1baf902727ee70641a1e0f987dcc97d74c486a4,1,0.997242027521298
0.9975671604450105,0.9964578767986046,0.0019196663478338932,0.005380499268582084,0.0,0.02539527416229248,0.9994424027227972,0.698035717010498,0.9697586894035339,ac23ae85c077ba5ff435fcab878b232308f4d8cf304d7a62f6ad7566c0d71dd6,1,0.9965927672902024
0.9966924245244941,0.9804793462562637,0.026757908655139096,0.0801679834241581,0.0,0.011456966400146484,0.9999970116215442,0.983283281326294,0.0,ac2cd9d8579b79b3f296fc0deac4f387c385dff29b9f53cb48061dae63c2fae8,1,0.987801148234249
0.6617514958004229,0.685715252605222,0.17720120991160102,0.2689599390244389,0.2857142857142857,0.2501979395747185,0.9736686355946991,0.8836204409599304,0.0,ac3456a39125d62216cee0a5d04825f9d1c01848b3988414b5fd361fcd666d2f,0,3.4255294895245585e-08
0.9925536958993874,0.9928439301889825,0.0009528340299172736,0.0016585053918100057,0.0,0.024671435356140137,0.9996028846150746,0.5707470178604126,0.9868048429489136,ac4578292dff54ca9d8d2606a5429327df851be58e0e38f42a9153fd97a9e685,1,0.9965065783358187
0.9943583794347632,0.9927938044115668,0.002226017877327078,0.005451968324771683,0.0,0.03363126516342163,0.9991399215822688,0.6090158224105835,0.9691947102546692,ac4915a0e9cb70f9bd1cabcde0463d25f19ef154a8c7cbc9b46e30e67eb65a93,1,0.9963810671417659
0.995541192667759,0.993638078126199,0.0034853632460503806,0.01027537059787842,0.0,0.025370359420776367,0.999494773433296,0.6583636403083801,0.9802003502845764,ac49b2687aa10e62f0c57a65270f92f723a6673bd0d4fb0489dfb2b850bebb3a,1,0.9963780491269565
0.9923003646465937,0.9864092291131784,0.010869800347428368,0.030847267940824707,0.0,0.011625289916992188,0.9999709487480596,0.9806972742080688,0.0,ac6504b17b9c83cc2f1565847e7f38b01eff30d22633278a5d63fcca513574d2,1,0.990910304586613
0.9999921087872118,0.9999886658243237,1.4818340698970427e-05,3.9252629638500405e-05,0.0,0.7238920927047728,0.31453785979845267,0.5722851157188416,0.973332405090332,ac790cb2e91de8081be9f84f31a13f251b5a574d0d72fbedb361e6ca985dec04,1,0.9791387975895968
0.5483025827673341,0.7359009087007499,0.2239042958399127,0.5242636285679674,0.5714285714285714,0.6153677701950073,0.023313112631750486,0.5719639658927917,0.9984986186027527,ac7cc45c06085d62e8daf0049dcd053d922893ed3080545bcc540adce9f1c881,0,3.000247629457554e-14
0.9917593252908685,0.9012731215695046,0.19862093154138943,0.5927541689831839,0.14285714285714285,0.011176347732543945,0.9999977706703503,0.9856152534484863,0.0,ac87f3fccd374fb66b929280be9ba24fd004201dd1f06eca603d037ca13437f3,0,0.005340926847339219
0.9963988725974353,0.9888878680988377,0.0066072407272157125,0.01991823416232008,0.0,0.08486044406889384,0.9956249576885735,0.6418495774269104,0.0,ac9385416142542d1836c266dc7b663414aff7bd21a643073b4c8e2d73cc8fa3,1,0.9925705470600793
0.9892637668882079,0.9851840665164618,0.0035323414912721445,0.008564280786760636,0.0,0.10013711452484131,0.9924861955888656,0.5897127389907837,0.9653787612915039,ac9d1eec6a3c0db6bf9dddaa77b62c014fd8c3e225abe4be0662543a7fef864d,1,0.995473471211954
0.9469648354091691,0.913945966519891,0.25751865081980113,0.747989227619587,0.14285714285714285,0.031826019287109375,0.9965467618599473,0.5293787717819214,0.9894285798072815,acacec7e63247fc1cd4454fce5d2cfb52897b46ac819cb6c2a808dde3f17188a,0,0.003021232240355323
0.9977710682676093,0.9952030604490066,0.0024172790698028966,0.0070454541411057335,0.0,0.004574977792797427,0.9999324763989744,0.46760231256484985,0.0,acb040e342974ecdd56acaf789d7797b0626e9702c15949a557b30903edf3fba,1,0.9944127641987811
0.9963442725554905,0.9938587550974342,0.002603834423871221,0.007531393312366384,0.0,0.047248981893061634,0.9982646686808748,0.628434956073761,0.0,acb14ba32b123dfd7358d9674e7e9d72aed3742ea882aaf37a813bba6345a46d,1,0.9936952600910561
0.9947177203928744,0.9911910190682833,0.004490999193406832,0.012876153708268445,0.0,0.009903550148010254,0.9999940182272898,0.9437249898910522,0.0,acec62b8d6982db2aa16df9ecca387c46bc53c46fe128c2b09403d3d46dcc2a0,1,0.9926000040410974
0.9946848960515982,0.994304284789504,0.001250745289871853,0.00255196059689591,0.0,0.004632942843950093,0.9999328469585985,0.5288589596748352,0.0,ad45bd807f498efecde92777a912e96b6e1b60366231be0e6e6eb72e82522085,1,0.9941603268669786
0.9975270729848327,0.9946314029105913,0.005375204540929783,0.015970553424077716,0.0,0.014288246631622314,0.9999970368967495,0.9715414047241211,0.0,ad50443988af073bb085afced947d46e12c95314ecfe2a2c66e0028ec56b79c4,1,0.9929208215594084
0.9894228939354441,0.985574777889801,0.0042664906611333785,0.010745423745990301,0.0,0.18040955066680908,0.9839277973115058,0.6619223952293396,0.971042811870575,ad7a4e577c0d5143b0879f4269ad6a2be777732958c678ce746bdda49321fb86,1,0.9950005216135891
0.9949365328790657,0.9945737034383905,0.0009483256926972257,0.001783197250849966,0.0,0.10745614767074585,0.9929407737299406,0.6973259449005127,0.9751388430595398,ad8c5931144b6e41de3325fdc5dc4a4dad001c7865786d236e6d1b47484b952d,1,0.9962345177606495
0.9910317216408587,0.9893828321431686,0.0028451040294324103,0.007496124960353647,0.0,0.21163463592472492,0.9653351010958547,0.6478500366210938,0.0,ad97f9ea03cc72bcc85e79417f111f9930702906dfe18331927bfc78c2c07275,1,0.9914838165316209
0.9974499210625382,0.9971274368060253,0.0009166523246733383,0.0025458237812086004,0.0,0.016921818256378174,0.9998519523984666,0.6619863510131836,0.991589367389679,adbc1745b9a4c781ad848e4b219b4b6d50b2779e66394d6810e1f6e9b70b69af,1,0.9967790360828985
0.9887121293006169,0.9714798431888225,0.043475547561778016,0.12370244252252682,0.0,0.00983041524887085,0.9999983501147197,0.9202234745025635,0.0,adbd09d01cc1bc5e0f873217aad9b6f6e7be654c7edfeab27c795d3d7635026e,1,0.9807759091280195
0.992072190117321,0.9837714494885267,0.016992388642160936,0.04978457886362042,0.0,0.05080074071884155,0.9975975642121766,0.5819457769393921,0.9634585380554199,add5e6cddfae484b02254a1c163f0289e970e25b2f73078ac40c6f3b486c71dc,1,0.9946466328387462
0.9999988029989949,0.9999984946979115,9.998750744704224e-07,2.5113131601435745e-06,0.0,0.7960175275802612,0.1194364946368767,0.45824533700942993,0.9611183404922485,ade18e68f94f2055d99c7ed195fc96161a58c92de1f41eb150fb3079f5a40ba5,1,0.9678091769343943
0.9998910512018355,0.9996578410570738,0.0006420996689668651,0.0018038935340991369,0.0,0.0075213476018683376,0.9998501314849442,0.5041236877441406,0.9857392907142639,adf4c85ed0d6b3abf98084b8c69a4b3e0f4dac5b5061d23cbb116c1520b69eb3,1,0.9971349991327096
0.9964210075486356,0.9950876100949525,0.002238137199967855,0.00579752924754473,0.0,0.012440502643585205,0.9999850693260461,0.7936773896217346,0.0,adfcbbe171a3385a60a8a67846c829081214fb730f4e099c196a18c61072bce8,1,0.9936432938237026
0.9954274044059813,0.9962584702326845,0.0007547245496618623,0.0019918690232707537,0.0,0.0048146843910217285,0.9999931025733287,0.9560589790344238,0.0,ae25b9ecd638799af0c524bf852d2873b895810e38f0604c778b347e165b6f15,1,0.9935242874458974
0.9999991495852424,0.9999867669959093,2.965265674053901e-05,8.49601523465436e-05,0.0,0.012824431993067265,0.9995339737772587,0.40302765369415283,0.9817807078361511,ae27642ac007c0a3e610e02223e3726c4be521e7cb0b48a722150ccf1bf9d142,1,0.997257587053064
0.9961855619493083,0.9956479340679082,0.0014759830065381875,0.00407696666771562,0.0,0.04360252618789673,0.998170941774054,0.7152472138404846,0.9872890710830688,ae38a33e90728e3aa9567254d7d5ae551337c7a689009f978690f9842ce4dfbb,1,0.9965010755950945
0.9949561569494602,0.9925738353495965,0.006130929242580721,0.014935555530257005,0.0,0.011113718929472327,0.9997156205568479,0.5078725218772888,0.9924671053886414,ae48c70d18b35427b272c2ccdf8b0ed984f7b3ac37881e6afbd4628fc15bfe66,1,0.9963720669254781
0.9960227208950232,0.9961042576964052,0.0004243721865659147,0.001093075996746462,0.0,0.0046790242195129395,0.9999746841407223,0.9723033308982849,0.0,ae4a651305af326becd83f1084ee236c3c3ccce11f3897d79fc0f3eb81462e32,1,0.9935487116741442
0.9884918105201315,0.9833426084321996,0.007581282978513766,0.018156034609406686,0.0,0.03354178740469093,0.998678217455795,0.6347277760505676,0.0,ae4f95c4e2aee4d512f05c47a4f4a39dec5c4c9fff4628260ce9d9453bfed426,1,0.9915562183288911
0.996468778734183,0.9905323053758452,0.006637422693448766,0.016718986753505215,0.0,0.010376389122683072,0.999788348035925,0.6424696445465088,0.0,ae52e3352552a50c06dbe861f3fbd5c3bfd154d922bd5f9d3080ad9b24fa2b4f,1,0.9930907548198734
0.9917770298973527,0.9878704734224255,0.0031393823529116726,0.008502572355771565,0.0,0.019621551036834717,0.9998070357326304,0.6536427736282349,0.9893351793289185,ae67b89f28eb88aa1fcf0dfa5a971a2f71b5dd7a40d8664c38ab37cee31dd2e7,1,0.9960213926596316
0.9904863706006937,0.9849367151458351,0.009665887082509737,0.02878482816757344,0.0,0.025489091873168945,0.9994372087722689,0.5596554279327393,0.973709225654602,ae75512da4199ca193810dc6321538cd5fee3f54964319947c42608fe6583cba,1,0.9954305878341322
0.9920210526802865,0.9860889580010814,0.004672210026618494,0.011977419016479926,0.0,0.2611288428303055,0.9521287838782299,0.491836279630661,0.0,ae7a3191afe09435129e532c4335aa864a7c4c7526eae6fb9b702e1b2979e177,1,0.9908301493603959
0.9970987672927376,0.9842192057514241,0.017423789302062027,0.04132249865989579,0.0,0.003635585308074951,0.999999669390534,0.9760251045227051,0.0,ae9a442c1b0e7baab9335b7e5c84740d430739a518517965773ee55c8e8d76d8,1,0.9899100422129208
0.9958870374531119,0.9952707768892317,0.0009442944099271213,0.0023442725670516085,0.0,0.047165870666503906,0.9976636851651038,0.579637885093689,0.977060079574585,ae9ae17dd91a6c2da0bceedfd977e92fc3e320170c18c0d4d767838408f036a7,1,0.9966307880475876
0.9952044962131031,0.9942590328602253,0.0009893666360251939,0.002389886276013331,0.0,0.04510766267776489,0.9982122230605053,0.6064153909683228,0.9952155351638794,aec67ffe3c11d8daef43ee56231eb2d54b507b62e8486e1d66dbeee39b960f6d,1,0.99657526865104
0.9924842175677011,0.992736601182208,0.001872758552479625,0.0035291709087191805,0.0,0.00824704952310534,0.9998332577518946,0.7247516512870789,0.0,aed35bc92ab93708a774d66906bc48c93a30bdf2885bd3120eb285b2aed2b2a4,1,0.9934001046413038
0.9999586674326277,0.9999410372206058,3.48607744148494e-05,9.610073882219291e-05,0.0,0.0683236494660377,0.997387161095191,0.47958701848983765,0.9982524514198303,aed549ea5c477ebcc744f1797d7738608f4941667bfbd181ac106067ad158eee,1,0.9970896317603624
0.9820529281187474,0.9810971479511759,0.012120711062153495,0.025507938010690026,0.0,0.11166465982404894,0.9925899634619917,0.38459262251853943,0.0,aedcfe29a1aca79dc1dd4e2b4bccbdc40c2f3cb2eb59099a6469c7b4f9eb45c5,1,0.9901155661101851
0.9938868312974135,0.992196961719036,0.004102610068899312,0.00799923972068084,0.0,0.1885327696800232,0.9768311955332525,0.8692280650138855,0.0,aee5132964d39413c350ac345b79c3c03e8bc4ef91a5ebda7c0abb6d92fade67,1,0.9914837147773522
0.6413540526396526,0.6023251136968739,0.10680468436229515,0.30690710291025164,0.2857142857142857,0.8758483231067657,0.9965724117583142,0.39453914761543274,0.9943169951438904,af033d6cdcfbefbff58625bfd49e8072ff7303af9a139266d2edd69fd98e13c5,0,7.85241868546343e-08
0.9570017513372809,0.9521935830347881,0.04265204913993061,0.1052700328408345,0.0,0.07222812345025886,0.9961667161629781,0.21166284382343292,0.0,af196c69c49c92ae6b50a851c341c2a802dc87ef7f30dc63b0dc9738cc76628a,1,0.9722432752526516
0.9956499672487776,0.9923176413449583,0.003247808913451309,0.009821890481505724,0.0,0.00456613302230835,0.999972146720511,0.9432020783424377,0.0,af2f5dd8831d7f35fb1ae5d1acb11a183a23a285bd9123a12de0c33ba7057852,1,0.9929531323780919
0.9850875959469634,0.9809514066598721,0.013007970063646741,0.034251605253436956,0.0,0.24200958013534546,0.9608489320745301,0.7590197324752808,0.9665295481681824,af3254430a731a86b8259e69f43fb322cfe0373b6e5794ab98876fb51438ebf2,1,0.9927036856005099
0.9969260357399491,0.9962780720341807,0.0009090467807266392,0.0026614648741003335,0.0,0.00559947825967033,0.9999158571623834,0.5629376769065857,0.0,af649b47910f759eab5333115b78810e679ca3d698ee4fd02ca08f654b0277fd,1,0.9944014098547491
0.9999949964691331,0.9999943531621047,4.9453602381282485e-06,1.000243656435335e-05,0.0,0.1017935648560524,0.9878035771201997,0.4194302260875702,0.981959879398346,af65264a3d2076ba6c196cc0a85183d8f1c5b08f073c4226ed7d596e0e8e82a5,1,0.9969985380024544
0.9971641733727925,0.9948981552771451,0.002687063328101907,0.007966045298926278,0.0,0.008039733394972649,0.9998507308741057,0.5850688219070435,0.0,af96f0275218480da2993da341a76cda59e914ebc6c781acb502e9b062f9c37d,1,0.9940886394153998
0.9931703421515973,0.9903406002918566,0.00394737951102335,0.011449534895209168,0.0,0.04298645257949829,0.9984851263712977,0.6228262782096863,0.9708391427993774,af9b88a2a1981380957334406272cffd87993d2d2a5a74d68abe14189369e741,1,0.9960759024229419
0.9979073075622832,0.9975834171444686,0.0007423832381831183,0.0015154919717516036,0.0,0.005004405975341797,0.9999728992737618,0.924374520778656,0.0,afd3d02b9260b0cd1a6b4d94d053a1a2dd7378072f1a89fb0e99a438e8ff9921,1,0.9938407509220775
0.8118654582095193,0.8857504010655362,0.29487579209211645,0.7304831080907513,0.14285714285714285,0.5276252990588546,0.7094623302120282,0.176715686917305,0.0,afe3f3ab3be417ce1620017db12a007b1a61f67c6413d4c74a6772d582da2b32,0,5.743156129014424e-05
0.9942641751631054,0.9826369100299,0.011126455228208484,0.027390084864273363,0.0,0.16742455959173652,0.9811913034515272,0.5486534237861633,0.0,afe7d2ec20a63c4bfe750e692a948d9b3f70a1353ae95a63e338dff70a02afc6,1,0.9905307968814799
0.9995355984969928,0.9996234138273419,9.053449845483796e-05,0.00021718318086507414,0.0,0.14964932203291836,0.9864809969150393,0.391144335269928,0.9937151670455933,affe4b9064ec734ff6f5e77aae07659762e3037d465dca6685e5b87de0b4b52e,1,0.9969103359269057
0.991506552938903,0.9839454712833201,0.012507452985414617,0.03481781555098847,0.0,0.7313014268874923,0.41086018310630523,0.4886247515678406,0.0,b015c8da2ab1c9b16e7e15dd4518c1b727a4970f9f8fa1cbb6da35b9fe3a0c28,1,0.9531296911603262
0.9820917585975281,0.9748932950616871,0.00783493436196167,0.02096770263117983,0.0,0.9489833116520396,0.04030528417140002,0.4085380434989929,0.0,b02022841e638c540e2fa09a0ec17ee759033010dfdbe0a7b990bb3c441f7d23,1,0.8755443642195875
0.9855347631713774,0.9776435478151626,0.011874020620147656,0.035865043186100544,0.0,0.6204716563222461,0.6133028388389656,0.513767659664154,0.0,b02ac53640d0c2bd1c36ec3ac1f760004e831efe8bf27059a20c6a7ff0e6476f,1,0.9677981737930611
0.9983069011142055,0.996432140316624,0.002551746274516424,0.007655704227285787,0.0,0.008506059646606445,0.9999978346142634,0.9808772206306458,0.0,b033a6022948d4a29bdbe61f45a47ad4c3a56e6bd6146676b114e9ae4975f8fb,1,0.9934531848534967
0.9949240083269298,0.9934003816627496,0.0017043767976876803,0.0042894002405508,0.0,0.02588939666748047,0.9994208710859341,0.6864749193191528,0.9845862984657288,b0493d94b710acd684de637fc66170c37349eab32ed2e457d7120f3182e6b06a,1,0.9964205147551319
0.9837268355200731,0.9854395337529225,0.0031368599446138473,0.006989226394418235,0.0,0.6797102987766266,0.5542542062236852,0.6889144778251648,0.9926242828369141,b04c301efdb97691dbd9d67ca749c71babbbd4867f3cf46b3b1176dd6547d822,1,0.9816369781083548
0.9620808800085152,0.9591308534312316,0.015957408731784833,0.03533923552216838,0.0,0.6587430180788014,0.5062405313823621,0.4772317111492157,0.0,b06e816ad26eae62770f36b9f726063901e7002fd30bef26b1037d2dd4e7843a,1,0.9307444702863998
0.9918485087507798,0.9929679734922313,0.0018478203912016824,0.004316389837289602,0.0,0.2692773640155488,0.9473947417674081,0.5831085443496704,0.0,b074fbcfb7c62c2c075520c7085480492f69fab0bc6a5a633f710fb0cfa6a5eb,1,0.9916037892779699
0.9849704528520759,0.8905444550469142,0.10721033479833518,0.31039016476717624,0.0,0.43801411986021643,0.8291401852213174,0.6566155552864075,0.0,b089984b498ac5f3727be7c5abda358bbafa00bf9cd79b19d91f315b5b17bef8,1,0.7695489145846163
0.9998310261741357,0.9992959345562628,0.0011926299009052317,0.0034524641813749334,0.0,0.08222713321447334,0.9958184713398771,0.4097895324230194,0.9966702461242676,b0b64ba838cf3727931a7a163ec59e2ba8edba9f92e227a122b8a3a7bcffd5a9,1,0.9970343960549859
0.9999599947895937,0.9999750676373557,1.4779318705464514e-05,3.397237453947282e-05,0.0,0.04506130889058113,0.9982318075628084,0.45948106050491333,0.9948248863220215,b0e4e5d99d1500437860a4cd19eba5fcab5a369d41d16223ac575a43912f7eb4,1,0.9971559752449789
0.9873852810133102,0.9850381059723231,0.004009354412618388,0.011581562032120685,0.0,0.2463291883468628,0.9688388340865938,0.578026294708252,0.9884997010231018,b104cac45be857702b5529f139ccae9f0fd18aae011b5c0d869097739201c29a,1,0.9947102944033015
0.9975848186993769,0.995242094065557,0.002392379072456244,0.00634415897690647,0.0,0.044404018669963415,0.9982685153983729,0.5583054423332214,0.0,b10beb1badebcb3a7c165cf627486f22908a5b19d2a8705b74ae94982712d8eb,1,0.9940475553047399
0.995505807973595,0.9942856705021123,0.0012171554235564104,0.003511196367495915,0.0,0.015715971587292345,0.9995753673351286,0.4637579619884491,0.0,b110f0621629ae7273e8f3c77611ee68f1923e291f8283d74a8c4058ea72f7dd,1,0.9943007465632602
0.9347589107139653,0.9525849352341967,0.023938302598437617,0.050439889920973535,0.0,0.8473615086786594,0.18618745251969285,0.40700680017471313,0.0,b146465a06c980521be727f7287771ec606f4b07ce7bc44f9e13e3ab09dbfd11,1,0.785330092413068
0.9946121530262182,0.9854476342962294,0.007848448532653207,0.022133547867577708,0.0,0.008766591548919678,0.9999981596480846,0.9732687473297119,0.0,b146d787fcd8854cd4566e231fd6f8bd69dff4ac8679fb1111309e885df43d68,1,0.9914777635733822
0.9942113470701559,0.9890651534966014,0.008936759762221226,0.02509057631310374,0.0,0.0059163570404052734,0.9999190740480034,0.9390274286270142,0.0,b18551732c2d56c0664c5c46c0658939e8ae97650f0c281c27ff43fdcd3f536a,1,0.9917898229838039
0.9982147599333074,0.9973820249229368,0.0008820859764535548,0.0022564148147855567,0.0,0.008847296237945557,0.9999702318489468,0.974706768989563,0.0,b185e971c0b4e1ea0e2f87913de5dc357d4d904e17e6cb73544f7def355ad8b2,1,0.9937097029446553
0.9999959174493198,0.9999948814838425,3.7321885702813037e-06,9.486905693070482e-06,0.0,0.14320260286331177,0.9847197715116545,0.4971131384372711,0.9953165650367737,b1961ecd56f775887d13c9a78cfea37cc16bb23be20032fd1e98f44943608e97,1,0.9968346545611728
0.8388900866506752,0.7977925662447064,0.2813938169700535,0.7895114276434786,0.2857142857142857,0.04828375577926636,0.38359257164835364,0.5729275941848755,0.9548307657241821,b197e8d0ef83bf2cf0b879ad0e668372ea00eb48f2c5161aa0fd98b27090efe4,0,1.3013554591665901e-07
0.9776526778056646,0.9740370089975838,0.01215831126937387,0.023061945050041416,0.0,0.03685175204917357,0.9985929028073133,0.29980042576789856,0.0,b19bf0863a17206e5a0b571a1783cc67d3078797ccc28a781d5fdcba5afed137,1,0.9896510251865744
0.9905387425707579,0.9923628579196677,0.0030015067580919943,0.00704433492006024,0.0,0.0035483340561768273,0.9999558965528577,0.2971600890159607,0.9936313033103943,b1b0d1f76515a8e23597aa7cbd6db30e7655f356a74de15eea6608ae3c33a23f,1,0.9966822992657506
0.9982439101860101,0.9958618909744362,0.003571785858155591,0.009212940341795744,0.0,0.310674183404164,0.9018533726283763,0.6049191355705261,0.9933115243911743,b1bb11d930daf29a55126dcd3a8226fe1c17cabf80fd5d4342eb577c7ef7d3f8,1,0.994967515700051
0.9984741908798502,0.9983795183454843,0.0007731920667109393,0.0016656854433947873,0.0,0.03204469009650497,0.998924869432837,0.3617910146713257,0.992816686630249,b1dc7177b422f9e641632caabc4d5503eee736cb1273e353f177dfbcfe9bb09d,1,0.9971387146159705
0.9997826898524742,0.999564076656582,0.0005988024631962339,0.001660389465019655,0.0,0.5671457052230404,0.6746297034649266,0.45357489585876465,0.976186990737915,b1e9d0a2037e2c921ae6112d8fbbf21de0fed06e9b1a27e88107ec646965af26,1,0.991602964059339
0.9908525612521176,0.9878599724321733,0.005920274627012177,0.016056258365327047,0.0,0.2017425745501766,0.9727173674555806,0.6203882098197937,0.0,b1fb2158dea66f52dda4f77c4f1b5f00984b5ec23928b534c89b90a1e199ec02,1,0.9911235398878143
0.996162031858062,0.99295868909296,0.003555644172728484,0.010599909670655272,0.0,0.02192598581314087,0.9997071003377374,0.9453420639038086,0.0,b21002d8cfb826c044937b89c19efcd45b351e722ec347e848e21fad1df670f8,1,0.9929159300010211
0.9946075548595881,0.9809897664952346,0.016020367725214608,0.043311190124714294,0.0,0.04102569818496704,0.9983224352955802,0.9686862826347351,0.0,b22f5856ab620bce88f16a59d951864cb4b0b2ee466e53fe0cfd852fde9c1601,1,0.9893508197415084
0.9952319997959993,0.9921063742024779,0.0035933407108603667,0.00909664449415959,0.0,0.05858492851257324,0.9972031596545506,0.6837604641914368,0.9724254012107849,b2877e422053392d9b4721894ad97cfb51ce635bd9a7c68b224d55cf4e20954b,1,0.996122786876907
0.9986198810569322,0.9986197410261914,0.00038880323596327253,0.0007770255863737309,0.0,0.009479478929705189,0.9998054926809922,0.38396915793418884,0.9942016005516052,b290a865c0dd8ed8d9be4fc0265bab5a5f4c80c5d65c66091fea4cdfdbebd79a,1,0.9972000552480146
0.9976852457189925,0.9969303512634127,0.0007149039282469858,0.001944825495857505,0.0,0.004220128059387207,0.9998916857008823,0.930963933467865,0.0,b2920ed2f4f28d9502e3940ce20fe6b9dc7b867904ab3b53382fd163e0aaff6c,1,0.9937738643154639
0.9927780886466249,0.9906765762617018,0.003091819433951511,0.008026171781442722,0.0,0.01076712179859208,0.9997266259862944,0.6011994481086731,0.0,b2960f2a1355edc93970a617ec250d2cd85257f3f5221b720475142a0f20cfe6,1,0.9933877587214823
0.9921858338282326,0.9909441544387115,0.0023043762416367166,0.005593139204158937,0.0,0.019933223724365234,0.9998487745041087,0.7308666706085205,0.9932422041893005,b2b0280eecf3541319d1c338f20375b08e62d25fb3bb8db8718d3ae7b657b535,1,0.9961472947177082
0.9817510058879689,0.9902533614901613,0.005663500011370153,0.015697302758313415,0.0,0.4650546748914639,0.7693983611552604,0.5022544264793396,0.9855154752731323,b2b7e3f778b7424bcd4da8d40f3a800e0e257f82d1dfef14ee333366f711e363,1,0.9906236662152931
0.9951810151296153,0.9939604041850254,0.0012994123275940378,0.002670456325976178,0.0,0.06626385450363159,0.9962693807757895,0.6068814396858215,0.9879019856452942,b2bb049696673377b84aa0c4eeb56aeb4cc51681c524044798e036ae23f02d92,1,0.9964587468023147
0.9720025930245169,0.954026242866648,0.2844909840169483,0.8105485699908156,0.14285714285714285,0.04660156594775344,0.9980673717513774,0.17983467876911163,0.0,b2de7afb598ad56699f8e8901c5b7840471c6149e0492c4a4485dc21733e909c,0,0.0024672928568638345
0.9936812080853671,0.9911218737970308,0.0026967603425446024,0.0075902838285929475,0.0,0.026182055473327637,0.9996056926090007,0.6150794625282288,0.9379913806915283,b2f6df14a800cedfc2f9a5015eed7d3cda9802faa8b092dc03eef57a9b0c9068,1,0.9962015098964432
0.996719377669767,0.9964698231153788,0.0007037367513763579,0.0015107751939787972,0.0,0.07610613107681274,0.995041514377852,0.6206114888191223,0.9742560982704163,b2fd87391cd2955a77920c9c09d275fd6fe8ee32bf64f76c330befcd166c117c,1,0.9965842068126772
0.9941696061786425,0.9935962532543761,0.0008828625041001495,0.002463834960575794,0.0,0.025984654202977436,0.9990079255393318,0.4534858167171478,0.0,b2feaaa28bd0e38a9a71d4aa8d9344cb2d9a91b8ea1cf2761336ee0c11abc7a0,1,0.9941826848724358
0.9888407737100615,0.976038086229086,0.011842747094604115,0.03719895084060776,0.0,0.35271620750427246,0.906922566548769,0.9038053750991821,0.0,b329e481709bb3b6e23e7a041a9848584ccc86f43542c117b02166d14b009eda,1,0.983842092425513
0.9958668899616924,0.9940453096415006,0.004737676113115954,0.01338178065552732,0.0,0.045834392309155515,0.9982858592893682,0.7109997868537903,0.0,b3375a606e721ba25dac3fd67ebdeb6f2d21b23d7867c8d57a5982ff8ab083ef,1,0.9932665942620907
0.9933742388933088,0.9923553990260336,0.0018210647082836763,0.00516270265538088,0.0,0.023575782775878906,0.9995344905612054,0.6410847902297974,0.9879854321479797,b3519d9903c580ff10e8c6525c528e2518bf2216ea2a37191b96f0497f154741,1,0.9963863429150598
0.9933438249558237,0.9355843389277654,0.06779119965154538,0.17584397344541167,0.0,0.011283141554965393,0.9997413258086716,0.6390988230705261,0.0,b35fc3c323d39caeafdf93e2654f9bae68d881b0e441f8dbb6f8edcf2276511a,1,0.9591481988444848
0.9814199553063341,0.9504250726784607,0.04525315229620372,0.11541196730016434,0.0,0.8833315968502784,0.1131455405760717,0.29708513617515564,0.0,b3649c63544adebc554328b2ef2ab81e6fc9b765f06e37aedf997704fa67f5cd,1,0.7699711246561736
0.9999798044105792,0.9999754861974861,3.9227962706405604e-05,9.869935185010892e-05,0.0,0.932453572750091,0.028356173995402384,0.647753119468689,0.9633796215057373,b36aa9541ec5ee88b90b050b80a10d3f12f0e7cea328e59d7f95609686a58014,1,0.9546331871202518
0.994938399840498,0.8670716366699358,0.35184368494262336,0.8301132627343085,0.42857142857142855,0.011705309152583547,0.9997522746658911,0.5300843715667725,0.0,b380d48d5c8e84cab83fc5616233fdd289f4dcf225e83d5ee1a838ba79f87854,0,2.3259038136864055e-09
0.9993606214668844,0.9913123692504878,0.00776582637368126,0.020446263442914447,0.0,0.012312233448028564,0.9999972764194452,0.9461768269538879,0.0,b3923c37018d476ced29b45eae9bb414ddc5069f0dda722db4f994cf946e676d,1,0.9924764466060816
0.8227044744508115,0.7501592316157669,0.18076742686666095,0.40447210482509083,0.14285714285714285,0.2094740867614746,0.9403238667579537,0.83915114402771,0.0,b3a0bcf19551c77749176cc97fa718abb01358983d5c244bc6d21619f294643a,0,0.0001257108017654149
0.9866701985103956,0.9865001353275133,0.004037767458318941,0.006789013761507312,0.0,0.141948401927948,0.9894500722743635,0.5450282096862793,0.9691809415817261,b3a54b811b493d9b62d21f1ed3fd65b8635e3d3e88e576012b5d9612890799da,1,0.9952887421913837
0.9999989414944479,0.9999988869481268,2.851195590713092e-07,5.545343467011054e-07,0.0,0.10297632217407227,0.9913980580309151,0.4804195761680603,0.9949735999107361,b3caf831be4bff78e9f00b58932acf43d80ac160555ea773e58fcf2e8ecf4c83,1,0.9969805565078137
0.997031384057385,0.9934667995367829,0.0043313354191758255,0.012141041329017499,0.0,0.02356588840484619,0.9995626543540044,0.7749601006507874,0.0,b3e85b8aa46c5e58d1ca61dcc44a68fd07ff2ab78220400a7b3ccddb96f9c501,1,0.9933067408013266
0.9958189335872187,0.989679458981601,0.009724295829216262,0.02947480331018948,0.0,0.0055879950523376465,0.9999697918430216,0.9618629813194275,0.0,b3ed0d5bb2c4ed00402e8526f2c2bab0a63d01c5c0dc1030176aa7fa2c967406,1,0.9918453780874119
0.999998429458394,0.9999946287894979,9.602424323438273e-06,2.7295418493375555e-05,0.0,0.0072767287492752075,0.9999659045200876,0.39164602756500244,0.9949029684066772,b3f3a4fd7e375cd6c6f188a7a7b792269526e4acf1856321e42c73a2b8124426,1,0.9973028943284876
0.9999121048247298,0.9999138180657964,4.80328191416397e-05,9.540474817460994e-05,0.0,0.0018143291812201456,0.9999910966103366,0.3294811546802521,0.9974570274353027,b3f5313c10d698bcb60a7815d78fca834552be0295513d5c844b87e614bad4e6,1,0.9973665351519929
0.9979137029366001,0.9963885355270057,0.0018093757549828096,0.005610278781151196,0.0,0.004407321102916078,0.9999541503634445,0.6024777293205261,0.0,b4161039d1b4dc7b4c736f13669023751c5d8f3bf9aee765dc16b492b60c2591,1,0.9943091988505147
0.9999999989633427,0.9999999974826527,2.722857174828399e-09,7.908707225165667e-09,0.0,0.7242271900177002,0.22436515839405155,0.503147304058075,0.9381057024002075,b42270419c8e02bc1c38042b9302a9475c551149231e0e5cc508714d670b677e,1,0.9747562026356253
0.9973973157419206,0.9968827954727978,0.0005312315232889311,0.001526593585692182,0.0,0.013926863670349121,0.9999844160154128,0.9394593238830566,0.0,b44e9d1f5b0bd70da9dec5ca55b5d19ec6d25867ec3c53f4f308f5a9452a4255,1,0.9937167335318325
0.9583866526740588,0.949407475201177,0.049875858018201324,0.12794481837515703,0.0,0.8704179525375366,0.1105349906754082,0.644390881061554,0.0,b46ee1b873bb769014501fbe78ee2ffaf53ee20ae4c72184aab69031db19fd06,0,0.6860652366844926
0.9995358577280355,0.999331476779153,0.0008363602783017306,0.0021934492238615847,0.0,0.9061579108232584,0.050281271480302515,0.4418357014656067,0.968736469745636,b46fb0ee9cfddbb7244e060064f32aa5fedf202bfd88b7c2e4d41b7da331ff48,1,0.959292547446261
0.9834822177035135,0.9452099111136043,0.270284302601395,0.7827622976330324,0.14285714285714285,0.0752904416126583,0.9965577137331941,0.26883766055107117,0.0,b47e8dceb6854f83f59d3e53a7735a7ef7cc5d52626e0d9a63b1e7f6ad9f3075,0,0.00304338773197619
0.9999999749127911,0.9999999212409235,1.0735220937734035e-07,3.1200426927486994e-07,0.0,0.7991809844970703,0.250822325213134,0.5657498836517334,0.9757929444313049,b485be156a5e504568756624dbd84d053aba0155a99f68bb49d941b55e766170,1,0.9749671331803715
0.9970215383762482,0.9959441254571288,0.001746752499524363,0.005252843368454663,0.0,0.025162994861602783,0.9993845229611164,0.8236696720123291,0.0,b485fcfbe6ee8ed7b42b4fee3527175f8a396497a78ea29dd7d73f346cfbd6bf,1,0.9936861106092933
0.9942148895002761,0.9939337775122523,0.0013283168762692167,0.0021866826571180775,0.0,0.005649983882904053,0.9999864722624806,0.9318797588348389,0.0,b4a5282881e767dc400b6588e2c841981295d44bc3ccec6a7544e4aa341f1bea,1,0.9932173109729833
0.9956758536265579,0.9923879729401641,0.0033818096089852016,0.009775002878556927,0.0,0.02552419900894165,0.9994867175667462,0.9363424777984619,0.0,b4ac417ae5b9b148f2baad794211917729b0385a36a91c0203f2880efc972756,1,0.9928486258019198
0.9969533581790637,0.9700647345294942,0.03990809253891703,0.0993586132086568,0.0,0.29625290632247925,0.9487701905994659,0.8247997760772705,0.0,b4baa09d4e2898bc35155aa7562746cd8e21d4e5ededbc4b966fec7fefab7824,1,0.97700571953186
0.9940916508757198,0.9846538750408593,0.010870261758719685,0.02694016302273556,0.0,0.03324766084526633,0.9986344941043438,0.5796658396720886,0.0,b4cb9388c8a1066532f4bf5d5a99e6b63d699a6cfdffd157e7a865973aa2100a,1,0.9918155869837586
0.9973145708228367,0.9968688252907196,0.0009342354717238988,0.002658970101869218,0.0,0.045005857944488525,0.9978836563453909,0.761098325252533,0.0,b4d25439cf990d9735171070d77474af54a6a523f24068f77230a50904cbcf24,1,0.9938884697185627
0.9886157525514296,0.9887365109255601,0.0036016634252211436,0.0053657209509421835,0.0,0.4583736360055129,0.8165956435471622,0.494293749332428,0.0,b4d8002020e80b63c6a5001aebd3d6bf69b57f5bd470eb76651c470d28839bb1,1,0.9861260616689423
0.9952883516028863,0.9915165721997372,0.004459987555378366,0.010075027360043773,0.0,0.05997666716553242,0.9974546498707745,0.5697185397148132,0.0,b4f4c346b647ca8bfd7ca3ac298251c845306009ead4142c2200a98003b437e0,1,0.9932551165209711
0.8043762932441354,0.9052134814930183,0.3903915871047838,0.78340412439734,0.5714285714285714,0.7598479390144348,0.6471039782375535,0.5531252026557922,0.0,b4f7a5522901ab48f434792bcb74fa87a6c8735595de9399eaeb8ae2ea764776,0,2.2077092361086056e-13
0.9954409113931088,0.9901410596522584,0.0070602091323177475,0.0202785359551624,0.0,0.05186171457170226,0.998061860729382,0.5533364415168762,0.0,b4f895719e369a5a8b5bf2bff6a35d9ea0a50dc811e5e4f0a282d48c9763257a,1,0.9929673602980715
0.9953366672121075,0.9956730888584684,0.0012398284352416846,0.001858709515798329,0.0,0.022499451413330162,0.9992390813732807,0.5967282652854919,0.0,b503d244fb3a6d629c32170fe1813b0d7f1d298ee36ddc0b8940ed3700242cce,1,0.994077153522355
0.9878469293125117,0.9842295563988515,0.004040571196350031,0.008453826362892047,0.0,0.03080928325653076,0.9988629912710069,0.6030001044273376,0.9761583805084229,b514e733d8b84c0857ed7260e6f36e47c7ff383b599072d761206dc66162329e,1,0.9955828069005588
0.9861977111293891,0.9847383093388895,0.005004329119255979,0.00877552354366351,0.0,0.14178967475891113,0.9901630634935178,0.5560197830200195,0.9753755927085876,b5167d2f09a8ec6ea5b4b5f88ef8e6c957b9c41300c4513d70c0b0ff4837712b,1,0.9950789150874033
0.996248251595973,0.9941819407413582,0.00518664637712803,0.014531676847996833,0.0,0.0038473010063171387,0.9999997363003253,0.939220666885376,0.0,b51751f43e3a3775605d901e4cf76d18a407f6953d474c790661521e549bc9fe,1,0.9929312506482122
0.99679701167083,0.994235822298439,0.0025021913082646304,0.00631611348562422,0.0,0.01299375295639038,0.9999716410710097,0.9525622725486755,0.0,b5219e034f0c58e4fd9e946823c4d33fb316ae74e3a0a23efe171c0534528de3,1,0.9932032627377988
0.9855459781580084,0.9782286735618261,0.01321809725249889,0.029311183040965787,0.0,0.013296132034950836,0.9995849077637451,0.610283613204956,0.0,b528ba859a81f49539ad108f6b0f80ad9cb49592ff777811e313e622c248973e,1,0.9899434989455037
0.9459035332674919,0.9630349929903882,0.01842992136927857,0.04002159915496322,0.0,0.8750047882544436,0.1329384993875642,0.5104712843894958,0.0,b562a17163025955ac71247a371f958e9bcbfb48ed1e4a8cf95d94b7527a17e2,1,0.8131962463931132
0.9975313409204316,0.9966744298977744,0.0007806440103764433,0.001789266942574308,0.0,0.03907960653305054,0.9985812515484396,0.6541155576705933,0.9671096801757812,b57635a145c99275d64316902d534a4a86017b9202375cdc72be807a669ac7c9,1,0.9966717202352489
0.9929964879058429,0.9910921524651318,0.0038722508698188518,0.011112454387903314,0.0,0.0568576455116272,0.9968730541971919,0.6846266388893127,0.9781620502471924,b59ef94f9b40f2fdf946ee46e311a7f6e9e5e5efafeb662081f0d4d8651feb80,1,0.9959942507848305
0.9950228782605641,0.9837313676566931,0.31945332865184695,0.913289970309405,0.14285714285714285,0.00439763069152832,0.9999922674145955,0.9722655415534973,0.0,b5b08132084d996b31f875fd0139a0aa5f30fe92b67519119d374e19a4acfd43,0,0.00196803004280559
0.9623121090135698,0.9585781312718196,0.01740214042686117,0.035138301715262936,0.0,0.3258727805847279,0.9168492143446385,0.5719338059425354,0.0,b5b305260a32c53f0e2e97c453cf2d5df7dffdf31757a01ed7d4ca0556f6f010,1,0.9747601113796245
0.9869681329311607,0.982035379223266,0.008272133883108839,0.02106690977531467,0.0,0.2479366660118103,0.9615292833751637,0.6876012086868286,0.9643402099609375,b5c294d971290d2e749473da17fa7befe914863f76c6a1386468c86e23da5881,1,0.9936108326720056
0.9180400528358587,0.9171114480658781,0.042672416298841206,0.08747726636770793,0.0,0.034822065601474606,0.9985575159211176,0.5503339171409607,0.0,b5e00e3dcf24258e9146bef26335004d292cfab0171d6c05eb1f63df72f4b3f9,1,0.9315551658654151
0.9900237622355184,0.9887232774611302,0.003350560727934105,0.007292334386241661,0.0,0.10147476196289062,0.9934547122578016,0.6757938265800476,0.9310997128486633,b5f1ba5ec2184b881b628202dd8e212411a726333d3babd46b7505a9abb710bb,1,0.9955001072536006
0.9924780400296291,0.9835246272731862,0.011164132472821952,0.03402116637670061,0.0,0.04061812162399292,0.9985410102107737,0.9665260314941406,0.0,b5f6998c5ec671284fafc41b331794344fe2428ed8567f6fe4baf03a7367443f,1,0.9904181109327695
0.9782127224523206,0.9683060353526604,0.023480132654647917,0.058588800299918864,0.0,0.017558248943345234,0.9994020877700267,0.3087141811847687,0.0,b6022a5fcc5499dc2cf51704244a5dcbbf5820aebf13ce08c8d6aa92e446af66,1,0.9868477971329681
0.9966997248350833,0.9958155717415199,0.0009978266074226793,0.0024957677079563423,0.0,0.03836780786514282,0.9982334550859415,0.6237064003944397,0.9821075797080994,b62cbdfa2e2181e5b2a8223573139fcdb7cb086c6ec236768546dba77c3872bc,1,0.9966601179687196
0.9901704760659051,0.9902086219476639,0.004872032769688349,0.008168348311779301,0.0,0.0073188898626123655,0.9998494015445165,0.4414665699005127,0.0,b64327d06c9a5f90e4997ae2bb646b3804e3b1d929fcc1d5e6ba450c497e2a1c,1,0.9932935370527534
0.9981747626034492,0.995531681708154,0.0030532969718920886,0.008248932876643633,0.0,0.04215073585510254,0.9981178504244592,0.9584254026412964,0.0,b67a2817e8e1e9b585bc957a99e561af0645e54d65721020045907a97d501fa9,1,0.9931727869965348
0.9609490103453067,0.9699496668092665,0.014944165848346834,0.0362700765767639,0.0,0.3795350903237704,0.8460677279831612,0.497361958026886,0.9934053421020508,b68d51661bd2de84f83df5e1f5077dd917c3387b1854cbb87ba40c6f0463ec03,1,0.9861248997908914
0.9962957358855581,0.9956788728757059,0.0006155938172468953,0.0016546475348755418,0.0,0.019367635250091553,0.9998040479297703,0.6946752667427063,0.978044867515564,b6a9aa20340859cbf92d8184c95255dce107134d0e781489f74e19118fb9eca9,1,0.9966298039739682
0.9804951162672045,0.9753902680147268,0.012781456759070818,0.024858993785573047,0.0,0.7758765220600814,0.300518431615118,0.6066179871559143,0.0,b6b397a3a0db2e8d20168c1d3463bbb0ae41555d57dad4943dadc4e4021b2498,1,0.9210575814350157
0.9924509634581252,0.9628881788687141,0.04451864952079579,0.11711462069109617,0.0,0.005771300754656429,0.9999034570068775,0.7026801705360413,0.0,b6d85dbdbbbfe49dae62633af5bc74d00279d730aa80335fd4f146ac8e5c5bb1,1,0.9800618242206799
0.9465063942339147,0.8606506843340279,0.3231687679432176,0.9020053925333495,0.2857142857142857,0.40946298837661743,0.8444025419834617,0.7369237542152405,0.0,b6d924251e4b6dd2250a41014bac6f32ee8f8db38d3aaf2a9ef338b72d328a9e,0,4.5741165282255716e-07
0.9928114136649157,0.986810045688391,0.005029667519319088,0.01565550180353592,0.0,0.071361243724823,0.9957669749205772,0.7829084992408752,0.0,b7077ee7f11db07af842ee7d439d81dfa8f6824929111b2b58ababbfac6aa3c2,1,0.9920177130750564
0.9935108463152922,0.9924030900549325,0.002555666274422684,0.006743615057822283,0.0,0.02154374122619629,0.9997624032053645,0.7018106579780579,0.9856986403465271,b75a0590ffeef648083c28c576d7743723c499d8da34bdae6275876adee6a7ab,1,0.9962692042136916
0.9998187809335535,0.9998234840624027,0.0001448091551985802,0.000323587041396546,0.0,0.32363334298117835,0.9155997458503706,0.49310386180877686,0.9951152205467224,b75cbac3ca19f03b7e3eec1788379c512256686473113ba4e33cdd164cafa326,1,0.9958230659433858
0.987480475923538,0.9859207165855192,0.008167615508092755,0.01410074437087333,0.0,0.030280238536603443,0.9988589185830359,0.3368419110774994,0.0,b768621e4f8a0a22f84523e1a5db5562d9693cb15314013a3eca76d3a8e654c1,1,0.9923998641654266
0.9999765276994628,0.9999867262488582,7.415078600803196e-06,1.9375877889416808e-05,0.0,0.09434239566326141,0.9942428044811074,0.4321208894252777,0.9912114143371582,b7887f3ac3c0625737b011aec14c6addb6d86673484e321e690d2c98dc8ed643,1,0.9970575946363652
0.9977108761857629,0.9950436732185184,0.0028171074065946764,0.006576315154529833,0.0,0.005827486515045166,0.999999798007589,0.8093365430831909,0.0,b7a4fd1b3b154350bf18e93460c6ac06f1c4990a1eb874c29e0b7029ddbc8603,1,0.9936365338013562
0.995266001357811,0.925701220490695,0.18294500367747946,0.5257432776528643,0.14285714285714285,0.017088115215301514,0.9999088086069211,0.9680572152137756,0.0,b7c6f2a431a89de8da7df688698a85054653ba3acba85267b771f2a07aa0cb95,0,0.009390491529524075
0.9989915452815975,0.998971455459998,0.0008501201313534809,0.0019291239138028294,0.0,0.21018087863922022,0.9691923960600689,0.4123648703098297,0.9927802085876465,b7e63ea4c0aee80f3c5fe3e84d2744a54652d906110b586760227fca6068c9c7,1,0.9965388259559581
0.9976466715807877,0.9971993851846758,0.0010177795014388322,0.0025565875627051593,0.0,0.004847407341003418,0.9999870053785818,0.9709776639938354,0.0,b7f1f4af223ac5564a93a2de42bf327b9797deea6e2f52ceac445ca93906234b,1,0.9936707749911333
0.9960265603953442,0.9962155873920252,0.0005322946459680755,0.001395207850108049,0.0,0.06617021560668945,0.9963723116683126,0.633844792842865,0.9694008827209473,b7f354f66d700ad648baad4d3deff053a72a6454ca1aa669362c30269781fd86,1,0.9965709794256897
0.9934476045890314,0.9920495227870175,0.0024932533331545876,0.005467509655005642,0.0,0.04937046766281128,0.9977828054557237,0.6988023519515991,0.9806882739067078,b80db586e9e6837d63deff77efc69eaf86f26e596bf4453ece78aaa987b05f6c,1,0.9961506020294757
0.989224730693225,0.9861508312224692,0.010450899887611529,0.027393979896384407,0.0,0.3104366958141002,0.9180538679729114,0.6347103118896484,0.0,b8103a5ea663d263f8550fade31d13c932f3fd2f7f608f6822d8a6034878d4ca,1,0.987864752692004
0.9910259234652019,0.895832556700927,0.18239020089989674,0.5306364006005552,0.14285714285714285,0.981937527656547,0.013189103494691146,0.5064108371734619,0.0,b819ed4b66a4142b70862c20ba03988fffa907913b44963135aee0111205ca05,0,0.0004430592760673923
0.5495571823290577,0.7290514111567205,0.2630288230494753,0.40087453903348896,0.5714285714285714,0.16276295483112335,0.9647566014471162,0.5264851450920105,0.0,b82f50aaaf17ec277595f6fa0545e9ac0020174321a830825f68a96fb8d602b0,0,5.2102486618632554e-14
0.9877155096684248,0.9837851298337312,0.0038266421580336915,0.009277548553836445,0.0,0.031158030033111572,0.9991805253253648,0.5518071055412292,0.981499969959259,b861b6ba7f803248e62b3f3a2eb4a6c08983becb47b3e1eac226d4f57dad7f41,1,0.9956739639169261
0.9999519681439717,0.9999697563058899,1.713638806588991e-05,3.7018407504044726e-05,0.0,0.010486651211976969,0.999686344836221,0.3940534293651581,0.9906092882156372,b8baa5021c97ce70453f9d65caa1f7b01438d45cbe8c34e0e27b95c445fe1298,1,0.9972839354522515
0.9847867945601915,0.9776037558852895,0.008488845804918993,0.020919857983893064,0.0,0.2686878442764282,0.9552999000422211,0.7284533381462097,0.9572024345397949,b8e4c6afd6e32fd338c9100c0f9f38b54613166a819c83881b38d4664d6bd009,1,0.9927376830485652
0.9999708695425898,0.9999724203570576,1.1580357540319135e-05,2.30416144197316e-05,0.0,0.5435478687286377,0.7227545326994724,0.40446892380714417,0.972711980342865,b90fe75b3cb570d143c383d0fa384a829aef1f5afbfe712fdb691f2b9163283f,1,0.9927905208216683
0.9763458064171728,0.9659500829201357,0.021015939043880483,0.060428319858456536,0.0,0.01588761806488037,0.9996498649093178,0.6279362440109253,0.9820414185523987,b91f85c75c3ad473f9abf36f3048105f5c7d0ee07f85d9480cdc66b134acc2cd,1,0.9918303815456697
0.9922009438987996,0.9333696399769728,0.09892907895063212,0.29543156308840113,0.0,0.02844536304473877,0.9994200275736725,0.9621949195861816,0.0,b92286c6171fb63d629a7a62f961a4939152b81c2c8e08443fd0de092911cf81,1,0.9263101740368447
0.9779620915868875,0.9787130759330385,0.010887738591271411,0.016620133083654964,0.0,0.007365228550042957,0.9998387653897157,0.5433118343353271,0.9883694648742676,b9504461dd00e83aa3fa52a2ff50dce2e431511e733c8cf249b56a043589d3ca,1,0.9942784667352287
0.9770682448299439,0.9780871362707193,0.012509053399347731,0.023777048758778896,0.0,0.0207385939373097,0.9992410517686378,0.741962194442749,0.0,b97b96763218da824d1d9dfc8d05b756475440ea5061122e3e8426f388031077,1,0.9885836126469484
0.9951319947347169,0.9949410928152979,0.0005954459267993006,0.0010970711526296917,0.0,0.04150044918060303,0.9984057292501951,0.6316419243812561,0.9823575615882874,b98a32945f5b8ba47b0604442a543a8111f9e60de465dbaa0f95348ef93bef8d,1,0.9965790412230247
0.9999967373902665,0.9999929154455274,9.24991778478071e-06,2.622418952367511e-05,0.0,0.012006999924778938,0.9997896261028208,0.4182467758655548,0.9934645891189575,b98d352df636d7044f7d75707399611c63aae4b65a7834938d8a22b9caf81e5e,1,0.9972661691660496
0.9966659687358704,0.9864816360015229,0.012432472527249347,0.03046098971272193,0.0,0.19303584098815918,0.9774273732085009,0.9593295454978943,0.0,b9e56760abc91ab67d84c7e38031e7875eb9b07b36ed4a99254094410f5a53a0,1,0.9893606758441387
0.9962583952686179,0.9951342189038925,0.0012628983653496268,0.0024453434566852903,0.0,0.01451944746076315,0.9996442865743097,0.6505114436149597,0.0,b9fc8b11dbdc4042c614e34d5594fd534e1af278ce7c84906c3f9a8a25dad807,1,0.9940194864576612
0.9561196532171485,0.9022083908842002,0.11005615555148549,0.3175002577795438,0.0,0.09582316875457764,0.9835520473508388,0.5499412417411804,0.9393152594566345,ba021af8955f4b07f5d736b74aa180ab9909e39162d630cc2d9f1646163a66bf,1,0.8994233016060332
0.9968503776620086,0.9906745315665295,0.009967226843422796,0.025527157227826947,0.0,0.004369854927062988,0.999992158316047,0.93370121717453,0.0,ba0509670a3ee5fd711610c5610e944ee0d9acf1d0715655e7ff6bcdfa65c7c9,1,0.9919964680306533
0.9977239809942927,0.9976842198624242,0.0008297273998679192,0.0016517211697789635,0.0,0.007188975811004639,0.9999984649446406,0.963740885257721,0.0,ba08be700e7f827e0dec1d96e1ba56f9f7c8bf366f3a8c8eedb1e8ab5c38c9bd,1,0.9937353732874367
0.999994725865658,0.9999934274319895,5.98359469246185e-06,1.5628915189927324e-05,0.0,0.10067065060138702,0.9925273896381691,0.3597361445426941,0.9967472553253174,ba0f09e198b626fb61f63a254b8b96645ddf34240355aafe773c4b03ffe4c86f,1,0.9971166828969019
0.9999165249928081,0.9998810097485776,9.615686247791476e-05,0.00026644063364247015,0.0,0.04304400831460952,0.9985357785666599,0.3735525906085968,0.9988735914230347,ba1dc62fd48d1f5da21dc63313193fe3da5068dda933e78491b1849e7f974169,1,0.9972421900913905
0.9908569745726423,0.9902266993296672,0.003188648013632605,0.005371974638699428,0.0,0.09316480159759521,0.9941953045110176,0.7028403282165527,0.955405056476593,ba379832d103e33e5024c4b8e6b4db4a74458cc82cd1cb00c293ff8c59f4188f,1,0.9956715586982096
0.9999999275205189,0.9999998186256589,1.865572631686194e-07,4.616139381930796e-07,0.0,0.017927903681993484,0.9995406139249923,0.371855765581131,0.9943687915802002,ba41975e94a5c5e509b70ef8c3bc6707b868aafaa0511f0e5738eb7d015fe1ad,1,0.9972992365943408
0.9970543878046708,0.9959484349879238,0.0010718491999625614,0.002910696763839815,0.0,0.028828680515289307,0.999341038980515,0.6560877561569214,0.9613947868347168,ba4c3c8cc69d2f4a4282b8e3693f8f2e9509f8299a374075b3732cb593a1e2c5,1,0.9966260608832515
0.9895560761234293,0.9781301310252734,0.020719803059223156,0.061398080731903226,0.0,0.04467928409576416,0.9981311316408457,0.5198220610618591,0.9807506799697876,ba5433bbe4d5fbfaadde0427192095682c97bb61b4e539422b56b41115973745,1,0.9939617659733821
0.9943165611221828,0.9922688412815427,0.002296573251853247,0.0069789365429734525,0.0,0.05339886993158358,0.998183465757744,0.5462377667427063,0.0,ba560da4b2308150592e1b9628d1434b9d61fed8a119a0515b4ab23878b4e3cb,1,0.9936335064398717
0.9822812836447559,0.9564882674575624,0.026140446932336782,0.08133774909870874,0.0,0.9841781258581067,0.018010861972135982,0.27816906571388245,0.0,ba5ae58ce7dd03e3922ed8a11476aea61cc9b7fcf76a566b9db34312bc9b6618,1,0.801156673508633
0.9697974154484185,0.931186248254579,0.07706758979629617,0.22083963834903364,0.0,0.13146209716796875,0.9843859819338344,0.6482560634613037,0.9610574841499329,ba89bf191bb5aba70c525a05f72a09303ec03262e94822f0db755755b45d205f,1,0.9610677902667646
0.9826044599463335,0.9488246027645839,0.0322312076402771,0.09172997174322,0.0,0.023289564645576716,0.9991518848822821,0.5401660203933716,0.0,baa1342ad9ffd5c032344dc6760c8e0c5983d0692a5da24512e7a36f0aabec75,1,0.9800205938404015
0.9943721541040873,0.9023162900624424,0.1378096052621912,0.4044866193949656,0.0,0.4649004936218224,0.8072896153100396,0.4464379847049713,0.0,bac98df0261218ca8e777c298c51095ae456a98782fa70fd5bed7439daad60f0,1,0.7205158087196244
0.991655608620101,0.9881421953225481,0.003148380135313937,0.008665941376704178,0.0,0.03991979360580444,0.9981111107018292,0.5722135901451111,0.9779157638549805,bad13921135ff1ac02e2233e4cf2b1818f9e6d16b94c568dbbf977f674b2a023,1,0.9960467285327794
0.9852516810926295,0.8140535442948592,0.25419639159062957,0.673904982269742,0.2857142857142857,0.019140541553497314,0.9997841920960991,0.7426108717918396,0.0,badb10675a6fd3ff481d64d99cfe4d725c4c2af731403ccd59b60508db6025ea,0,1.9873647854114546e-06
0.9963241939780083,0.9931345140714242,0.003516177089846846,0.009908836015540823,0.0,0.0087929368019104,0.9999997650291454,0.9814790487289429,0.0,bae23cd9108de3a4584fea10fb1094f04cadf07be06f91fb50d72e4857a24efc,1,0.9929177547923136
0.99999905494797,0.9999994385875887,3.3220647248520455e-07,8.425241940676192e-07,0.0,0.6676794290542603,0.5146036911145332,0.5466009378433228,0.9718576669692993,baf19e48e8a5605034039881dc0e548a91a3bfefa9e3397ecad95039156447d7,1,0.9870710158737239
0.9807036585569208,0.9342212701950372,0.07251805752148119,0.1945603307931925,0.0,0.07101995723900956,0.9969420852277151,0.286857932806015,0.0,bb037ccd67d92c27b11b255cf85b468dcfb15d6b64941251139c8f8c13debaee,1,0.9536958124472797
0.9999966985056423,0.9999978318618121,1.0450744908990526e-06,2.780723151786775e-06,0.0,0.18507403135299683,0.9649358390219221,0.42550429701805115,0.9956757426261902,bb041ec8cbf65ffd3e1a8a361ffe8ebbbc9c93e64400b4dc7c35a67e2f08356a,1,0.9966836684902607
0.9786748489924529,0.9752953574743277,0.010539495934854301,0.02759997283649106,0.0,0.547073185433847,0.7296739847892021,0.33492666482925415,0.0,bb07938aab03fc0ba997ddbf1ec0acc938eaf924604a57b19df9f80c316304df,1,0.9755829082052848
0.9891841869190695,0.9804501698583533,0.007077782257002043,0.02152400672503592,0.0,0.20644980649988637,0.9701204376226166,0.5719773173332214,0.0,bb1c019d159e1630cd8f81797715c903ecfa8dfda244418bf3d88f5d3b696dbe,1,0.9900163991774763
0.994933979076506,0.8728874429789856,0.27622088882650725,0.6649396850737666,0.2857142857142857,0.10602337121963501,0.9921232872844176,0.7682867646217346,0.0,bb21e2d588ad1912940d9d42f63f6ddde64615ac3b13d10cdbe15e8c636f6c8f,0,2.5174301944791846e-06
0.9941571144374802,0.9940931936754053,0.0006912895139707221,0.0013075257867941614,0.0,0.008749067783355713,0.9999952802979636,0.9813169240951538,0.0,bb271cb9aac7de59fed6f01b4312280698d3b0af8c0449017963c97e9aa2a3d5,1,0.9931860455871944
0.9924416990388216,0.991306509560544,0.0021531824440872314,0.004537545232499163,0.0,0.1695886254310608,0.9790900795422006,0.6579486727714539,0.9919373989105225,bb550972d260b3a6fa9847870a183f3f084e5c0837f63f5bebbc270a849570b7,1,0.9956863446471252
0.9989186809761876,0.9953242758019977,0.004118439991437761,0.01000234941100786,0.0,0.02026885747909546,0.9998347465185446,0.9646326899528503,0.0,bb62f9540ea2620ba510d5e91a6b95038ac89d403b1fb95e21a7d1d9c1701669,1,0.993171015701922
0.9937564082417739,0.9700343808567008,0.037385816123187476,0.11275132528942744,0.0,0.028213322162628174,0.999371433482617,0.9712310433387756,0.0,bb7e344f1f09f0855b6c0bab787d09f3ed0e532c980af5fad45de7ecc37db69c,1,0.9828310738850646
0.9944005985204498,0.9915926714538605,0.003741902729738422,0.01151101485766209,0.0,0.13855972886070397,0.9870501666883718,0.5891769528388977,0.0,bb827e1eb3d55127db80c9beaaa8ba633e85d2ed55d6e883387dafcd3ef759c2,1,0.9927707475873643
0.9944121407184379,0.9916614837246183,0.002688029160368479,0.007281121680637326,0.0,0.011314034461975098,0.999998793113258,0.9644748568534851,0.0,bb8a7f23da841304ecbde39bc9eb72ca5ccf44aa70537052a10b7d9add0c8147,1,0.992780041214223
0.9885677336026002,0.9859321751465983,0.003067413814169062,0.007858981194630658,0.0,0.5321848392485032,0.7469336571940319,0.5116944909095764,0.0,bc06a72f5479844150c07dadace93138dd882dbba1fdf259c5d9657aae5325be,1,0.9826409767714149
0.9876213869076195,0.927950360533251,0.3584283064109919,0.9305003101712033,0.2857142857142857,0.3666210472560273,0.8972004836302336,0.578666627407074,0.0,bc0fb9eb4f41d159dba791795ea0dbc529aee14c89c6275d7899087ca06b57d2,0,9.205456830176303e-07
0.9990756067016177,0.9951770184016171,0.006795174410907887,0.01750005564387197,0.0,0.7109930512720102,0.3596903195585336,0.6000311970710754,0.9899225831031799,bc4053bcc2bacf2b2bca0dc0e2f557b43d575c1e1e79e8dbe87f128cf16c4217,1,0.9773983513182793
0.9982161618349487,0.9956869532946071,0.0029550538310148533,0.008504512660695851,0.0,0.006240963935852051,0.9999995627507857,0.9709811210632324,0.0,bc4451ab1102650d05b7b070fd4acddafd55d143212092d6ed76d71771bbee26,1,0.9933675775714745
0.9999981439833068,0.9999946266419977,9.096971059319857e-06,2.574209206200666e-05,0.0,0.005410708952695131,0.9999866736389773,0.32934361696243286,0.9996166825294495,bc44d0281f62723eea2414bd8e9167921e416ad22981ae420412fe176bf93b8c,1,0.9973704701753741
0.9999179355732289,0.999912602801621,4.6779229638254064e-05,0.00010648255820171028,0.0,0.015542634762823531,0.9997260238122324,0.35092097520828247,0.9954229593276978,bc4f51c72daa26694d8d4366a00255d6e382bcc9381cc2a438f2a718460f0628,1,0.997318181294314
0.9999731303245402,0.9999751712925943,1.4355935315857344e-05,2.7439540019281e-05,0.0,0.26646286249160767,0.9332347543024989,0.4323790669441223,0.9555720686912537,bc5bf365c50be360233e3174d2d7a074f1039738692e3d51f78c062ee010786a,1,0.9961452331258316
0.9949034804911345,0.9938355206967996,0.001437205235043543,0.0036001543419322823,0.0,0.0129622220993042,0.9999743730696793,0.6160010099411011,0.9888284802436829,bc63b09406111afb333c7b33d49ba5deaba9487bc038c45dc6fdd6543cf8cb7e,1,0.9965832089638579
0.9898881651419397,0.9827328963022254,0.014264210810312036,0.04086962325418597,0.0,0.15345239639282227,0.9870355866332403,0.5600243210792542,0.9613870978355408,bc7d099f2b6dc90415ad48e6b9b23dbb9b5bf0c2f6ab9998b842475f33f27202,1,0.9942272840433862
0.9899759058745213,0.9881878564943068,0.0034154827918315912,0.006843416610052833,0.0,0.21258258819580078,0.9749315964275376,0.6492705345153809,0.9688582420349121,bc8ec660c5ea05bc4a89f6ceafa79d612c718460f2f6a0c5f101851067e55778,1,0.9950594073796345
0.9961085221363029,0.9466087881500466,0.2503058754280775,0.724102886952088,0.14285714285714285,0.23493659496307373,0.9704870056191697,0.9640228748321533,0.0,bc9805656cd711f5ad8518a773c28f268cbb7909c04ea29368571384a256cbaf,0,0.0032635819697972423
0.9765492966106284,0.9363895255285147,0.05091585640672462,0.1266122885793688,0.0,0.6878836750984192,0.5261613849538155,0.9617660641670227,0.0,bcead3639b041c6d0d628a1fcb073903f21086b5b8c5167dfe31c7284b78b296,1,0.8437014105569266
0.9999697867768066,0.9999723380432537,1.710907322413473e-05,2.520203962531849e-05,0.0,0.010494066402316085,0.9997240751581634,0.3856978714466095,0.9974634051322937,bcf0b73eefc0797318d7f8ff6e96df36dbc08cde5debde5c0c5fd5f853828fdc,1,0.9973032071578922
0.9976793182196668,0.9948467348155684,0.0031711223925829654,0.008282413909498576,0.0,0.007791697978973389,0.9999986769916914,0.9671458005905151,0.0,bcf3428d965a649734020ab689bf0b417aa6a26a8edc10ee63f06f47256e7d77,1,0.9932268536855163
0.9898555485479584,0.9909648656886348,0.0023151304308685135,0.003926679009411676,0.0,0.009683380020041099,0.9997441828606357,0.5549360513687134,0.0,bd0c5f1120e1ce7b5e29c3f4c22e4a6ba6189b4acbfb5a8d14c619f72e78097c,1,0.993400439332073
0.9986028979116164,0.9976295404490634,0.0015233178703983152,0.004173635427151769,0.0,0.03272640332578985,0.9988681538248402,0.35859888792037964,0.9935595989227295,bd0ce4db0a299a6448af3f8d068dd5494b6befbaee30e1b50fc96e4a4939070b,1,0.997082602082271
0.8445704677584552,0.8838629018071815,0.10986933638683982,0.19914990474254352,0.0,0.6945397704839706,0.23081687492538144,0.7931160926818848,0.9744835495948792,bd0eb23222ec48ebda9e230ac32c064e24645030d4839ac09803d71a8296e26c,1,0.18669513688245193
0.9962347148210561,0.9955326072680879,0.001236709560971363,0.0029242520802528205,0.0,0.012814342975616455,0.999977432967597,0.7558061480522156,0.9879844784736633,bd147344dd57d18793b30f72638f091509776dfc93ca783c9fc32e5a8d955298,1,0.9965465443281596
0.5830019296218834,0.7612159328049831,0.23419782167095493,0.4124453034110273,0.14285714285714285,0.6018574386835098,0.24201693821547055,0.6013990640640259,0.946915328502655,bd21726d042f98c4a83e99d47c7f3adce83d5640206959a84501e497271edf41,0,1.394612231877559e-06
0.9959659412462375,0.9960215309156402,0.0006135701320017941,0.0012028235136719205,0.0,0.0028980798087913408,0.9999879970884811,0.5595306754112244,0.0,bd3a2e29367b514f6ee2283d997b238944957a98017b6f3869c83334d0edaad0,1,0.9943704970323096
0.9977348105594418,0.9974137871207455,0.0006381221942053254,0.0018247636422668023,0.0,0.018956899642944336,0.9998212228071078,0.6513075232505798,0.9883554577827454,bd4b0ffb9f1c4cb606be8a454812f0855a8fa44d9090100e461c5d56db5bd3d9,1,0.9968161076518461
0.9999955881726305,0.999996951092048,1.70269707016777e-06,4.2657280105948715e-06,0.0,0.12796594202518463,0.9857399028786724,0.51505047082901,0.9974067211151123,bd8967cdcf9329ecdd3b5d957d42f16a21d508f44f3fbe898f3f0a8162274a15,1,0.9968585174296795
0.9999954988363337,0.9999789330361903,3.801018782495212e-05,0.00010950825076987952,0.0,0.028808204457163592,0.9989432781700733,0.5265238285064697,0.9955344796180725,bd9a1cac342380dd2b2c2c0a8d63c67fdbc13951960a98c5803676d194ba1905,1,0.9971271486324048
0.9715144691152718,0.9829926655118371,0.006886525639635967,0.01986626806381349,0.0,0.21405011876206004,0.966624014587961,0.39653483033180237,0.0,bd9f780ca1dfd30e43de76e46bed7d1f8d391f8a89c62167e4a16b829c2dd008,1,0.9891364303838449
0.9970423436401501,0.9934886868482007,0.005530791416951187,0.01686761480536624,0.0,0.006706759799171764,0.9998866443576826,0.4691114127635956,0.0,bdad708698184b1af32cdee6e64dd2b5783f8a7dd425806b46f15ca6569a5ad2,1,0.9939385579361248
0.9966199789806889,0.9933052882658558,0.006697591106226025,0.019677489214058985,0.0,0.031094670295715332,0.9991869372329173,0.6281934976577759,0.9937570095062256,bdbf677e3fb57a7d2cb2977386d7f41b15a53368d182b6ac5ce2195fb135614a,1,0.9962516080620686
0.988124085556617,0.9707243360593888,0.034929119431842515,0.10246769437012582,0.0,0.9245751649141312,0.05225747745175439,0.8795649409294128,0.0,bdda07049b8a9884ab115e8a8eeb70bc54d3ebd28f78f0391691b16ae4140a27,1,0.7995512819082976
0.9948879271309755,0.9946839238132422,0.0008423608673711616,0.0014374439765454383,0.0,0.01759129762649536,0.9998554259416486,0.6975610256195068,0.9867090582847595,bdee1c5d07668942b629757803ed9c3612769287977d0920947ff9eb4aba9830,1,0.9965397597575437
0.9968150986536415,0.9767743878170502,0.04347751372399991,0.12629549835475196,0.0,0.011480748653411865,0.9999962411298939,0.7999477386474609,0.0,be1eb67d7b0fe45b7303fc5f4f1e0ed625b8cfbdca6694b00e033e8a2f27c041,1,0.9840569511948118
0.9765437343077007,0.9755477909873012,0.016633881683144138,0.027376291404107574,0.0,0.8928537964819315,0.10585230389605844,0.39792177081108093,0.0,be23b6bb3897caf2801b26a918819a6a5ae1c20dc0c3f86cce752c231db3464d,1,0.8701550167184046
0.9972797775726769,0.9958397341986985,0.002254758513005864,0.006634598136805447,0.0,0.012110650539398193,0.9999839207276457,0.8819860219955444,0.0,be3bff01fc15e59e1f7f93ad48d5775d0195d995a75dc22155d699b736a163a9,1,0.9935744842623081
0.9974185950741107,0.9969635564251468,0.000558794241905987,0.0015967679577072458,0.0,0.057341158390045166,0.9971107562525495,0.6391041278839111,0.9858524203300476,be4b082d65c65534951026a593b89be0d4981b27afd317882d26f8666d7b1cdb,1,0.9966983682044674
0.9866684193946811,0.9786529475420155,0.010938008703558337,0.030588793841406225,0.0,0.12584251165390015,0.9903412140551074,0.6305849552154541,0.966913640499115,be547f0b6436a58f95dbd644a7050fac3293baa57605635bab0bedbe296589a6,1,0.9940914412842524
0.9959092687049688,0.9204651520207303,0.14839448679950723,0.434096482898614,0.0,0.04136240482330322,0.9984040805499523,0.9794616103172302,0.0,be59dc35bc59e1f0d3c2b03ebb6e1e31cc2d84d70b024476363dd3c3c176d02b,1,0.8229547968473755
0.9938385442175214,0.993314001204503,0.002408679954039242,0.005267063952501649,0.0,0.056715965270996094,0.996822234486206,0.6977336406707764,0.9623648524284363,be686af2d31c56ef9e6c3bf3cfbcc3cc1e9dc07e2b19b7a15d114615fccc90f2,1,0.9961663956582866
0.9950709805900814,0.9948083981648781,0.0013471678221630998,0.003002663374904735,0.0,0.05828595161437988,0.9966053894105302,0.9165773987770081,0.0,be6c053e9b6cfe97cb36d8f5b41ae824db5acb1d9d9cfca9100188a76d841ad4,1,0.9931033477562698
0.9601383403391045,0.9441638141211187,0.03553336411450092,0.09650211074569523,0.0,0.4845923035881903,0.774038964666895,0.33892500400543213,0.0,be6ee1eebf344af61552295a80caf39f1b31797d06fc86ee6ecfc0e08d8f7b99,1,0.9436955328387329
0.9968038048574687,0.9939587734386844,0.002790702711421797,0.007977869866128806,0.0,0.006236374378204346,0.999985262706911,0.9783650040626526,0.0,be789681b2d29e46e115c688b40f9c9f93c78711bbbf6cd2204e5186564cf46e,1,0.993129391411806
0.9932212612111412,0.9922699550433827,0.0019286662425944496,0.0038878835260917066,0.0,0.04577356576919556,0.9980932266133767,0.6971312761306763,0.9572863578796387,be7d574a41b4a22d6e614ede6a8049ba08e56666b623c267884d54cbe8c4a7e0,1,0.9961518545514461
0.9932274233863069,0.9854136542729304,0.01373510748907413,0.03876412072390023,0.0,0.01347130537033081,0.9999909540537293,0.9518389701843262,0.0,be7f6d37d81d6623f4928fb5fc4c4a1c043e856e5e6ce13aaaad7ac8c4aa3f70,1,0.990498794896166
0.6562203250579067,0.8049537631293615,0.32725557428959234,0.6428650101590431,0.2857142857142857,0.969785294495523,0.9999670742422677,0.5639253854751587,0.0,beb457d9205aead9292763c9c0bab1d18ca9ca1ae79c34e829ba22a1b0e5660e,0,7.677477202210989e-09
0.9738916093322175,0.9671013165866673,0.04012739956472156,0.10053660669297593,0.0,0.983497054527561,0.012017190783258141,0.5942962169647217,0.9954952597618103,bebb89465474ba72f5e89fdadba6f2d918bc7402fab13c285a7f81a2acbad6cc,1,0.8363436773811144
0.9958385950565793,0.9944054838123876,0.001741874154144577,0.004888627007236468,0.0,0.023634731769561768,0.9996923287232068,0.6445980072021484,0.9689545631408691,bec1bd9efd8d9c245e1038ec1900b463a297cc45054eb49d11680d6d7f56779e,1,0.9965236682490912
0.7068939869926809,0.8746260275342103,0.382657619168926,0.6489998581939809,0.42857142857142855,0.6251810789108276,0.6136866730049805,0.4998083710670471,0.0,bec7b0d689058acf90766f9fe0bd464854cce4eb9a68ec7b988ec1eca43a8086,0,1.6045682974392267e-11
0.997630560980319,0.9968180003861156,0.0012549333195324747,0.003722595885069513,0.0,0.050108253955841064,0.997606168784513,0.6636937260627747,0.952092707157135,bed56eed9e0fb9d93dca6c068b3a9dc39ee6b2161cd10185fbc19d6e22623bfb,1,0.9965855710402708
0.9890178027897364,0.9657420134763255,0.035508855597374656,0.10352061382710254,0.0,0.9076800346374404,0.08086083548542113,0.43846559524536133,0.0,bed68943fc41eef4bf8736d36646c626a4c1aac56289b3bd8fdef4b204bf1a17,1,0.8237566300142348
0.7972815219129589,0.8677710628942117,0.3104114286184457,0.6866313741991827,0.2857142857142857,0.6101655447855592,0.6549122059821836,0.2226429581642151,0.0,bee65c541a8072ed4b4cf7484444193aff1b1b8821386439ce1a8802f7a7d3bd,0,7.106299168498252e-08
0.9999330490723429,0.9999332712497541,4.6362229088698404e-05,7.92863841381549e-05,0.0,0.014851344749330595,0.9996422087833814,0.3966292440891266,0.9862172603607178,beeb0cac121b0e5fc55517d9cfa43e48b8510f26d85a187f0e00cbdd5efa414d,1,0.9972629481368864
0.9999995182503105,0.999999052632895,1.0203531029285102e-06,2.9008047125307017e-06,0.0,0.018805984407663345,0.9994629559885951,0.36215993762016296,0.9983153343200684,bef3f3e1f850f9aeb10ea8dcd74adf35d6abe0f5b6b535170b63ed96e777dcd9,1,0.9973122774815735
0.9782441584653769,0.9455942446406336,0.042798679509075004,0.12522998692766363,0.0,0.6495386955202248,0.5782631737943732,0.4976567029953003,0.0,befa209d884735c9eb0cda66ed6aa4d0d91693022f976e9c2fe81da0b6aa8389,1,0.9093713004439384
0.9943088549373552,0.9782993025324905,0.031124409038490952,0.09019027595256257,0.0,0.24834752082824707,0.9656351620442305,0.9538188576698303,0.0,befbea5bff8d7b3bfdc2bcead0ba1b578a494fd21cf2953204294681fbeb8ba2,1,0.9827007981127491
0.9985141800558816,0.9991952638002263,0.0004716194788661393,0.001241755357514214,0.0,0.6121819614450511,0.3658398233407028,0.5443088412284851,0.933404803276062,bf09701d20a2667bc147f0d37906d29be23087501b818b0d6223ac061e8267e3,1,0.9818476001091908
0.9999999864975199,0.999999976501153,2.2622252069881644e-08,5.979774868202993e-08,0.0,0.2181026190519333,0.9253055163466422,0.489988774061203,0.952843427658081,bf2a7f6b843856db740e9147aee34ae3a8ac93313aa8d2afff26c580f66238f7,1,0.9961238550465694
0.986759785826481,0.9666794844947588,0.2989632278466975,0.8568105615447482,0.14285714285714285,0.7453165104307118,0.22475713340735973,0.6960093975067139,0.94931960105896,bf479e0750e5e3369d9ac474cf7368fb4205801e25e9a71c59230965f56b34f1,0,0.0004410113833341989
0.9979072341916294,0.9975938498316778,0.0005724163879802711,0.0012515738414888844,0.0,0.005598843097686768,0.9999969931392475,0.7416859865188599,0.0,bf517723c0caef121d727f6ae2afd3b2028be076f780c8bb400de07bc03b0b26,1,0.9942309425916567
0.9919798038349168,0.9882646723943916,0.010962729520466879,0.030046772611199146,0.0,0.03952068090438843,0.9985126589989062,0.9541675448417664,0.0,bf5bceece92ac078a0f10488f7b6f2891b5e6b0411c62af1cc94c1c30c93f1f9,1,0.9909484016326379
0.9956437392136452,0.9933769859461556,0.003252143659797413,0.009312608987922188,0.0,0.06571662425994873,0.9958863976512458,0.9443458318710327,0.0,bf6a73fc195d8d261f45a7517312251ee12a1b2d5fe04f6542afb7213bec6621,1,0.9926824395178637
0.9969970536885691,0.9886456806968723,0.010853713782813528,0.027445054304920835,0.0,0.01833200454711914,0.9999215126483916,0.9478687644004822,0.0,bf6eadb52291b6a140a4f20ecec832eecadf196911b9e8b0647f057ced0d3d9a,1,0.991542681079978
0.9912803563197715,0.990613800021738,0.006005472563498677,0.015191582688643603,0.0,0.02648275713956886,0.999072244801902,0.5035018920898438,0.0,bf92a0514992928c7aa4f3264e24a37f91dc21403bcdab12d060a783807d41a4,1,0.9930827228940182
0.9963701917317257,0.9889324890514691,0.008752179046967573,0.0271717260999621,0.0,0.13490629196166992,0.9876380440385173,0.9760122895240784,0.0,bfaff81e52bbf7f4d8878b708631c55417822e06f33e9d51d9a52856935d6b93,1,0.9909453338829812
0.9952189280580016,0.9956072443461845,0.0010948371550140647,0.001963520047080462,0.0,0.0035070227109899564,0.9999333889342752,0.42300286889076233,0.0,bfc6e66c5896accc5c2e4e54c9ced45c80d3089cbf9b940047f464e1e0341beb,1,0.9945054988540964
0.9967065535693818,0.9952238453945512,0.0021068690222403124,0.005396074660126593,0.0,0.012282192707061768,0.9999964088166092,0.9853426218032837,0.0,bfcbfedbf38dfa214ac2d1a7bb97fc5a650256018aea593e032494910307857e,1,0.9932595307289167
0.9860671598726974,0.9800201707051183,0.01645475762094563,0.04155448489599306,0.0,0.7549893259997237,0.40092456836605944,0.46564698219299316,0.0,bfe636d29dca417643c0427e58d4388c6de8fe40f24ba715ba4d927fb740d996,1,0.9428695501878301
0.9885721649542298,0.9885157096550293,0.0034033595043885755,0.005532749944478858,0.0,0.20609477158006834,0.9760684449501544,0.4405859708786011,0.9922470450401306,bffb8d7ba44c44b8f913e570bb7a770d4d4b8fb5af37b2000c2a55a38aade7df,1,0.995440264469764
0.97967909510497,0.9752311774043989,0.007032292072746609,0.015401622228861878,0.0,0.22260946035385132,0.9490496866816918,0.8102689981460571,0.9815871715545654,c003efcee13a5ef8c1e8d247bf4b487cb4f0a0581eb16c53f20a254efc2b9efc,1,0.9923408058361972
0.9653839314155721,0.9566088772558103,0.02586430677756802,0.0581325266080035,0.0,0.12818562984466553,0.9867209682262774,0.9584344029426575,0.0,c014f933b10a6ed3bad251699dc0c9f77794b58e98dd10e3eb1b844e18ead623,1,0.975026198201541
0.8644825022814993,0.7607572251389799,0.14075160215812973,0.3428021757712557,0.0,0.9304581790702287,0.08006436913729727,0.6769006848335266,0.0,c020cd9f909e08c7dc425e69c3d5f6ef8ab137afc523c457debcb6228616f351,0,0.013388221870706582
0.9999812579837842,0.999967666776812,3.533813205961433e-05,9.745853431157377e-05,0.0,0.023950383067131042,0.9987996071770942,0.32318389415740967,0.9978476166725159,c0264e9cb339b8162c600fb7fda8c6670ea562d7cef7a6123b2a7e0c8ccb30a2,1,0.9973310314524236
0.9921644151517363,0.990743519547809,0.0028921844256676824,0.006643945976910315,0.0,0.22324872016906738,0.9648410688826146,0.5586280822753906,0.9676386117935181,c02fc4a9916e155c79ebcebe809e7c48f0a7c2b5f60bbab02cf86116b746c3b7,1,0.9953751797252851
0.9940377925428785,0.9931663676355721,0.0010470214481059894,0.0027335880687879843,0.0,0.07048726081848145,0.9953187600495702,0.6813796758651733,0.967654824256897,c03711a400a76f14cfbc73e26f9b22706c63f8c3abb96dff362d7189a7c87033,1,0.9962503724096152
0.9855590723156394,0.9409575972962266,0.10323118406627504,0.2974121859834272,0.0,0.028936684131622314,0.9991319727455232,0.6034943461418152,0.9485280513763428,c0376ce332b66359eb684370f1ac73b0bbc48f2e67914495f3c19c8802b40b76,1,0.958891068819877
0.9999930444521651,0.999990539294395,4.701880108692996e-06,1.344776915019087e-05,0.0,0.03807768598198891,0.9986733292307097,0.4516852796077728,0.9963819980621338,c04a12efeae3d04211b3b7bd73c65444de66989ef6d5bc45d994264ea83809d3,1,0.9971840311532885
0.9936460417446432,0.9872591097356896,0.009201621300110225,0.026039461909469187,0.0,0.18067717552167245,0.9761143846022045,0.4997388422489166,0.0,c05b9b901d51e7cec079e766cc91311dde009568f581e9e1b0f545e10c037d4a,1,0.9913589594613168
0.9970461913614982,0.9956388079082784,0.0015735317372681681,0.004107904241762348,0.0,0.0149445161223384,0.9995960430304314,0.5397965312004089,0.0,c075f6f3efbedb01dac79c944bb21e1bdb62d0226260db6cef0e4765e022c30b,1,0.9942978577914486
0.9895965110811822,0.8972748417884165,0.13246386385479808,0.3732935969232234,0.0,0.10123199224472046,0.9925671743920895,0.9710294604301453,0.0,c07645dfa274fe1d4cc8ccecf10b2ebd440bd4730d8c5b633d4e174b7b868666,1,0.7965244980933155
0.9921616696875472,0.9903957765023156,0.004919439565470147,0.013152665516774631,0.0,0.08894413709640503,0.9948205547587898,0.5841203331947327,0.9895837306976318,c08475389d868a4751e444745c3d01ed1e14037a12f079b5019637717cd4c123,1,0.9959072462856151
0.9995345437797162,0.9994690593439594,0.0002665230850533883,0.0005577928614022116,0.0,0.03596860168563386,0.9985747690870806,0.5940033793449402,0.9961282014846802,c090426cb190c4a589a281db0f46fe88cc0ea597532bf023233dc3e99b16e398,1,0.9969992895267148
0.995258509200976,0.9936237935564175,0.001643519623783576,0.004322762325688734,0.0,0.03293478488922119,0.9990017578564735,0.6648485660552979,0.971817672252655,c0930c4fd7d9d7587950c6819314411a2c18d96851007fd674ea7a992eeb4fb1,1,0.9964269613300991
0.9932990868800523,0.9887443452826705,0.004796265757504976,0.013111680517858049,0.0,0.16342568397521973,0.9832239558703804,0.9497038722038269,0.0,c09b8e4c1004614e128833a5dbdb616cb52f943ec7a5a1d8d1d3402c9a0bbf6a,1,0.9910349368432966
0.9982363292394769,0.9980725139424144,0.0017034690267918402,0.004061074584401018,0.0,0.9641647934910614,0.015464973402439736,0.4465722441673279,0.8871358036994934,c0a208dd560b73b841c83fd4bba77dfeb164c1ace9948cddc61d045c699c8126,1,0.9502736727796053
0.9886625187328691,0.9829233907158994,0.009255456217883843,0.027302856944538156,0.0,0.019927501678466797,0.9996751366029141,0.5904809832572937,0.9916296005249023,c0af09e0b256cb98ec34d07858e1e63343417651e4204dd7a687bb31d137573e,1,0.9952793949563224
0.9999859692153723,0.999992902318805,4.124116583048513e-06,1.2996461341146158e-05,0.0,0.025658126920461648,0.9992529243998681,0.37303996086120605,0.9954649209976196,c0d5d25a68258cacf05ccfbb1c096aea083fff76245f4dcb8daa2453814edd40,1,0.9972833954666928
0.9955364179254217,0.9941973671668601,0.0014924607302980138,0.004376751541003365,0.0,0.01935809850692749,0.9998703541966032,0.6670936942100525,0.9452103972434998,c0d6d0dab722a46540363eeb56c41245d728a3f4c2429dc72932bdfa865fb3e5,1,0.9964563679243418
0.9957057460637482,0.9927903591238029,0.0037330522891114025,0.009464333549215213,0.0,0.029877528547281488,0.9989659619465202,0.5997028946876526,0.0,c0de2165102f01b90a16d3794573bc1eb82d1bad1b65de072c7c6981b1876b44,1,0.9935765457511119
0.9638970022570384,0.8858177015899752,0.3175988572294608,0.9282708796050702,0.14285714285714285,0.5055555105209351,0.7518280951943087,0.8766098022460938,0.0,c0df0e413fcc582339081795ce758bc77f8675891b3bfb57f384be5a83bd8423,0,0.00019147554044902256
0.9962239191029079,0.9950415823192363,0.0017124274404781367,0.005164452874961478,0.0,0.01607811450958252,0.9999323632003496,0.9840823411941528,0.0,c0f3ca73be549153e00878b8035dd13f2a8b5e3f01602415c1e12559621e1f2f,1,0.9932561766141061
0.9890702444800231,0.9443365507042663,0.07866999137954575,0.23269339891864363,0.0,0.019878047916176644,0.9993797957126767,0.5038983821868896,0.0,c103b83695e96c5fb9dba18d2ed0805893093d427511c26019da74b2e16ccf91,1,0.9585151054734085
0.9953121912769232,0.9896760708232301,0.008022461426713864,0.018337799646960362,0.0,0.023052632808685303,0.9997107691006498,0.974416196346283,0.0,c127b6cc239c63edfa2c4ade85b7168c1e4f7af3b83ace7cc3f131213a52c522,1,0.9917953833451711
0.9976890853778141,0.9954560653626748,0.0017277259908489752,0.00446305649057166,0.0,0.006396949291229248,0.9999636037315646,0.9218326807022095,0.0,c134071706de1239423d08285a8264fa8ddd9125d2940eb3d459094e83fff42e,1,0.9935522115771265
0.9980697280182835,0.9912558978194556,0.00850503036811287,0.022694181039177197,0.0,0.0534328818321228,0.9970312468117392,0.9349991083145142,0.0,c1492c1f78941e04dccbb04cb0852acdb8fa40f411acda500d074b6cd4be777d,1,0.9920511779898317
0.9959003974143538,0.9913134066495823,0.004676449025772186,0.01399862402659283,0.0,0.006433696950179482,0.9998857280799197,0.4404420256614685,0.0,c165df75c045bb048603cb13e2e63ced0d6596e6e0a82b22842be2c4c7acf7da,1,0.993845941340761
0.9959279033801087,0.9950275203476064,0.0009760056568375913,0.0030659851724466683,0.0,0.008164728060111634,0.9998528435562805,0.4405135214328766,0.0,c16870a0888c53539f024664b51275edb53752f15e5bacabb0520b1b77911979,1,0.994478345102761
0.9968400165631319,0.9920024181699417,0.0057367230368699645,0.014097204497282134,0.0,0.005390286445617676,0.9999999056326195,0.9433888792991638,0.0,c193a997e40bcee80a50719279064ebbabd980be5e6c76e9e047444a57712a7a,1,0.992653905584369
0.9961459855496085,0.9849331237540715,0.01513688068260214,0.03947821599364032,0.0,0.012959182262420654,0.9999890896105186,0.9562901854515076,0.0,c19864b5abc573e539c090f0812ec791901dcd1c9ea835af38812d7c08f8c629,1,0.9903957172829861
0.9970617305456636,0.997000397848338,0.001571158128347408,0.003499438854575629,0.0,0.028603298589498245,0.9989885392938244,0.6617985367774963,0.0,c1a22f5cb718e2ed2103496a4d953cb666524812f1cb01da707ee2486d263979,1,0.9940907384612104
0.9837265191521849,0.9774800921666478,0.015329197838946394,0.04235614312674217,0.0,0.28606381981138784,0.9406599398342564,0.45153144001960754,0.0,c1a3f7a2a36f7cbc6a86a9016a0da0f4ad407a951775b9896fb9afd9f2910406,1,0.9863991225513394
0.9913220812086627,0.9855504648495615,0.0060883021841636065,0.015846474757581497,0.0,0.07821303606033325,0.9949174548920106,0.5561655759811401,0.9636176824569702,c1a441924262d4f6e934b72177a024be9b07f1e24e054c1235cc8a01f8aae528,1,0.9955235535004563
0.9927077135486785,0.9882382647377143,0.006131804094660717,0.013622484311728744,0.0,0.04008680582046509,0.9985285332319686,0.9552393555641174,0.0,c1a7b8f800402c13124a1919b388d91c58377966d31d658c54b5779e4484fea8,1,0.9916564688661559
0.6742326101591868,0.7246992971417063,0.2650022425016433,0.6724816923554092,0.42857142857142855,0.7370359301567078,0.1274167549075891,0.6210970878601074,0.9884851574897766,c1b4cb75499b2df52546dd0beda5799c70ca40940f2ed1e79b95c9f8aa2de15b,0,1.4975871424170335e-11
0.9999910759439841,0.999989485938345,8.513350769188089e-06,2.0552851687141703e-05,0.0,0.005769420880824327,0.9999518321314227,0.3882385492324829,0.9988934397697449,c1ef8cec37b1e63af11fad9e56d26be4facb67db19fd2020280671edad2a55cd,1,0.9973146059290754
0.9959950155438139,0.9953563963000122,0.0010196336869127281,0.002781073413618884,0.0,0.0683029294013977,0.9956979978089342,0.6364806294441223,0.9723024964332581,c223d1514c788735274e13988def761ea01dcfc65f21021035242368aeef4080,1,0.9964956431366523
0.9910454272559391,0.9613727643361614,0.41695526407041783,0.9446151901595963,0.2857142857142857,0.010447859764099121,0.999933739645701,0.9582422375679016,0.0,c23402ec344faa28ecbbb4511bc1c12ee51dac1170409b2cc89c31ec0467e5b9,0,5.421781808093172e-07
0.9984814256605621,0.9978324236937991,0.0007311094125319475,0.0021125476930092812,0.0,0.003256857395172119,0.9999949738185016,0.9673315286636353,0.0,c2675b9ab797e1b466a0b335fb103911c03df81164d436496c73402f4caceac5,1,0.9938203299239501
0.9999993505223789,0.9999989762564104,9.086120905043273e-07,2.5376578542941513e-06,0.0,0.07644584774971008,0.9958773439002276,0.4730430245399475,0.9975122809410095,c26a80928c7263e0b2ae2c2f160a239abeb280cd64c3b6f89b1960fb38688d07,1,0.9970743817285972
0.9952052506870792,0.992450986130495,0.0034506982629336227,0.008525305856871945,0.0,0.2895103096961975,0.9571816048682806,0.9011034369468689,0.0,c271691f31f36f82fdaff54e1f5b02b74542b5321c7e81688b85ba6242f472af,1,0.9906900482475014
0.9999999455822074,0.9999997420808342,4.4008077511654973e-07,1.2721937946279737e-06,0.0,0.021564718335866928,0.9993192735578222,0.44414153695106506,0.9911159873008728,c2894f1962748db2303b3faac7b1398f5a0496664684c8f586df9138c82d5624,1,0.9972182181037784
0.9824454199803658,0.977056889850356,0.008089052923391477,0.01934762500046172,0.0,0.18360431445759562,0.977242949364932,0.6174262762069702,0.0,c2a412786ef22ddd165b8df65cb7ad0a63450154cdd4d6f85d527b2c78ae09fb,1,0.9887563774749578
0.9903914308541838,0.9813507085176557,0.013245136867071967,0.03558186147438483,0.0,0.3553206622576158,0.9037286394921581,0.5890100598335266,0.0,c2c53f1f75547ffb3e3d2425c40cbae94d2576a7d0bc3eb16a17a8c64b3d7a79,1,0.9860115426552142
0.9862050081696654,0.977240892043984,0.01637003122204967,0.046153336942208134,0.0,0.0549810528755188,0.996112837506173,0.5225443840026855,0.9759854674339294,c2ce3c1056b7b896e81ac083f741b035683e6ce6481732685021271de8eb3327,1,0.9940193271669191
0.9953154522790317,0.992309280332736,0.0057420116367819735,0.016682686346651487,0.0,0.04704010486602783,0.997762973062398,0.8261308073997498,0.9772769808769226,c2dcd18774d330eaf076badf1bf21e219276cd5fc378797191f9b54153368a06,1,0.9958553288334739
0.992105582767721,0.9657184781344956,0.4148480115217143,0.9617072750323546,0.2857142857142857,0.01510554552078247,0.999548740967624,0.7576372623443604,0.0,c30b389e436f41f1c876bb1ae77fd528bd0a1fe861c12f69006270c99779ab67,0,6.736781852829845e-07
0.9946740980320482,0.9923281267996877,0.004248638508445316,0.012301171969811365,0.0,0.03272527455999754,0.9988971117092281,0.719329833984375,0.0,c30b41438c777b826e5b4ca93fe754de93f4c70bfb5f6985923e875e5c075f2d,1,0.9931509637774825
0.9999749165072722,0.9999495072342219,3.803461902965314e-05,9.26076005203057e-05,0.0,0.02324982918798923,0.999010891280049,0.34042122960090637,0.9819650650024414,c31623829885ead4a75866a1fba4aa50fe41553a7fba16252aba042afde43c70,1,0.9972917225866206
0.9999931848780391,0.9999980242301892,2.071543512721811e-06,6.745685089223445e-06,0.0,0.18338090181350708,0.965134941263894,0.5187867879867554,0.9961082339286804,c31c45e9f71fa2630e51f98668a171b551344534190be92e86161921df85c344,1,0.9965822556035366
0.9949050011789775,0.9633381509900032,0.045970443981626356,0.10432170962743526,0.0,0.023968815803527832,0.9995889951652751,0.9674144983291626,0.0,c331c85687ddf03d04b21939c66c4a161863ca621782f997e5b7fd667cc42b97,1,0.9772148726267215
0.995728420698879,0.9874062019234872,0.009979592644147104,0.02324526717025588,0.0,0.020585596561431885,0.9998108873098452,0.9661133885383606,0.0,c34d6ff8d22dea19107f2f09f831dbb33c59de154995a1a944b7f5a99439f559,1,0.991331866999442
0.9999993833784775,0.9999989077310445,9.32634022531203e-07,2.2518721005657947e-06,0.0,0.8876669406890869,0.035360577103231886,0.5699252486228943,0.9374551773071289,c363ef906f833bb1d7909268639a06454e2cf5edb3f2b24e15820b4369bfd297,1,0.9570844187452621
0.9942446468967849,0.9821846284377969,0.3187329519084034,0.9121577213194463,0.14285714285714285,0.04038888216018677,0.9985616295834558,0.8817995190620422,0.0,c366b46517d6f6bf28a7d7696751592261e211abcd2a322c813a1b57b3cacab8,0,0.001949859215936499
0.9962241768164772,0.9923182355753136,0.005426747546590578,0.015976044111365374,0.0,0.006811171768437517,0.999881975010414,0.6283085942268372,0.0,c389f6d4a2f198f9a3a50da90db95add5add1c391fdfbb378818c2f1df38ccec,1,0.9934562110429801
0.9992087318982198,0.9993509490258418,0.0004533206102284767,0.0007375053249527023,0.0,0.007456325589267898,0.9997337804784535,0.5596634149551392,0.9946336150169373,c3934e16355583e684a19baab03ee2e954c96faf39c93d9c6aef6030caa8e407,1,0.9970703333067817
0.9967006940110624,0.9955246105230886,0.0009758270254259124,0.0024087953708296582,0.0,0.004137615207504165,0.999955395718154,0.6291130185127258,0.0,c3d99f56d89591d84f88a105d0912f9b2bdc77e3dff7526e233997cd4082b1b2,1,0.9941997188856491
0.9961971723948143,0.9474543771823679,0.3043570246429195,0.8811750563052256,0.14285714285714285,0.01798301935195923,0.9998558954934703,0.9705186486244202,0.0,c3dd701d6813b4ef11de0860e11053f6010a37f563c388a7f895358ed7066311,0,0.0016347373956822962
0.9906104483980508,0.9889585296703284,0.002424787731833624,0.004915959699692163,0.0,0.15135842561721802,0.9882866703096493,0.7186560034751892,0.9620826244354248,c3fe35c0eb739d00d125cb490e8dfbbd88863cd4abf280d2a5ceeeb32f407de3,1,0.9954256933089825
0.9902931469689225,0.993804565066344,0.0030490450536084946,0.007801790766502415,0.0,0.01489833462193476,0.999689482351186,0.3603968620300293,0.9936636090278625,c405e8de537fac3d8cced3048b793858c77ee8617743ed516248c4c9108a89fa,1,0.9966389855246133
0.9759335721476866,0.8964343470365284,0.1367666887046921,0.40813675968492596,0.0,0.1465019097545568,0.9842713168627358,0.2933720350265503,0.0,c406d65a9f2d67fa8320bdbbbd5115450ca0fa198186f38fb88644395d677467,1,0.7998067095116106
0.9900891110626981,0.9863652388361055,0.00648784656348328,0.016144524053184617,0.0,0.1540630459749138,0.9836814573465466,0.6564188003540039,0.0,c41d69d6af855a6b09db6e6a880837b983ec603f81ad2da26e221f4b9798087f,1,0.9911608699637541
0.9848839105542359,0.9852578606912301,0.002200690227315294,0.003896533697098619,0.0,0.8112690448747604,0.22812038067315196,0.5827811360359192,0.0,c432963204fe4ccb0eb9cab532519e5bdebd87e44561ce8d6f54a192ba2d7001,1,0.9340524362552588
0.9992308981211842,0.999020911759118,0.0008853005410362155,0.0017082382576418826,0.0,0.9748380174887843,0.013374955289266766,0.7143283486366272,0.9723184704780579,c43f4f040f1f15606457a33e67d1ceefdee5c23e006a0e0ff54e2f0ba8563e6c,1,0.9494073818676124
0.9999962243962914,0.9999973760199774,1.3284885018406052e-06,2.3948907334833224e-06,0.0,0.5062654614448509,0.7415754294131987,0.4922748804092407,0.9814233183860779,c450cc5dae93d837b4c0ce66fd134c571bce73a9cdacec744a1fd7e9981300c3,1,0.9930861052574379
0.9973278336296119,0.9965466525870654,0.0008645356893629086,0.0020343032882971235,0.0,0.04582405090332031,0.9977259188876785,0.9308539032936096,0.0,c45797f789f14b285d30f2da8a89d57b8429022b6e7f6b5c0743b9554dd954a7,1,0.9934941729569965
0.9983802255296763,0.9974766420288111,0.0010431432207051278,0.0031131876298831074,0.0,0.004716336727142334,0.9999835777411119,0.9569202661514282,0.0,c46d655f0ce9f73d5309393b683e84ecb3a4fa2717d9de2e46fbc3172b066696,1,0.993770726779195
0.999946294375083,0.9999422089051224,5.018570950751385e-05,0.00011950869225204743,0.0,0.1841829866170883,0.9731779205564002,0.5218632817268372,0.9974029064178467,c479b7779b5f3d8c2a53f718d40020d01c76e0eaa6af4575308f2f1fe8ab936a,1,0.9966324195357648
0.9890834252237662,0.9482740725953996,0.06472820364500975,0.1954292577110467,0.0,0.05859345197677612,0.9963354144312232,0.9828214645385742,0.0,c48fe6c4130cf70045049537cdb1945a4d83e082a6cac36e230c346978fb57b4,1,0.9621869167645425
0.999555835011276,0.9995770597874969,0.00015246793100639106,0.0003044360889192452,0.0,0.5769271850585932,0.6293392759020875,0.47284334897994995,0.9589051604270935,c496b9aa6fee1d9dffd8b1ce99da792a3d159d15893a491c2a43e29283657bf6,1,0.990565323222148
0.9881772503402694,0.9854260574356974,0.0042057138409260135,0.008830678249948432,0.0,0.0681259036064148,0.9960462779446406,0.5642132759094238,0.9271106123924255,c49cb01ae8ff0caf3cfeeea03beec702cc1ce5cb868be3d98c45d7b9a6f3ffba,1,0.9954438364787642
0.9978340012390647,0.9881161058536222,0.012507325459524756,0.03806506928899511,0.0,0.012811481952667236,0.9999914862422974,0.9619960188865662,0.0,c4a082a4f9acc7ca2c056df84bd78c394023be74bd319a677a2504bbe37a99c5,1,0.9914142863848766
0.9964146904229122,0.9953891058369865,0.0009717952977206487,0.002428271871682375,0.0,0.027290701866149902,0.9993298317391466,0.6271935105323792,0.9835588932037354,c4a5a29b169cfbc3880521b9c15dc0214c3a98bc7073a95bf4856ea804c67f75,1,0.9966659630663818
0.99991222979082,0.9999190702056827,3.895568455584612e-05,6.56722173412663e-05,0.0,0.07897421717643735,0.99648232812658,0.4622455835342407,0.9964599013328552,c4b04c578c6b8a89e4a135d73f0f69ed2fba0787c97b6692279044737196055c,1,0.9970747477035657
0.997893175070618,0.9939937986573698,0.005675432662339176,0.01749294733041462,0.0,0.12233823537826538,0.9905091856050645,0.7849896550178528,0.0,c4bc11cae4f70b5e912a8e9538bce21cc174e74ff46eef2c3472c529283e5f8b,1,0.9926504036894761
0.9924104317671452,0.9922845704133021,0.00202391259030383,0.0037464954153733215,0.0,0.0859268530922502,0.9953915975266656,0.6647710800170898,0.0,c4bc2b8f7c3812ac98ae056737307962b0493c388c32486f4003ee1912eeb22b,1,0.9930582366837573
0.9880611716871874,0.9795549348127034,0.015443831536357146,0.044605346058516814,0.0,0.023145249043572735,0.9990909658257086,0.338055819272995,0.0,c4bd9ddf77de89dbc833f1d2db013a672571ac6977200e7571f8e462e0a6cfba,1,0.9909654059179723
0.9936115173086397,0.9874786644810191,0.008892687495290147,0.027100191553207642,0.0,0.15212368965148926,0.9854758165017636,0.9678351879119873,0.0,c4dc4e909f213a487e6ede4c506f177fc96e88b792e7999f3fe1d3fad6fed879,1,0.990374797010803
0.948151841657543,0.90727630350532,0.2818896436448098,0.8075186118296461,0.14285714285714285,0.7358262538909912,0.5102710628887727,0.4838566780090332,0.9941357970237732,c4df9dd4f3da586b0d189bbf49dfbcebe1989155fbf651dc798cd2cb73adfe64,0,0.0003958210752689639
0.9980789122779468,0.9977275394949098,0.0015004750645607285,0.003328615053929471,0.0,0.9736452102574158,0.013689513919298155,0.5449069738388062,0.9695335030555725,c4f294fe1387426bc7ab6bc563cd95f65d11bf3d49230a49a58cab60685c484e,1,0.9503441562532211
0.9939694209401947,0.9932110268316755,0.0010919857216406914,0.0028321050879117626,0.0,0.02095973491668701,0.9997163918471743,0.7687685489654541,0.9800625443458557,c503214ad64269fc5075aa2585244063a600d862c4fe9e059457b64f2f1781d2,1,0.9963217138241286
0.9823735420376466,0.966048577970662,0.31951003095517183,0.9241197176810609,0.14285714285714285,0.03489798307418823,0.9991844751408449,0.9128957390785217,0.0,c50ed3003cf71930f01b4e0ec922d658acb12fc16ddffd8afca1797478aef63b,0,0.0014196795930874733
0.8608244334267551,0.8627577452213392,0.3307548819875492,0.8050905989911834,0.2857142857142857,0.0058152079582214355,0.3283678064641176,0.6245512962341309,0.9485450983047485,c515a049edf534732206347fe6f8713a46e5fb315f0776fa6677f6c71d29686b,0,1.0861978199956237e-07
0.9997711631689677,0.9997041143282084,0.00024431089480005894,0.0006227080038849473,0.0,0.18057008087635024,0.9722724622927107,0.4426828920841217,0.9878520369529724,c5303b6093a83879eb0c99224f153a99a2c66f8e334d48ab4a89090c47f9a133,1,0.9966786144377036
0.999718609229558,0.9996391729222376,0.00017730790476678618,0.00047632408173757187,0.0,0.9100388288493148,0.050526610578896035,0.5970470309257507,0.9884082674980164,c5372b990740a0c16874ae1f189930bd78330743b180005377dd187852883a4a,1,0.9582441137500538
0.9143407667780211,0.8245977372026543,0.35080764360181016,0.9045060096418205,0.5714285714285714,0.7676710160437779,0.7029918058605411,0.6777909398078918,0.0,c550584a8317ada88428f03aeea4629a9734c2e2e4b752ba2d471c8e44a5b413,0,7.723593146522832e-13
0.9997745573001865,0.9998268166064651,7.961131605459398e-05,0.00021188071418173083,0.0,0.033496987074613564,0.9987349631601431,0.33213672041893005,0.9956103563308716,c55807b91657bf543893c37044bd2e1ed877600e1b3ee152e58b238a2539e697,1,0.9972895313688614
0.9885278894800313,0.9833382861641493,0.0041721709216920476,0.014049962563966956,0.0,0.14403128623962402,0.984017425168915,0.606814444065094,0.9805076122283936,c5624ae52749572119389fce8f47f81bf5873c4843853a7756bacae8692b77c2,1,0.9951044558604838
0.9979947378146403,0.9968400733543505,0.0010427582042136399,0.002629584890262848,0.0,0.003953414503405567,0.9999470776329469,0.47366997599601746,0.0,c5643e5901292ae98b992e0a1d6d8c721771ba538e86497dea65bfc219628a4d,1,0.9946515095120976
0.9776877010355269,0.847857412711307,0.25655836969018503,0.6092433239916908,0.2857142857142857,0.03797039236533983,0.9985634423393858,0.36659446358680725,0.0,c572866c1e4e780bd5e344c90a7f6c2df13cb1de4279124ac163b34a31bfb72f,0,2.638442297803749e-06
0.9940644507682824,0.9925962064751418,0.0011628530207563959,0.0032688062719619104,0.0,0.026111602783203125,0.9995038685927609,0.6520970463752747,0.9466976523399353,c59702b907cc25fb5d169ff2c32e85703822e85174e1a4d945453191789ffbf8,1,0.9963538289110391
0.9982262585975226,0.9977042943430945,0.0007802733557071644,0.0020252898110636464,0.0,0.020098447799682617,0.9998105613538834,0.6179378628730774,0.9995924234390259,c5a05c4685f290be4c2a8fabf6182944b84a1bd95c88fd2469c7df48c8f4844c,1,0.9968875562183677
0.9938091837958773,0.992793272111774,0.0014813372838645598,0.004299002834118326,0.0,0.03049600124359131,0.9992244339774916,0.6902689337730408,0.9950246810913086,c5c84448730b69eaec33f2cfc3f3a94b7b113e6f22d31f26c415f25cf6163427,1,0.9963780153338909
0.9963975707527821,0.9961823117233217,0.0007673432731977377,0.0020360485930410732,0.0,0.046800851821899414,0.9979156111711829,0.7031108736991882,0.9755861759185791,c5e75b09ac4b92e2b57d52b984cb731d018a67eb7e9555f517962ba0835af5ec,1,0.9965547062263154
0.9881855285381369,0.9918083127681756,0.0048617262938083486,0.010741996237348292,0.0,0.8184008002178866,0.14735288258600687,0.4467238783836365,0.9542885422706604,c5e89b87616bb4e0dc089d8e58aba93b8d55a2a1879562072015b3dbc6d69630,1,0.9586408635302043
0.9941124509357377,0.9938230487248304,0.0014011637658586488,0.003395544836769515,0.0,0.00908440351486206,0.999985511401592,0.724031925201416,0.9985129833221436,c5e8ace13dbeb3c9e7c63240f47b68394749306a317bbc3a8a8964c020d347f2,1,0.99645846871474
0.9832586836398343,0.9478118336843835,0.04301999028076191,0.11029388253754058,0.0,0.22781634330749512,0.9534248347851396,0.6693621873855591,0.9723359942436218,c5ee9b3b699cf56fd3edb818598fc69d973759a86a1d3e6269a08438fe06c5a0,1,0.9813665534831785
0.9872270612738476,0.9827554012311884,0.007966966765120093,0.02302198455977278,0.0,0.024358510971069336,0.9989553679395057,0.5893216133117676,0.9820243716239929,c5fdab57aecece327c7488a70649a4da736bc36d41f7cb91a1f53e1a301bacba,1,0.9952563406706785
0.9936704586763917,0.9928557663880312,0.0014701286011040218,0.0037532430191277166,0.0,0.041716814041137695,0.9983659767299239,0.6026272177696228,0.9512500166893005,c6081fab2f9c48a29b2707a35b2d22c46c1308959c504d3ec32aef64b49e338c,1,0.9963546975139215
0.9537165179665638,0.8963872527215505,0.18047397027098272,0.5138052873650055,0.14285714285714285,0.9610522368919048,0.03162853884966468,0.5204127430915833,0.0,c6164393b2b545a59af52b749a1222c793fe0ca94279679eb479757a3001e9aa,0,0.00033267019838731154
0.9916548018337774,0.9881550828824052,0.010493600863091835,0.02866662318630142,0.0,0.01442188024520874,0.9999962326011136,0.9513236284255981,0.0,c61791012fb1fe903df8d21d6461aca03033fb06db1b3ced41af5474a38c8a99,1,0.9911653176937786
0.8535657336373954,0.8301629031056852,0.3546841918476836,0.7642031775630564,0.5714285714285714,0.002198292873799801,0.9997458133081505,0.3233412206172943,0.0,c625a218469f5cc76841b524e4e0ecce327bc8b5989a8261333d9d537590026d,0,1.1426823045165774e-12
0.9900709693383775,0.9917534119792728,0.0025005001750712766,0.005682232202771501,0.0,0.05711246652571676,0.9977579861488037,0.5425291657447815,0.0,c64b3d55c82d99fd43f5dd338622d7fccc7a0dc512b3fe789bba38f1a72259b2,1,0.99326685120453
0.9917453515475592,0.987089275576919,0.0027333153921784486,0.008136354179448912,0.0,0.03468728065490723,0.9989232547983345,0.6423718333244324,0.9779395461082458,c6640f0eb51bb2757d4d2558344caa282afae8762048088de4ab160457d34b9a,1,0.995954979107023
0.9819643432100472,0.9761686737161412,0.007019683927047748,0.01838930202433242,0.0,0.2280542254447937,0.975354594731561,0.683073103427887,0.9682367444038391,c678c89659265b46591acae30868664569fb65cee2a3292cbabdecf3a5edef06,1,0.9932715909482844
0.9954098301022815,0.9911957348398559,0.004009183566277261,0.010256932719882227,0.0,0.0034316238014886736,0.999970829422881,0.5149154663085938,0.0,c69eededa3ec8eeaff67825ce36b7b8e6e499e5fb76cdc12347d9fa017baa515,1,0.9937089454751381
0.9586684492865801,0.9260163707045688,0.24369958557742188,0.6947017996430392,0.14285714285714285,0.0852176274489338,0.9947919651447849,0.73903888463974,0.0,c6b2ab52ee9a24945dceb0701807a96f1d14b32cd5e18e30ea6595c8e547cdb9,0,0.0024238560748354723
0.9981535558129642,0.996180321093395,0.0015871515306016316,0.004277166369993757,0.0,0.012971639633178711,0.9999906605463151,0.9706600308418274,0.0,c6b54dcbe3138ccd50ee4a94511b4cc547feb2bdedc401503392e712fe491476,1,0.9935232509592005
0.9954580396243053,0.9954211672349562,0.0008952430859793171,0.0018144046901216182,0.0,0.013056039810180664,0.9999807618361449,0.9738170504570007,0.0,c6b61acae32e6b492ab63aa293b7f955b555dea5212f0f8054c6c10ccb73afd7,1,0.9933560174059454
0.9878577434357428,0.9834926221630395,0.005889671742220635,0.014913537250649034,0.0,0.9216739237308502,0.0651703871545598,0.922109067440033,0.0,c6b73965b8a90a383fe27c90b6a426f144b779d509d36c9228c18ebb576f4ae7,1,0.8854523428040426
0.9999992837800021,0.9999993218405283,4.5078949460883044e-07,9.968552681762628e-07,0.0,0.11941049247980118,0.9847892654943572,0.45027756690979004,0.9959706664085388,c6bf48802cd50d1ffb32644081e6f50e77c58209f1456e1e1399347648ee1971,1,0.9969361837413367
0.9956472159775659,0.9939091803638344,0.0022453817884428595,0.00424050420044908,0.0,0.15594112873077393,0.9866705018190994,0.7080673575401306,0.9708886742591858,c71236125891e1fc0149ffd9c4aba1144b14af4311088396c559a4394eb1ab48,1,0.9959256943431551
0.9953936084102055,0.9949404167401433,0.0011671900452402955,0.0025382541991570973,0.0,0.036511123180389404,0.9988381316649779,0.6285433769226074,0.9906741976737976,c71549c64832d430c408e7d21fa94ce267ee6958da48cad704a8dffd058f78a2,1,0.9965877529861169
0.9941970746948866,0.9932178223023848,0.0018957867923090883,0.0041722324744708494,0.0,0.14586538076400757,0.9865522869992758,0.7066037058830261,0.9825153946876526,c722dd5237ea51808d6b4bc3a170695eaed63794b0007adc8d2b2a6156fe4ed0,1,0.9959224150306072
0.9514720672953526,0.8619776924125924,0.23540011581316855,0.6191584403741407,0.14285714285714285,0.9711373887739523,0.030789557431169373,0.42159727215766907,0.0,c72f2919d1185fb2841ffe01f28c61ec9581952e9f351606018ae4feae1c3227,0,7.52945448324283e-05
0.9759286927617996,0.9738438223810072,0.008080827079611707,0.015228117763978085,0.0,0.1759478674145747,0.9767691095652339,0.3165283799171448,0.0,c731177076eefc13c5a0a33437a6183c94ae8ded92e660e8905f4cda0a8ccb6c,1,0.9887078975599314
0.9999965937464913,0.9999948258388274,6.034215500159825e-06,1.64336459875009e-05,0.0,0.23049139976501432,0.9569247810112067,0.6236537098884583,0.9932535886764526,c73a6c5a25c280114c7ce1d8fad68599d0a50f03c7580b4636f5a3714633eeb7,1,0.9962713059674932
0.991501443985813,0.9924617172072231,0.0022486244804134693,0.0045825796575075265,0.0,0.2376245409242724,0.9603444381135277,0.47542235255241394,0.0,c743486f8063cf67f428cf613e891d63316f873014aae76bbd2a441273b7e16d,1,0.9921524935340224
0.9619248932285308,0.9596854966325552,0.024117771312455124,0.058258132296365894,0.0,0.4033312201499939,0.8612627612819101,0.8846580386161804,0.0,c74a9663f265e460604861db64f7e3774998b1c1189a01336b457fde6ace4b77,1,0.9636421225228189
0.9999987248581766,0.999994185715007,1.1574127084799032e-05,3.2868687059200925e-05,0.0,0.0022240628022700457,0.9999782798572819,0.36109834909439087,0.9979917407035828,c74e1afcec68f15a40bb6320242a72ad507d84202df2f44ea515dfcc9db6766e,1,0.9973447170741683
0.989783756348138,0.8649940630729454,0.16557519501805873,0.45866237400764825,0.0,0.2603093981733724,0.9502078637476682,0.3494327962398529,0.0,c7519cb9f1506c979e3585c88d489d95458854c5c315e38c253e182d93c29978,1,0.5939033552848009
0.9910318036086365,0.9781264850928013,0.022332590530435657,0.0606535533404895,0.0,0.013198316097259521,0.9999857692247445,0.9339727759361267,0.0,c753b012c94e734398a4e61cb4e578ac49ee0f4b292ebd6e913ebe156e0289d2,1,0.9877071211374848
0.9945659383707233,0.9833204401794794,0.015259432683758099,0.03984186924921318,0.0,0.01499718427658081,0.9999847387370275,0.9676452875137329,0.0,c761d64050735506e45b93d9c1512f772d56276d6bb78e4c8ef959f3716d3c72,1,0.9899775511890033
0.999998602712259,0.9999980964987876,2.6518792635484697e-06,6.940295848745326e-06,0.0,0.1263514757156372,0.989857232884065,0.5653591156005859,0.9924290180206299,c7792530385175f5e59315d1f3aadca66ff96e51b7225f8390d58736f60713c5,1,0.9968270239195249
0.9962779819388246,0.9960869526566799,0.0004438256066344525,0.0011265363371636417,0.0,0.0159720778465271,0.9999342750346333,0.6906964778900146,0.9804633259773254,c784384d0ef8b7910c2f1f9565830995aa225018fada2f1a3306beac36e572cc,1,0.996674142687478
0.9969338397499233,0.9954505552976881,0.0011557835478181737,0.003672054945186727,0.0,0.053856182843442055,0.9978380975774899,0.6111886501312256,0.0,c78cb01f6a5b3f699e55716ea422910661266403e34856278d6b767e89996ca8,1,0.9940120675727602
0.9984680667615065,0.9969912092313373,0.002350756577715769,0.006941458956398942,0.0,0.006145482417193153,0.9999102404504459,0.6122310161590576,0.0,c7a48bb021c65f9773939b7aa45d7542646a85e2657405ee22c58c3a9c19457e,1,0.9943020124670096
0.9970407036386667,0.9966228185417119,0.0006484388609306263,0.001898146858003713,0.0,0.010955214500427246,0.9999968148024057,0.914943277835846,0.0,c7a4b2b0f5b5bc79bb4a525ab40365db0d7751d66d95e3be496dc09a860771eb,1,0.9937279737143773
0.9942889018760775,0.9917235306823542,0.0025974743340685205,0.008468742250520633,0.0,0.03356581926345825,0.9989183636475839,0.6963891983032227,0.9765581488609314,c7b07003495541774a9cff56f07a2d0041a533d9b49836a5a07e8aea1fd067a3,1,0.9962240392448908
0.999938107991062,0.9999309808151493,3.6147725116159985e-05,9.165610020107966e-05,0.0,0.026432670652866346,0.9992205596117943,0.34659549593925476,0.9905288219451904,c7c951abe7d9baec57bffe1d416a6be8cf1aa8e4269f61677cb757834708c5e5,1,0.9972935768811308
0.9967457871255664,0.9934700414104546,0.004347120592144594,0.012606988324042692,0.0,0.030555726960282435,0.9989344392068306,0.6069149374961853,0.0,c7e6d912ab61e17598304ef5f283d78494166b86af8c2094d660ad9f3d13d5db,1,0.993628481144382
0.9995736330899939,0.9996281421429759,0.00021451477629901242,0.00036550941353003126,0.0,0.1352227181196156,0.9921828142138582,0.3025659918785095,0.9906162023544312,c7f48c001248fdf39e471f051de245b8c6580c57b4c6f9f69853e99000e51306,1,0.9970566491611776
0.9912419560858814,0.9467820486806504,0.10634832373029475,0.30484795862175196,0.0,0.08334213495254517,0.9944675612046424,0.6144770383834839,0.9846689105033875,c8016ddf3adc7b431402f0a53981b4ca123d97a85640bde7f5d56bcc27685580,1,0.9605639270994026
0.9939907641253646,0.9923576845561435,0.0033478464867858124,0.009384051772585167,0.0,0.00742948055267334,0.999998031929328,0.9677177667617798,0.0,c819044b9f42cacb98cac109cd18d1fd22de88bb82a9ba76e71456a76d665695,1,0.9927497205027662
0.9916710933590916,0.9902096356430683,0.0023268390627678125,0.0069672511446879914,0.0,0.01933729648590088,0.9998745225067159,0.6473830938339233,0.9845327734947205,c81c6451c89603f13dd169d664c25a2f5020d34796294aea53ea8757b8c1b0d1,1,0.9961935599923434
0.979892090705741,0.9813421337177929,0.01621812590811971,0.03671965002890332,0.0,0.0416644811630249,0.9983798131822085,0.983449399471283,0.0,c81ccc767be42284fd7c2bdf19bf72be5da0effbc4507690a49c0c0c91dc94f3,1,0.9875460615560763
0.9908518725997532,0.9871243286774509,0.004848533981965785,0.014406995318824611,0.0,0.03531193733215332,0.9988822917258122,0.5632437467575073,0.9805942177772522,c8307db16203aa4b6503fbff259699ab92799c02e9cd6810b902225ac76ac29a,1,0.9958932361133587
0.9973646354321704,0.9954994705040044,0.0028803912292167167,0.008466186292494182,0.0,0.012522101402282715,0.9999999675937888,0.9716924428939819,0.0,c8340feed1bfe156c40bbd8366fcbaec4c0d08caf927ef9a99411c2455945bdf,1,0.9932797288580136
0.9951728237566512,0.9940740727023256,0.002182453293808944,0.004993008323358744,0.0,0.007287358862439484,0.9998813378011071,0.5724756121635437,0.0,c86a8c3a5b3f7ce362a0ac6e892a86b464574de4c572b698a375f79a05af3e95,1,0.9939742913483088
0.9999970840080759,0.9999967645708333,2.7170156478720053e-06,6.509156544160938e-06,0.0,0.030899150297045687,0.9988490504112854,0.6009156107902527,0.9968519806861877,c8817c83a8f6520126cc9205adea972c2862156a5d8e102687a5062a125888f8,1,0.9970531096971053
0.9972426708891126,0.9931377165091452,0.005492687692683926,0.015085893169548448,0.0,0.007750391960144043,0.9999903607255457,0.9633118510246277,0.0,c88c8dbd840f317712f9653a9545faf64aa0573edf31be2bd766f3b464df1022,1,0.9927828673311235
0.9999781996525374,0.9999765851039409,2.042391029474017e-05,4.785487956790329e-05,0.0,0.06124337390065193,0.9973529652126807,0.4933334290981293,0.9943333864212036,c897270876b4ab76539b4c2fd3b80eeff26873327503224439ffe5f0a03de87d,1,0.9970853636690635
0.99986247119041,0.9998633118078074,8.219445741007105e-05,0.00015592908173862823,0.0,0.013151331804692436,0.9997428088649888,0.30170413851737976,0.9942524433135986,c89cb6ae929df86f9488642f494a8d63361ff5b7754870928c48abef5ad329b2,1,0.9973605470407735
0.9780186591883503,0.9606193701114748,0.03220292651157511,0.08825367886268876,0.0,0.3142193255588097,0.9186408275441913,0.6263512372970581,0.0,c8a453a48dfa1fdb444bd86b5d5f8d90dc8cbab5c4615b1becbb4ec8a5048ca9,1,0.973228705359478
0.9825079099927846,0.978340758474087,0.010346924099098603,0.02757595386553735,0.0,0.012099146842956543,0.9999940458987786,0.9270110130310059,0.0,c8ba866180389a2156364b2f005d34b549f17ad9c5148089bfed744c948c217d,1,0.9892088200777955
0.7450592969858214,0.8440237315409573,0.35093711301747477,0.6324306974068978,0.42857142857142855,0.9335454031825066,0.21382151263899604,0.2604580819606781,0.0,c8cae2345886c44446685e773c0cf7dde21aaf3d7278c709b435e89123d39d3c,0,1.141729095642721e-11
0.9924139173805278,0.98356795495644,0.007773712728463744,0.01884451802133602,0.0,0.14151066541671753,0.9868514527552318,0.9644216299057007,0.0,c8cbff83790b467805dcec20e8eaf5ae62d88adeb753b46c0a1aa759c694a2da,1,0.9899611110888316
0.9999226033936401,0.999918842989354,5.3547259084000274e-05,8.747367624622015e-05,0.0,0.09661578386915391,0.9903819493866636,0.5278493762016296,0.9972365498542786,c8e8343695ccc32186b30f7880b4ee7c9fc357f436a3af065a7a8af30fe5a53c,1,0.9969328666911157
0.9283373722208209,0.9250407316461722,0.3912472825447845,0.8997252451875957,0.2857142857142857,0.8768109485220066,0.16743609967006434,0.17208391427993774,0.0,c8f1ca3d4c5411afcae0a99f61beb9ab55617d3cf304edcb1dd868367ffa3f2f,0,3.6269588409164745e-08
0.9928981177006387,0.9910504684691376,0.0015201778654080095,0.003959506780612632,0.0,0.04798531532287598,0.9979588188836398,0.5781159996986389,0.9899474382400513,c90999ef7fc481c1fd5676b3e29dbbb6ecbace8305fd727bcc48596ecda2ecfe,1,0.9963353740551546
0.9960477293150984,0.9943573376115294,0.00308030558535237,0.008626964044958971,0.0,0.026662632822975475,0.9990888582091931,0.6315191388130188,0.0,c90ebc64d8d445b1a6aac2520b184da0d963358c2bb2bcfd9631727b764468a2,1,0.9937546881241537
0.983508379955589,0.9057474629642476,0.11921630663831191,0.3590954694427164,0.0,0.7606719136236115,0.34604753935674687,0.651900053024292,0.0,c9210d24e927ea4cde5aaf6c35c391048bf9f0d79dff63f61aedf7b65b3463cd,1,0.48442617171828684
0.9997502227569407,0.9996985825727683,0.0001915327670709646,0.0004924343661673349,0.0,0.005566231440751991,0.9999359453692986,0.3008875250816345,0.9881340861320496,c9379bfe8eef84395a0036a45d2fe36a170e86a33caf154b324243ca8a62606d,1,0.9973531980587532
0.9976589884472924,0.9969832547051671,0.003037046591352175,0.008083744583220736,0.0,0.13059069249927102,0.9903786335446374,0.48617199063301086,0.9982599020004272,c93cfbf8ccae1643df209d06289ec09788d5f3d79c9887f53dff89f0b28b75d5,1,0.9965467085302323
0.9877961363186305,0.8820593554627197,0.22914435663603366,0.6569698052435462,0.14285714285714285,0.01032954454421997,0.9995541712258623,0.8203567266464233,0.0,c93e85c08fae775074ad1b78b77875fa578c247bdb8b124a8c09e96d446af3e2,0,0.0024117781020774353
0.9997076185131574,0.9996204031763865,0.0003149225733824828,0.0008503292859589095,0.0,0.019900122657416565,0.9995225293906382,0.37120816111564636,0.9959827065467834,c9458878b2459e12c6c8ad350b95764a8ff15c1fa847c98ce06897a2d7b9f2ff,1,0.9972631663052373
0.9941721995559981,0.9944502317824663,0.0027986269523577333,0.005676667723379755,0.0,0.12036638629265745,0.9943672393016152,0.4247155487537384,0.9872667193412781,c9738d7d2ccdd0a7a9f3df6477f83058fd5c2a46b50b46a5cd72ba1be2d208bc,1,0.996424134027785
0.9911945422278063,0.9810148179239724,0.013752107697998079,0.04049413196806473,0.0,0.0060236454010009766,0.999900029228429,0.9772502779960632,0.0,c98bf20943e8729e46a25907b0846708e9fd85dd954fb2b92b7f1be81d4ecbd4,1,0.9897509255644549
0.9977763595593148,0.9975622582391628,0.0006299421738556803,0.0016961715493268859,0.0,0.01512289047241211,0.9999897554125892,0.9313888549804688,0.0,c9a1b5450b281575873fe20e94c270d520c9cf4784abc194cd8121957df2220f,1,0.9937937121847635
0.9871803600272266,0.9817972501803981,0.006212798727134923,0.01816006285555971,0.0,0.09139561653137207,0.9929863815613342,0.6164975166320801,0.9631455540657043,c9be9820dfe01a3f8a34c03c08c76e1813f5352629361b12f22f22288021fc53,1,0.9949586578601061
0.9883390584420215,0.9017589749235915,0.3295562749788936,0.9006974942558552,0.2857142857142857,0.11345535516738892,0.9901170213811227,0.9516663551330566,0.0,c9c33dc1465747d1b6e3152f46fbc5dc5fb9339b0b470d0c3a1f4e56458e2132,0,1.5485003150028916e-06
0.9999859696836586,0.999982752529207,1.0645339133472192e-05,2.0504931447312403e-05,0.0,0.006298237945884466,0.9999610400762684,0.3490254580974579,0.9949741959571838,c9c342db48d9ca9e2f2540d30d1a49d2404bcd9c1cb056fadf8de2039a5c92f6,1,0.9973429424557138
0.9971350223935073,0.9961074300761893,0.0011007678219154492,0.0027741847856879165,0.0,0.033719658851623535,0.9988804107914083,0.7643165588378906,0.9503449201583862,c9ea8d154d83108b28a2f51816ed42b82aab426f7bb5404633d4a01524122aa3,1,0.9964675830159253
0.9952269664696283,0.9949576010035969,0.0005305213847166096,0.0009351799928897231,0.0,0.027331531047821045,0.9993429175412025,0.6232537627220154,0.9815897345542908,ca120304b3ba20a0c0825aad1b03cc3c8e03aa5d88dad520d100d18d334a39a7,1,0.9966340038779271
0.9936257215717621,0.9925730691923533,0.0010456975995365167,0.00324931826494812,0.0,0.02693086862564087,0.9993712827165356,0.5994851589202881,0.9920302629470825,ca31fc863ee1d471bda5b1dfc406a866e8cec34a5bff3b8041a278f85e533161,1,0.996503406304179
0.9964293735512112,0.9955117836813665,0.0008440955114494269,0.002056688619234137,0.0,0.04022216796875,0.9986198983308774,0.695929765701294,0.945101261138916,ca3ed4babb68fed63e3fafbd38f3c0ead08813c7517a72a0580f617e442285d7,1,0.9964869229438633
0.9748338775022249,0.90689065701399,0.16624277648048053,0.47503898196678224,0.14285714285714285,0.49691212173669613,0.762617043251565,0.42857885360717773,0.0,ca4aa15b909faddf52ddaa973d4cb459ff2eb3a22c942fbb8bfdb5ea58f0c63d,0,0.004169694214405029
0.9634318607304613,0.9848682427124016,0.01030705707967923,0.030973645812629538,0.0,0.026867950802170526,0.9990468255195365,0.2262009084224701,0.0,ca7672c2c9c29ec716e91d1eca40189d51706da55b597fa1ac52a227eacb2fa5,1,0.9906186674873932
0.9974977021576323,0.9970671431353068,0.0005832649980632905,0.001410781133970973,0.0,0.0069367289543151855,0.9999941049783236,0.8231614828109741,0.0,ca7a2b7d25582dc2e51ed5f8d8b8d7d50b02a2d1094c56e4e825fe29911571cc,1,0.9940003551546697
0.993239972849388,0.992367431715997,0.0019631060465513245,0.003961709451898443,0.0,0.12066411972045898,0.9915454029541126,0.5838280320167542,0.9927912354469299,ca85e3efbef85bcef372a59a069ac0474588d4828164f1a6c456cecc4bd7296f,1,0.9961359862287679
0.998778248300804,0.9990529512416658,0.0004101939730390727,0.0010465887305016193,0.0,0.981086790561673,0.009113439832998475,0.5006369948387146,0.9989529252052307,ca89a621ace53987cc9b5cad51cb0a401bf26edf0394cb2f4195aae69d6dcf59,1,0.9531640289560399
0.9987899336296245,0.9993674916158692,0.0004285980114595694,0.0011072796684383896,0.0,0.8459050654210487,0.1241398922612095,0.5820781588554382,0.97567218542099,ca994d9b279ca728a5266580ff70ad98b07594b04063ae3f2772a3be95d2ea68,1,0.9650833839894184
0.9879014298764677,0.9814940485337765,0.007130774039330075,0.01890652150990475,0.0,0.20903106030788374,0.9674504571375295,0.46901556849479675,0.0,caad61f78a6893933871a74af279758211ed37e104472ad02d226c4e1794bc8c,1,0.9902333109700172
0.9354483328385805,0.941285365517475,0.04226084602309591,0.08377574449298457,0.0,0.07594058790709823,0.9959881230685965,0.1791488379240036,0.0,cab7644f654be236ad5a7dd8cd8dbd1cf44cee493490f08d5b48a3e0f5a463d9,0,0.9601782511902105
0.9958303972762578,0.9954929562498119,0.0007200552924422977,0.001070945905964571,0.0,0.013529598712921143,0.9999913390399956,0.7087663412094116,0.9911256432533264,cac68713a9d8f48b6b0ddb169d6662b369fe7b5affdb846cfb41dd86cbfb998a,1,0.9966186333076378
0.9987438920776597,0.9991861823433831,0.0005498855980574474,0.0010624785311347522,0.0,0.85572463274002,0.09420769346523991,0.4424763321876526,0.9492170810699463,cad3cabb7cfbef8de767ef26a5803894cc19a73ceeba83407ea3307512a1aa07,1,0.9635075040687331
0.9941229622088611,0.9830104889912455,0.015332785187237777,0.04148077581666665,0.0,0.004592418670654297,0.999966884573019,0.9602655172348022,0.0,cae386ffd7358f876026c67ec86bae4d28f29a41c71de5e0268041dc747b779b,1,0.9900088601528039
0.9923188843752053,0.9209326768191558,0.08188119099950386,0.23185584632981282,0.0,0.09908425807952881,0.991666510189914,0.8412410020828247,0.0,caeebd5d7b7d8e53e67d72381b8bb3374ccbbcb195269605d96d7dfcd870a0ce,1,0.9312539326953373
0.9767184046724525,0.9794775508372381,0.014803294610759653,0.029459694472243628,0.0,0.9795004697109562,0.01875174513282117,0.5944932699203491,0.9381898045539856,cb06340030d7aa7606a328042f11f2ca294673743be8dc1bc94ef98727a4e729,0,0.9033196647681307
0.999991968285321,0.9999915684234953,5.631792726098337e-06,1.3004459098262917e-05,0.0,0.25696486234664917,0.9439789877974605,0.4348810315132141,0.9941511750221252,cb0666710501b8a783b0e5849ccba257df23848ddeffd123fe49aab7b91c361e,1,0.9963410936296666
0.9335800009088601,0.9552398590979497,0.01960885383039023,0.04629110383578157,0.0,0.5399662964829304,0.6988222106537971,0.1859404742717743,0.0,cb162511935fea64cb6cd350ca34cb07cb70ce601909ce4ee7e61fc7c960f977,1,0.9438555554919779
0.9999465830249354,0.999942247590999,4.402558277876283e-05,0.00010289125838094349,0.0,0.039470139890903276,0.9984219289675481,0.3980138599872589,0.987829327583313,cb16aa32d0b695c2b90da0baab38d5ee9bc9596a4e6dc547f26cd0322fdf157c,1,0.9972123410425316
0.8165502940452724,0.8867485196726691,0.11448901005700239,0.1750113933244511,0.0,0.7911748932674527,0.3242228006939104,0.4806814193725586,0.0,cb4c2c343c1b63cad2d8ecd77846631955365801ebf4d3d6cda3e0d85a801472,1,0.10141945971206184
0.9174516572919815,0.9354032483815145,0.04562553540546808,0.07670961381589914,0.0,0.8795052841305733,0.38755365397362196,0.5927686095237732,0.9953486919403076,cb561b1d4184243d3e979c0520a96a0ae6991eed3457797961d1ce4d13ad6c8a,1,0.8033541691942708
0.9941160381152798,0.9924674746883565,0.0029750725185360787,0.007421873283195657,0.0,0.04888945817947388,0.9977224298610651,0.5288422703742981,0.9806715250015259,cb744c95431ea71a6bb2e5a76266bbde40d6b5e0c0182bdb594ad4595b19f7c0,1,0.9963857195056831
0.9870944707838518,0.9838023479449268,0.006371847074094088,0.009982695203833436,0.0,0.11344516277313232,0.9920642218257042,0.5196674466133118,0.9688915014266968,cb787b658c583e8de241baacbfa2bdb7bbb17555e2d1713ed6f517215e6c67ab,1,0.9950744748778331
0.9965190891539811,0.995891445798616,0.0008812584689445053,0.002658722660312418,0.0,0.029517650604248047,0.9992537096035585,0.6323504447937012,0.9954493045806885,cb7c0d60a21ff6a0bdbba8efd1023b4c859fc4c6fee59960bb53b2143dd90de0,1,0.9967109153894429
0.9952166707081613,0.9823695665385092,0.4281889136182366,0.9506190450412144,0.2857142857142857,0.012644708156585693,0.9999939482696907,0.9723394513130188,0.0,cb8105879744aaa1feb68cd3937357877f3981fb44d833e22185da6e12589f25,0,5.737660147641286e-07
0.8521397034246725,0.9106682192863477,0.2909891870808,0.7590557970067866,0.14285714285714285,0.3356871446594596,0.9997128400966959,0.7112056612968445,0.9984946250915527,cbaea1b674ce38637ac3ea3bf7aed7fa0107101cc0118e0e0581eedc764b37c8,0,0.0004342847064415964
0.9962057724616993,0.9933612217394899,0.003039391065703855,0.007141739482394049,0.0,0.18218553066253662,0.9811581576377263,0.8795002102851868,0.0,cbcd8e8b8d8909ac2ae854d60587d3081cd6646e0d1c9f56cd8cd8f6a15d81a0,1,0.9920545402134914
0.993444293340266,0.9908175268867311,0.0020975463553392624,0.005101743064155895,0.0,0.07986336946487427,0.9951861511299767,0.5944501757621765,0.9860613346099854,cbcea2d2ddc3ab0d58598ef49dc41c01c6451abfcd8ad6eea10dec24f346bf1b,1,0.9961706350325573
0.9999987710183346,0.9999984107876785,7.185296464321368e-07,1.7318160746170787e-06,0.0,0.0036924199666827895,0.9999808212976503,0.33239129185676575,0.9905024766921997,cbd22617b5bff93356d57121a311c1da18dfced1186264bbdf9a20c60defc965,1,0.9973571819870085
0.9963118436880511,0.9951058484289323,0.002306677484625597,0.0055120348854852865,0.0,0.004473012405183618,0.9999394908328291,0.5857642292976379,0.0,cbd6831c5df766bbcb626ff8b432a2526c9d295c174528df3a021989270393c0,1,0.9940914949549449
0.9943763575845798,0.9911849870239106,0.003821902993895542,0.009292432910115611,0.0,0.00779646635055542,0.9999962726565075,0.9830335974693298,0.0,cbdde4a50ad9fe465d576236fcbc0fdf3bcebaa9890786a7d0cb85e4c2ddd653,1,0.992543689887237
0.982786105926952,0.9232670454781023,0.3532559486114108,0.8437253705773322,0.2857142857142857,0.09228928593614993,0.995071103518437,0.5191650390625,0.0,cc002dcfa31937d7de706749607c1de86ceca6318326f0a509d7fb729180103b,0,1.1757467294527478e-06
0.9973164802674233,0.990182048988866,0.006945836836762058,0.019828445359403757,0.0,0.018862128257751465,0.9998992293615198,0.9876512289047241,0.0,cc0f46d4f43b1bfb44fd59ea304cedb20826d48dafd9608eee67007418e76e30,1,0.992210539260914
0.9996447470400205,0.9995909018150432,0.0002476037703851823,0.00043714129306436086,0.0,0.5253836511840688,0.7092821572137186,0.5960379838943481,0.9852312207221985,cc103b895a463e8ab42f748fdbaf5fb1b40861b3a499c93bc7cbb2c6a874573a,1,0.992129106507212
0.9920167376492084,0.9863927940587722,0.0071910502422899035,0.020471803280984746,0.0,0.004671871662139893,0.9999905307571237,0.9531731605529785,0.0,cc357407423c7124f9da8974c7fce2dd6163fdeb625ec84dc27962e2a04beb78,1,0.9915537075847107
0.9894918401361104,0.9916346688349097,0.0023657137192867606,0.005904689164222688,0.0,0.005765308292542043,0.9998845522049051,0.549788773059845,0.0,cc387fa52b65514e597b2d49c413744a07a847ef29950fccdc08d19a65c649cd,1,0.9934855452284638
0.9999888148595932,0.999983854265558,1.435766694682379e-05,3.7467835191001033e-05,0.0,0.18014809489250025,0.9760202831547532,0.5703511834144592,0.9977452754974365,cc4089d4cc539abff42c4038fc67c167a460b33ba5165d8b18a5780e4045324a,1,0.9966126213459096
0.9944765413943941,0.9919015180207331,0.0038434996308607666,0.011113522423933375,0.0,0.026126563549041748,0.999512053819799,0.5485261082649231,0.9854490756988525,cc49ba3322f8c7bcf31891681bbaeae0af72f160192640beddc3c4d31cfbed3a,1,0.996382893142697
0.9945762153975873,0.9910971106078341,0.0036602219141702625,0.01036781538582121,0.0,0.03728514909744263,0.9985461595128085,0.9144264459609985,0.0,cc717e0b9580fc54026898c06a3942cc77af0cb53edb46c638a3c3f51b4b4588,1,0.9925984158794442
0.9951285555547804,0.9942420699278108,0.0013673994649073984,0.0026021154778412825,0.0,0.05871635675430298,0.9971595452613435,0.6496562957763672,0.9493056535720825,cc785a49f2a4d69a72bdd2fee2c8d4b4aa06a67879a87ebf86715e9365e257df,1,0.9963553926671918
0.9953392390035268,0.9928814443664555,0.002253652458816332,0.0063698620488103356,0.0,0.010927943509524881,0.9996777012313073,0.5672268271446228,0.0,cc96b43e4a614da86e3d773d4c21bb27ce2f5068c56b76bda187304261e36a21,1,0.9938924081046295
0.9999999856168788,0.9999998775388931,2.6473337517683414e-07,7.563046566836261e-07,0.0,0.21716739237308502,0.9337924082624285,0.527282178401947,0.9856136441230774,cca5a24b7a8af97f126dcd6c091f715a7b75fb1329b8c37df74284ba56d6e4b9,1,0.9962219235405253
0.9997947776390025,0.9998675477040164,8.227565105495934e-05,0.00020154829916387557,0.0,0.6485122442245483,0.5052378320837047,0.5230849981307983,0.9832585453987122,ccb57ce1cfd2bf0b61b1a6485436226feb01102c6bb91008e2876d721492dcb3,1,0.9870951599964295
0.9943032307984982,0.9957417388932688,0.001018855081398313,0.0027139224366182096,0.0,0.036557933476957793,0.9986849848889049,0.37329205870628357,0.9907703995704651,ccd2e4a0a9b3861a9ae4cf7aaa25b2a7c8994ec125d4d5823304ec5c9c4cbb18,1,0.9968841641588932
0.998193430275915,0.9906726058965489,0.010017423706227891,0.03070439123752411,0.0,0.005925357341766357,0.9999993980903532,0.9654402732849121,0.0,ccdc2a1dc10d705222effee98abd780618c7edcb0ded97c19da9796b2c2dec45,1,0.9920819743891601
0.9956177361589371,0.9929480518296085,0.0024364228679071764,0.0060937247632792315,0.0,0.00889676063943503,0.9998167573957852,0.6091811060905457,0.0,ccf79782be8c449136163ac82cd99e1b2adae8b5032b7a85ad84767e6c5d4ef1,1,0.993806292191838
0.9995638483014313,0.9995021886054004,0.00017060529283487521,0.0002834614494699774,0.0,0.011052270373845256,0.9997788939343897,0.5150107145309448,0.9990772008895874,cd05dcfd07ea38b2b90605ea2157bcdcd947e001c359392eeed3799f54f280d6,1,0.9971466950534434
0.9967797894721134,0.9964690471648592,0.0005057439208478496,0.0008366154928599601,0.0,0.03308337926864624,0.998992218280871,0.5868079662322998,0.980814516544342,cd1a7d9356d985e4ae74b1e1f30f8f003d73f4cb764e2381cc2b4f99957b02c1,1,0.9967717885595335
0.9999625135815103,0.9999316650770369,3.942183696626717e-05,0.00010956015462262468,0.0,0.08541948348283766,0.9958675173050244,0.4606439471244812,0.9955090284347534,cd1e8406b063c5201b907eef74e8cbe2a2f4e40f9bc3c97c891dfe094cc883d3,1,0.9970602414862276
0.9891749973591872,0.9878420253002511,0.005085939187017387,0.012683024941777055,0.0,0.2808838188645107,0.9406883476901287,0.6323694586753845,0.0,cd38c39169f802eb4f102f56340c2cb7a41d9cb6cae583172cd0e34bcf80b168,1,0.9898868123673253
0.9956260346614222,0.9923653105643279,0.0062586271675078515,0.018497558365811385,0.0,0.05833131074902598,0.9976998355315032,0.6252539157867432,0.0,cd6fef7f3ab72a7b4ad328db70b2a586715ce8bb3d51e964ecc090dc9f5540aa,1,0.9930740768003067
0.9825288195628371,0.9728024124108349,0.014689228722665973,0.03879830688723296,0.0,0.9330275133252144,0.04076971965165815,0.7354894280433655,0.9929313063621521,cdc900593e729e1667e30900e8ec2ccd464fcec0f8fe0a4429f02cdd8c05c232,1,0.908004785541408
0.9855156115630037,0.9806330247349414,0.007658899745389433,0.02088935551276161,0.0,0.026195824146270752,0.9994382942420308,0.6523606181144714,0.9687129259109497,cdf5d0d14e41d257bde9a9ad8d590827a5398e60006a41b7a10de29639e659f6,1,0.9949109152201618
0.9923768603392841,0.9824598486640969,0.010543935261471188,0.03178901492600234,0.0,0.10444934666114462,0.9933833309048747,0.4933256506919861,0.0,cdf7fca999ace065c778300c041b70344f4a445fef6fa30681aa6fbe8605999c,1,0.9913480722094434
0.9996017715918525,0.9995806781551612,0.00014793105558897436,0.0003006849842392099,0.0,0.010750349611041278,0.9997918284114485,0.3517917990684509,0.9956691861152649,ce16771549c67b3f4217c8738973603211f5a0a5c7b22206f8216953d7c21caf,1,0.9973021180438952
0.9999927570046326,0.9999964718895439,2.389652904060421e-06,6.621152515306032e-06,0.0,0.06951391696929932,0.995568068057463,0.4993627965450287,0.9914932250976562,ce8d67327b8f717cf436e2a25d96eed6f026d9ed6c5d2138b27bf87dfbf527d7,1,0.9970488546449943
0.9998888821974031,0.9998885875182054,4.211142221062054e-05,6.606939142404406e-05,0.0,0.3313276469707489,0.8947827044408515,0.3978999853134155,0.9663692712783813,ce949cf6e54bcdb6911cd3168e6b4ed454c8d72af78e75af2e0831e5b81b97a0,1,0.9956884708688047
0.9884565013885142,0.9937716597396881,0.004092828520728098,0.01044613068831907,0.0,0.9724458729506296,0.020804052310532877,0.6255573630332947,0.9737387299537659,ce954781a41084462ba1adcbedc8217cc49595adc77d14ce27cb8a75914a4693,1,0.9402824111305531
0.9941074108253813,0.9916333370466558,0.004076188647417101,0.012330301208851391,0.0,0.0289878081529669,0.9990484204583241,0.6185063719749451,0.0,ce9feef6201bb488c07fcfb5aa3c76987662df35ff951a32bf0a4923b89438ad,1,0.9933334189238165
0.9989226942409877,0.9986511889846853,0.0007578290322387183,0.001957695941127802,0.0,0.00794410612432524,0.9998830735696593,0.30650463700294495,0.9939119815826416,cee122b7ae04bd11a8e2ef961206c78b73834b218f900b3e1609cf0ce2937a2f,1,0.9972686477038962
0.99159423296668,0.9892733735167253,0.003015824400538467,0.006957158128759078,0.0,0.09725683927536011,0.9939486767600841,0.7123516201972961,0.95923912525177,cf0d414d1f37d2acfbcc036ccd055107cf329f7cd46629c31cb975805ac754d2,1,0.9956620452252493
0.9888172749208695,0.9578162263115344,0.031865945495485756,0.08711433296999704,0.0,0.020662009716033936,0.9998578916200285,0.9845309257507324,0.0,cf3218caf8d0cfe4bc55bdb68d75595a0a87ee58f13aa546c6483a59791a53bf,1,0.9804843006507638
0.9999999699758579,0.9999998126738444,3.656242213824367e-07,1.0516735871182994e-06,0.0,0.004043492954224348,0.9999910657687158,0.33999890089035034,0.9965214133262634,cf691c1388792080d0b60c597877a2ac40fbb8178fb384bfdb9bb85a714464e6,1,0.9973591387167977
0.9999193694248357,0.9999316452703348,2.483302529972943e-05,6.16881638375344e-05,0.0,0.010318788699798565,0.9998358229756592,0.3523039221763611,0.9905391335487366,cf6d4b83c700408858f08d7614894cd2918a5ee2f825bc0a4a79ef2a0d3aca1e,1,0.997321060162183
0.9259593972327838,0.8559029860029642,0.14143640241392286,0.3076514441476692,0.0,0.1163654720003251,0.9888679046341522,0.46092814207077026,0.0,cf735c60fd77e53af7e3dfe09d6853d50af8a6b354458b3dea191d5c5bb37489,1,0.5090447574038333
0.9993894531319415,0.99929563679608,0.000397365868231939,0.0008223661809275669,0.0,0.011914864181618781,0.9997244574042558,0.31691092252731323,0.9946008920669556,cf7b67487cc6f44f40519597e03c202a6f1c60aae67106bbeb479ddd6ea92448,1,0.9973023211405436
0.9943851720374691,0.9856709184326417,0.009426053590356795,0.024887385439696968,0.0,0.508941471576687,0.7700375279630813,0.5359744429588318,0.0,cf927a009d95337c06a847cba64bc1bad0fd0195657bc0fe4da6bf070527dd0a,1,0.9826241024392335
0.5807923703391997,0.623879476373089,0.14049692901486577,0.27033300375560926,0.2857142857142857,0.9400972723960876,0.4160296705049323,0.6152733564376831,0.9899901151657104,cfb1efcb2f773f724081c369ca6e2436694f70c8a781e18d91baf8e79a4cc571,0,6.1115687438451255e-09
0.9970333461786847,0.9905044160183533,0.01485810801478407,0.04288241510060842,0.0,0.01305478811264038,0.9999995341850275,0.9701700210571289,0.0,cfd6a0e3e0de50fbc5e6a079fda3fe3a416f514d771c8099a2f52e720d846916,1,0.9912100256456388
0.9877252998953489,0.9291973178376592,0.311872656625327,0.9334670531390774,0.14285714285714285,0.4682244658470154,0.8018391949031664,0.9426548480987549,0.0,cfe0c307cd038582ba3506ad9a2ee88dc5ba0e679a3b7cf8a8d33c0f12f21d1c,0,0.0005423859675940059
0.9985465617416275,0.9964769135447876,0.0019985647418270898,0.005381383913858118,0.0,0.004075288772583008,0.9999994617779873,0.8211917877197266,0.0,cffbe56382a63ba658b693fb492cfb51702cb316ab8fb9876fc63641500d1d6f,1,0.9938838754214128
0.9958919867088033,0.9923167070159847,0.0040348141445253425,0.008910044585925703,0.0,0.009246826171875,0.9999968797432879,0.9306504726409912,0.0,d0002427c57f1a7cb0124dd6f279540ed582e26732bf2fbf0c364eb72ea857c4,1,0.9928348193032099
0.9933480862494468,0.991300190064467,0.002026580071104457,0.006575769465590575,0.0,0.01865285634994507,0.9997503233957924,0.5574467778205872,0.9809195399284363,d00e8c6d0ff566a4aa7a9f8159cf53d3e855048bef7ef5728873841f37c0ac10,1,0.9964319890777387
0.988866767125393,0.9170946006223762,0.18062567204214178,0.5238306258902099,0.14285714285714285,0.0596773624420166,0.9969155068551243,0.613740086555481,0.9637142419815063,d024aff24c0399fd53b86f43aa2cdbe19eb66f8cceed8c3fa99cc50ca5730948,0,0.015845965157148183
0.9966001240971541,0.9336425778058045,0.20078795044450737,0.5779603727719551,0.14285714285714285,0.3383607864379627,0.9155030546362328,0.37878522276878357,0.0,d029c3825d50ff90921d19ac269169ef238737edf1edb76f990910d24a1cc074,0,0.006413341863603919
0.972837413817678,0.9752384723565756,0.01623651403916475,0.02428490537874669,0.0,0.9147062301568766,0.0703709473007706,0.2855338156223297,0.0,d03e1d595452fe3879bc0d7a3956e981f459092b9398f247a7f507676b785a7c,1,0.8595693256311592
0.9950620183538499,0.994839109834153,0.0011112641948116475,0.0020360705657092026,0.0,0.02930605411529541,0.9992729563757974,0.6400039792060852,0.98710036277771,d06e589fc3fca13adbc0845248a09ce75420a365e03d6d5d72e1d43e094203f6,1,0.9965725245510443
0.986203388925764,0.9677896139842843,0.03397839639864416,0.09841035248893093,0.0,0.047228991985321045,0.9979754612370176,0.7136189341545105,0.9722167253494263,d0724f66f253ab61b6961190f5b901d0c058d857cec8832290bc8823fcc478a4,1,0.990412982255543
0.9930172013338407,0.9892441149776364,0.008036204637964986,0.019189496121706978,0.0,0.20883816480578388,0.9687463180044894,0.6420308351516724,0.0,d07a6d90ca89f19b1309ada5d4b9376ec1e2fd3d90ff568eec874f640d1671ea,1,0.9909013131222578
0.9998832784376802,0.9999215235876034,4.5011470590037065e-05,0.00010408331855379531,0.0,0.3612559735771418,0.8979616795381229,0.6225704550743103,0.978983998298645,d07d6fbde09f1c935bf3ae6e63c7b3dc9426ab41d3502be95db5c8458a2bb1a5,1,0.995320054250516
0.9947666946659521,0.9935848758226085,0.0013725002227902613,0.0034522104897715122,0.0,0.031912922859191895,0.9992165346865306,0.6143724322319031,0.9837974905967712,d09ce6331a8316e5ffe2e6eb8eea73ed66afe99b623de369477f57ef75d60a3a,1,0.9965140406917248
0.9821158179774576,0.9816575289118487,0.006332791728205219,0.00996051112592557,0.0,0.5030134320239543,0.7813325129412867,0.42625170946121216,0.0,d0aaed03cc55311560807ee0fb6b5e96be8d8444cc9798cd0751b9cdd4e8d0c3,1,0.981539641184424
0.9953580868350486,0.9884847442264021,0.007640772460750627,0.02377675231908498,0.0,0.014354465528560206,0.9996911696034465,0.6907433271408081,0.0,d0ab3321d738b502ed432b580dfaa0cb2d6fd33d3194391038d87ae7fa0a6d86,1,0.992635497256921
0.9834831665300524,0.9841713001751399,0.005780893683966134,0.01275031092049524,0.0,0.35248798125147085,0.9063252747206477,0.5752142071723938,0.0,d0aef18b12107f9f640caba527dca2c90278c7cc46fe242f6741c318500e315f,1,0.9874163369270325
0.9628071214807226,0.9439524739654453,0.3991917048864326,0.9321403309628048,0.2857142857142857,0.9851329324294065,0.029472004197792605,0.16887865960597992,0.0,d0ea1787c7b9a168b1d06586084c4d574f4f2f41b2c0535d6dd1c62ea1110443,0,3.9289120229162786e-08
0.9969295006557323,0.9956929857620235,0.0015123176249776601,0.00415757350600106,0.0,0.014733687043189262,0.9996434266487413,0.6293075680732727,0.0,d0f18abaa62c496d95346940c35f2c23c7ca5716ac883367045ad4772bb78f9e,1,0.9941291063071354
0.9942771065827999,0.9896660120144377,0.005498564039566429,0.013434023855954713,0.0,0.02693772315979004,0.999386584495151,0.9496170282363892,0.0,d1011f9f09e8f879a75710df242627b14037227b9a2b88c336565e3ec9426f80,1,0.9921397183489242
0.992756162646881,0.9897613757744567,0.004826911497829502,0.010509200741470104,0.0,0.30870676040649414,0.9453992632169151,0.8761264085769653,0.0,d1163d7d6d90dd921f439e91c1f408b0cca765d6d08bd143c73c4f2529324766,1,0.9895602413993418
0.9954850905886728,0.9828080307572001,0.018448920106818655,0.05071329679787906,0.0,0.018954932689666748,0.999885047350731,0.937794029712677,0.0,d127b6e21d9a245d7a06f7c9c71c6a0937c9495520ac412b672269e111d43385,1,0.9895629725381133
0.99411885802364,0.9902746142724185,0.005790958532134208,0.0175779506236311,0.0,0.005987763404846191,0.9999711722405372,0.9009178280830383,0.0,d1323869628e395330ecd27f66b38d4f01fea6c8e9749e0bf19928711f151876,1,0.9924505028391151
0.9893307542637941,0.9624380203831464,0.051177787845477246,0.1455255355863618,0.0,0.015393312527320846,0.9995169460162827,0.38874712586402893,0.0,d15ea6936615a00eef8b521f4431632762a485d55930074f911b4ae2a5e583fc,1,0.9795175572113692
0.9937342816860526,0.9885168523627792,0.0053661662808083795,0.014852427515042677,0.0,0.010850846767425537,0.9999941556489587,0.964918315410614,0.0,d164df9bff2cee0f47d834875970215eee10bf49cb4d17c57b79e6f2faddf202,1,0.9920855641544599
0.9391082284908067,0.9547041945491859,0.0355952513440175,0.06277685804944177,0.0,0.08843278884887695,0.9932711458521525,0.7447632551193237,0.0,d168c15cac435a7018fe7dd2a904e71b222638404d9e7f92d868e0ed5da3ec21,0,0.9641225124151669
0.9948125708457125,0.9841433640282495,0.013485484419560243,0.03840997046102479,0.0,0.04720503091812134,0.9978013190690247,0.9423603415489197,0.0,d16a3013479232dfaf041d7be9e843ebaa3afd55c603ca5200af84b093ac3f24,1,0.9903025825527194
0.9916230870672208,0.9894207523645486,0.0048568577575371944,0.010929104639783915,0.0,0.3604651093482971,0.8848239279740931,0.7491098046302795,0.9953838586807251,d173e933905762d5c798490e69cc2684fe92b3d9f4f4b1ba7c2d59c56f4752ee,1,0.9932805431897734
0.9955167133320597,0.9912607730161512,0.004665990100299354,0.012637302815207686,0.0,0.02382351458070466,0.9991287295227383,0.42035171389579773,0.0,d1aad85f1f5c66b74eea228104f5ce696be78db943167383c69f8506104a1ad8,1,0.9937631305240641
0.994851586290861,0.9913485678685295,0.008019850762322546,0.02291265621849825,0.0,0.0056999921798706055,0.9999831452669512,0.9661388993263245,0.0,d1bf12e39eac34a0f6d78c1916d99e7b31515a67c06d9c992b9cae8584d6795c,1,0.9921330867294258
0.9925341566510748,0.9890668386936502,0.005256696539322026,0.011969720003062512,0.0,0.009459376335144043,0.9999882616488356,0.9624888300895691,0.0,d1bf73c79a7e4884ba09b33583547274f491aac0a8e159f00aee0fc63ab246ba,1,0.9920368380578791
0.9954627986504361,0.9909723989545477,0.004339791864846652,0.012101396348010773,0.0,0.016112685203552246,0.9999780164535966,0.9765041470527649,0.0,d1c6924906a827b4345b3f1272c674aa86eb045bf8bebd1c358645a5b28ca2bf,1,0.9925304284425397
0.9942240362701084,0.9937471328218244,0.0014239819667567497,0.003867682135290429,0.0,0.0047383904457092285,0.9999467815570893,0.934047520160675,0.0,d1d4e6580006c8af2c73776e3fe72ada01fc3a04464fb1d5cd2eb1415b073459,1,0.9932098800871809
0.9997619616253499,0.9998290749910155,7.603550992924792e-05,0.00018916251572382803,0.0,0.9604724645614586,0.016069999200586906,0.4833610951900482,0.9995061755180359,d2173209ae3b820a18c9eb2c033aeebe8fb252320801f62f9c36a131ffc66a7c,1,0.9557948578066164
0.9670477006125906,0.8465162250032661,0.18147565013240743,0.48538151288480597,0.14285714285714285,0.5450059473514557,0.6958619721398775,0.8014885187149048,0.0,d2269c5e45b219cc184b99f7d86a878aa8b69c07cc3fc12045119f5fa2ba2530,0,0.0009413278560977891
0.9953972557136471,0.995199522347287,0.0006202803093177804,0.0014580117107935164,0.0,0.03864312171936035,0.9984076136052177,0.6514038443565369,0.9710791707038879,d248a07482c4072b280e06f4bcfd1cc9839ae877d214cb9bee8d25c7e736190e,1,0.9965604897202052
0.9956568625423269,0.9953066741504949,0.0015819650720610109,0.0033271068295988027,0.0,0.012363255023956299,0.9999959509642348,0.9113777875900269,0.0,d249b2e0d531300276eef500475d875253f81f6b026b9916ca75483713639ca1,1,0.9934195139820213
0.9999962370463471,0.9999956350869484,1.8508085238574417e-06,3.5336072463696013e-06,0.0,0.007395971566438672,0.9999201670641925,0.4503108859062195,0.9899277091026306,d24b91030a07fcfadde971a3ee7ebb46a1e8b57e3d68fcb0a7c2f2208c41515f,1,0.9972400261875578
0.9972844223816572,0.9906662737422687,0.00785952166184461,0.02298532314459789,0.0,0.03474998474121094,0.9987858252554708,0.9591262340545654,0.0,d259793dcfb21324ab84f2dae0a8d1b3b0882bc85e5748debc60fe52e320a1a5,1,0.9921196258723056
0.9998932156730262,0.9997866137842865,0.0001400586899962172,0.00037465452416781623,0.0,0.017137847840784832,0.9995419143172387,0.38305041193962097,0.998978853225708,d25c7556920668c6475e5f704fcfcec30d9fa264dc405e89478eacced2ff6592,1,0.9972808688347062
0.9942582137997025,0.9927645980046511,0.0023516967156463043,0.004638371444937839,0.0,0.061556875705718994,0.9964825845231488,0.7191881537437439,0.9650300145149231,d2666f30f476dfbee2229799b1d25f771d66956c144ec746bdc0092ccc2dd3ce,1,0.9961164947337773
0.9936781079370108,0.9917427809704135,0.0020771504100130724,0.005704278178181643,0.0,0.0990210771560669,0.9932352762968597,0.6421341896057129,0.9710000157356262,d27870eba0c59e74d3dbe7e424dc540828c1980deeea4e772330571933448c85,1,0.9960686437499612
0.999997388255978,0.9999979567268459,9.07110768804743e-07,2.2114588229396783e-06,0.0,0.013258994556963444,0.99969375506592,0.462975412607193,0.9950700998306274,d2aba891defdf146a1b7f75e431dae29ea6090c8ceb1307dd5e8944ce761b4a0,1,0.9972242964382685
0.9763225590243533,0.9762373248228998,0.008453451645293078,0.01653422389553314,0.0,0.9548227786986708,0.036834429739255804,0.3811038136482239,0.0,d2e5d915e9623ba44d1122fa49e7bdebee8566677ae2f17429e1fe75e899aef3,1,0.868499077790228
0.9978553253024113,0.997358925849756,0.0006514707559579385,0.0018648705547410493,0.0,0.027550697326660156,0.9992297169912746,0.778430163860321,0.9772932529449463,d2f208bdd7ed596cebf10de3b09d3da11e99df6bdf2f143dfff5e0d1c07d6a2d,1,0.9966301137567929
0.9999935154422613,0.9999953488531589,3.0470531505695243e-06,5.65301053892445e-06,0.0,0.07399347424507141,0.9944328041237089,0.46757715940475464,0.9936474561691284,d3079cb8a57a7c717f61dde36f8bfc8fd9e741bbf6cb2797523e0e5f3a0a4ff9,1,0.9970683331350274
0.6724868622147293,0.8585551536249831,0.3389654307286491,0.6577622188667576,0.7142857142857143,0.8315645456314087,0.9636340489273753,0.24581384658813477,0.0,d308c82a6b35922fe1fdd87f19f53f2f9121e6caf6958610104fd066373e1caf,0,6.367361617645687e-16
0.7435715533651975,0.8015483002519173,0.335901810886036,0.7298380850095465,0.5714285714285714,0.8359879851341248,0.5236922628442756,0.9324697852134705,0.0,d30faffba235b15b729532f8d8acc49b5fb007cbc06c857b79bd7a0c221586b8,0,6.541261501597116e-14
0.9999801875966016,0.9999423307294226,9.779334628413596e-05,0.0002753632809556444,0.0,0.3019307255744934,0.9217069300930136,0.46500512957572937,0.972208559513092,d316121b7d44ca5c0bb7e34cf4e7f8e4c12d97e58d5af309e52da96bae49d514,1,0.9959389147845753
0.9892619103091604,0.9876587653192577,0.0019000488765696108,0.004250119945338193,0.0,0.020577192306518555,0.999793295495869,0.6475921273231506,0.9839373230934143,d32400522b407c7af2e3afe37fe137175272d23b0281c41cdd1d46fac1605b93,1,0.9959868501526336
0.9978021114773549,0.9968710705922007,0.0009737548253425689,0.0022183191132569835,0.0,0.03790438175201416,0.9985689043989066,0.6665845513343811,0.9598729014396667,d3308c926c772b7b9378072a02a4e615eadb955e62a1bf2113097a47dd046ed9,1,0.996651027993486
0.9999401757893281,0.9999380043809541,3.5664151047793464e-05,6.338058265692194e-05,0.0,0.01916069537401199,0.9996260335654438,0.35974714159965515,0.9969435334205627,d35308ed0fed2b14eaffde04d0b44d1ff352da152a66c32a67b92e097dc66541,1,0.9973072453523276
0.9940830810348193,0.9891123467961138,0.009297605948295769,0.027565679077690808,0.0,0.02208787202835083,0.9997342023971496,0.7341005206108093,0.9892235398292542,d356cc10cae13ecf875045af98f80dea6d9af5f782cd66e453c1896a0d967a66,1,0.9956346661397315
0.9874799004024316,0.9869572976926614,0.006540339035836673,0.01626973034746504,0.0,0.00690615177154541,0.9999997772985879,0.9717692732810974,0.0,d3587f3ea7d1e3a98b4da04438bd978cbaae6b67d553392259e0edb9c1c38bb6,1,0.9912351014246771
0.987811289382392,0.9862117819210684,0.0025114958469608013,0.005581106556637794,0.0,0.026717662811279297,0.9995480695608666,0.6214545369148254,0.9913749098777771,d3876130b8a9e34d5e1ee78808eeb70fd099e56552c1940e9d35effdf13f63ca,1,0.9958445820554638
0.9940167329224334,0.984057261323378,0.009661566744549044,0.027162973844358892,0.0,0.11151208728391841,0.9923713667749586,0.4178540110588074,0.0,d39441247ded6d8f5a6c06f7dea079d5bde980e76692f821868baa5ed13de2e4,1,0.9918915040275348
0.9978076616612501,0.9933599856751167,0.005557995892751462,0.017661182947957488,0.0,0.020050644874572754,0.9998019245686174,0.8990800976753235,0.0,d3ab524c88a7863f1711947094c31a6dd7ff4c3036d511cf7197ce795537decd,1,0.9929644580247544
0.9933422132019062,0.9909470758248643,0.003060591024249961,0.008984545940392807,0.0,0.16946803033351526,0.9790331076248721,0.4377518594264984,0.0,d3b7faf1d459b90f07512c3216899e60ea36c749b6ad0cddc6ae731c6b521021,1,0.9928107330136005
0.9920387683444353,0.987112962535179,0.005175831322252592,0.012503685497448052,0.0,0.009075946052661946,0.9997787316866042,0.5838213562965393,0.0,d3d55c52527d764e3e87e23124971c8acc1f69da27490f4ce0654dd8133a517d,1,0.9928095273785544
0.9955824366754256,0.9960200353489925,0.0006471910806554006,0.0017324058320813077,0.0,0.0267916638403451,0.9991026239698654,0.6215385794639587,0.0,d3ddc38e5b8e8a922df8a85308d4ed4eff30bafe0703deed1fb974bb4fc52414,1,0.9941275216501471
0.9985528231788553,0.9985110372937829,0.0011982558535171166,0.002673753295696188,0.0,0.01993963493653341,0.9993451030203857,0.3927539885044098,0.9963011145591736,d3f4e685385a17a44a5b0c653e69621530211179fcc824f2ddbff4f8b2bc53c9,1,0.9971250680675693
0.9973869802748786,0.9976258369321037,0.0008301777067881446,0.00151174168187259,0.0,0.018849583341873814,0.9995956686184944,0.3733392655849457,0.9992721676826477,d42322734e3be559631d7bf54a170c452956aab84eedff47d6bb0bd6c516b198,1,0.9971057459308281
0.9999397483078314,0.9999383827804272,3.6160698062240356e-05,8.357574057333425e-05,0.0,0.9364686608314514,0.02852105278288817,0.5743130445480347,0.9595552086830139,d42971345ad5e90f25e7878788d43ca57a3f2fdfee33fd7bac6bd30835247bff,1,0.955483317078069
0.9999990953872543,0.9999990373806619,4.985063433004942e-07,9.932596388984692e-07,0.0,0.004068688489496708,0.999968450400946,0.3259109854698181,0.9913522601127625,d42fe7022718e4946cf156214687b35a306ef8b8d912fbc54e7b8b79bf836173,1,0.997363649826282
0.9973298412664434,0.9930785931379094,0.006893065135891933,0.01943679840708712,0.0,0.03655153512954712,0.9988149009234849,0.9688916802406311,0.0,d4356afe662310f4a3f42a2eb8e47a949df09031fab0c225cab18f4756a8a3eb,1,0.9924398115615455
0.99733838376694,0.996733042496211,0.00046830719899679354,0.0014227738004123358,0.0,0.010755181312561035,0.9999942343509379,0.6891427636146545,0.9715936183929443,d43754f6b792179c6d9655a33580de4bccdca141ea421f86de20e431afb53a1e,1,0.9967312373610835
0.9999991692660397,0.9999989260544228,9.828347978179529e-07,2.451380131709889e-06,0.0,0.0258612260222435,0.9991975352366741,0.505794882774353,0.9972586631774902,d45540d61a345a087ff9eb2822dda802b6996dfe2a927ca126f4f4188f0b82bf,1,0.9971601235905624
0.989610219856312,0.9843183963821422,0.006553449869021788,0.017250624789948574,0.0,0.020585492004948386,0.999310939648799,0.4815632402896881,0.0,d463bc86804f02e44d02170c4b744afa086d21432cf42b0a4763a4b347d3192d,1,0.9924115040720358
0.9964425056830983,0.996130376077798,0.001799338041050006,0.0035074618765253973,0.0,0.00805044174194336,0.9999968701543791,0.9360281825065613,0.0,d46b4a36f44addbd8edd0c754cc208a00ad7e7255fa9bb59757927b87b717dae,1,0.9934704594752923
0.996084174387162,0.9953166520488185,0.000583391539140512,0.0018612705867205202,0.0,0.004488450937047391,0.9999491434513389,0.5619200468063354,0.0,d47e4a265c0bee7cbf5683208703aadff0327e045284911e4d3403fb029f6b67,1,0.994326506872339
0.9972447785334162,0.9942625550356546,0.003445411598663643,0.010719514140657638,0.0,0.0032785534858703613,0.9999519713922073,0.957665741443634,0.0,d489e5ab1dff773c6aafc2213c1ff1dc207ae7e918cfd9525afb57316169d53e,1,0.9931828429740328
0.9956285488753679,0.9920106802787323,0.005951025160370851,0.0169053044500741,0.0,0.04016470909118652,0.9986424367110114,0.775341272354126,0.9637049436569214,d495ac1b1e637a1595706bd63243d60fd29e0a2c9811086d33ddc250312b1e73,1,0.9958994080090712
0.9999918927600775,0.9999741288644846,2.2696499253510225e-05,6.779614231811286e-05,0.0,0.9346069097518898,0.03221220524937344,0.5080280900001526,0.966354250907898,d4b1a655840811973e08252841b6e11432f1642f343888c7e16e77a86a129b28,1,0.9570445559925744
0.9987888354842683,0.9984650722151557,0.0013406628266769036,0.002533954945498961,0.0,0.5687467455862281,0.6781445882525814,0.4602574408054352,0.9927904605865479,d4c9e3cde10e233825b3a89903951a998108db56359bcb276b7bb782da989d55,1,0.9913941692029523
0.9656956962629383,0.9510227527401619,0.2833336080474278,0.8047201171155933,0.14285714285714285,0.0176011323928833,0.999032872657902,0.5581204891204834,0.0,d4cc15cef00403c70f92f78f4c705393648567d35f5eb24ae38fc63125457d74,0,0.0020366292062645908
0.9363654271519752,0.9707633667874331,0.02731929886711836,0.05812551157213512,0.0,0.027983924192085396,0.9992247615861698,0.4453386068344116,0.0,d4f96510c2689722c3fde06468220579c34f7a310df7eb50c69c5bb7b02adb9b,1,0.9783551309978763
0.9963299377702788,0.995818872198285,0.0009416673772011816,0.0026082306792246657,0.0,0.026771485805511475,0.9995170560039472,0.6242008805274963,0.9849640130996704,d517070a14ab39fe5ad528c0d276e28bfceaf6a7ad98bf68d3981ae1e96e5638,1,0.9966939447960005
0.9999919279386076,0.9999944223703726,5.177515010349573e-06,7.854667756883393e-06,0.0,0.8396661281585609,0.11212780000292191,0.6117459535598755,0.9666133522987366,d51f1fab2e0ca385d5bbcc75faadcc7dbc03ebd71b77b0a0d94f77aecf23bdbe,1,0.9647144001623608
0.9963062720932776,0.9927494661876354,0.004827088516762794,0.013478928306122406,0.0,0.01656860113143921,0.9999092404588088,0.9222778677940369,0.0,d520980089bc6cb26c006b6e5dac4c1b99edb76f69d278087075762d3cf42e77,1,0.9928264687104064
0.9909721542084942,0.9470316621436978,0.24266082657120827,0.6971976362438381,0.14285714285714285,0.009548664093017578,0.9999962148627357,0.9830064177513123,0.0,d560047a6d233a1b764ce94a72ca44b4a7b0b900d5ffeb3c4db0e3703856d002,0,0.004337239609239892
0.9999865553234715,0.9999701771639794,2.795336337041079e-05,6.954662706827288e-05,0.0,0.8493832349777204,0.12941291170250638,0.5113883018493652,0.9892966151237488,d57327ef638998709ee1294a6d4bda3a43f80efe7c3cddf14c661b62caf9ef4a,1,0.9672915606840282
0.9916344066473815,0.9920790668205791,0.0032784911211968,0.006044433785928671,0.0,0.5595153272151947,0.697950892219067,0.7517094016075134,0.9720239639282227,d592607f4bb308c1b1883f16e95e97518f4825991b8fd837e18bacb81d906321,1,0.988981074663041
0.9997587459594158,0.9997474108929529,0.00013036480881127365,0.0002855043256134439,0.0,0.005883648039527782,0.9998746391546033,0.4948835074901581,0.9849780797958374,d5947a2afc9e7a27268666752c1249dc21c36d1d22274e2c6f9f4e3bea2c836c,1,0.9971700891057056
0.9966405197762057,0.9868035550363489,0.019618084594233212,0.057741443353313646,0.0,0.033236108719989645,0.9987734534761388,0.5911350250244141,0.0,d596533f5a97dbf29f76d90577be6e8c6e05bb9bc0a356fd4a165bb99d565d0d,1,0.9910710734580735
0.9892175849200677,0.9850117718219326,0.005227190645644143,0.011570952684015645,0.0,0.074496328830719,0.9956559451988828,0.8428824543952942,0.9345295429229736,d598908a33f77c17ad5e0e959b09dc65ae2919947f4e6b26bb018e24e23caf3a,1,0.9949183369193886
0.9786285228505399,0.9675582448873368,0.012465615633946336,0.03967686267260018,0.0,0.09123015403747559,0.9915196131849294,0.5331138968467712,0.9686245918273926,d59e0c5ca9d5c32125d43a72b6c3f06f8a23109e7bd11d840e57f7dfbf9a0cfa,1,0.992973077241283
0.9508734027879001,0.9087791301242697,0.10866627393038245,0.3057024320189784,0.0,0.20330579803567161,0.9569593811010783,0.6148622035980225,0.0,d5a167b6a7bbf030402b9aaf8ad4771615c8be3c27525786fde13e620e4fda34,1,0.8218869608773928
0.9608258080890332,0.9300983134547153,0.42141388454060036,0.9467509831708981,0.5714285714285714,0.44956111907958984,0.8177073486507995,0.9085698127746582,0.0,d5acc9bbc9bc48a8bdf5fc54dcc89f0f89875a87cd4e0dcec20397ece9084678,0,1.4649581687177862e-12
0.996553150777239,0.9958062015867751,0.0007643748867500537,0.002273518341017189,0.0,0.06305265426635742,0.9965278886294793,0.7613418698310852,0.0,d5c3e8e54b518c692f0a4e859bfe96c296f3ae8a701b405c64dc476df564c274,1,0.9936849547784761
0.9977414360157596,0.9965431438706356,0.0014923675461518797,0.003649326021319288,0.0,0.00594782829284668,0.9999977305735452,0.9664997458457947,0.0,d5e1fe26d483d7a94fcec764f671cc0fbc7e53c55ba46cd51ec97940762995f0,1,0.9935731818043776
0.9977848341255833,0.9955281864642009,0.0019533847374120423,0.005054427783414792,0.0,0.003633272368454509,0.999973294188972,0.6930511593818665,0.0,d5f7c693af586ab2faa90eeccd57df78d2dd5d7fd519f5075d813c825f4501f9,1,0.9940346242566808
0.9966309558911257,0.9374098321136516,0.14082246369327928,0.40410058940518834,0.0,0.017080962657928467,0.999951710823771,0.9546635746955872,0.0,d5fa62977db87eaa6268dd42441cb93b9b9ef099e00c2f326731d3ec52121820,1,0.8699838146080087
0.9833091116003527,0.8177614666245295,0.24467553735527137,0.6075753473171559,0.2857142857142857,0.01051419973373413,0.999747268356777,0.9020833373069763,0.0,d617d25a39566bb503d0f6ef23541b65efb1b68f7b009310b40c190d923f036d,0,2.104104395693125e-06
0.9955162938549563,0.9929125246851787,0.002817598956079244,0.006171965879552488,0.0,0.03980666399002075,0.9985089385627988,0.6315041780471802,0.9661217927932739,d61e19456a23ec6507fd9f92b4480e7282c9b824ccf3c9a432b75d4c71a93b69,1,0.9963274088945421
0.9825886889747973,0.9901991913126309,0.005172998997171914,0.01301614054549749,0.0,0.016788184642791748,0.9998669991297192,0.8591963648796082,0.0,d6245b4a795c45c4874314d4707a6f3fbe986fe99ce537cf7db0f71ce9c49745,1,0.991676934224432
0.9903135284784683,0.9757475550624879,0.012666691078084538,0.03609643768936617,0.0,0.1578135639146923,0.9830801826472576,0.6008275747299194,0.0,d64834d25a421e40bff251f9c1523e64b2425e7afbb8c4c12b27dce767b0ab36,1,0.9890119677411177
0.99683597176735,0.9966111517713246,0.00028054493762494137,0.0007308132315424487,0.0,0.034564077854156494,0.9989116797183568,0.6137760281562805,0.9828568696975708,d661c6018dc7ff4f755858ee041ba36c3deac3de922e25586dc91cae9aa9ec3e,1,0.9967657916076735
0.9925398039422746,0.9812087385804114,0.0170955751249373,0.04952810927398699,0.0,0.007660269737243652,0.9999964864732541,0.9881220459938049,0.0,d6663f27a691e4786f5ab29ee6004b34d9a8ebe1db7f48ba76c8110e7c9dc070,1,0.9892590158882429
0.7122936638017717,0.8628447810693183,0.33535758015912515,0.6949163929970792,0.7142857142857143,0.7245228588581085,0.9989607347214956,0.7365931272506714,0.0,d66c38a9e34462b2e6f21e65e72731506ebbacbabd132efa56a403838f5d2cf1,0,1.1329738263378462e-15
0.8807247359960244,0.8312291135460299,0.32069378588564273,0.8037625864627231,0.2857142857142857,0.5948488085268764,0.7141507784502845,0.4878496527671814,0.0,d678d3886980bf365ec96320c4cc2c164b54ed3c3b70eeda7bc7909cd90fdd28,0,1.0392760230397837e-07
0.9949124755913742,0.9920861671327262,0.005112554964417055,0.015082330889268976,0.0,0.06013344600392304,0.9975811958500999,0.6611612439155579,0.0,d67f78a2f41ac10dce7fbc19a5973b3b546a30e4c9e94af3d9c510e384f802ac,1,0.9930399445017813
0.9922966996997348,0.9898000055925643,0.0032777987235330414,0.007672232158823733,0.0,0.020686984062194824,0.9997735958211653,0.9032370448112488,0.0,d6a2b5e403636de916892f6503cbe35aa8fd4cd43998b7615d3ad04d43cc038c,1,0.9924683198666623
0.9954571599111512,0.9929168204668749,0.0026512570797038028,0.006871126332347988,0.0,0.046410441398620605,0.998023079614469,0.9528710842132568,0.0,d6b4b7cece2e7f9e8336409bf169e292c8eb73c1bbec2c9c14d47491b779bc1d,1,0.99279524587083
0.9968786847805583,0.9925955628995925,0.004649556206990274,0.012899672633821635,0.0,0.3335450291633606,0.9261643484879125,0.8526178002357483,0.0,d6de6e140f876097f5a6e6444c109dbb9d3014ff8557d7a49ac1ff3c533b6d8b,1,0.9899041482883206
0.995596910672393,0.9953219572905915,0.0015977742557613294,0.0029629818525499507,0.0,0.2503184676170349,0.9589665892205328,0.6529892683029175,0.9738962650299072,d6e585e1b51e9e9075d51ef782a45be0e69806cc534b891fd5498043264d64a4,1,0.9956160258255059
0.9938591551202846,0.9856890953050413,0.008071374238028329,0.020382375126723726,0.0,0.02511081471500486,0.9991225300983639,0.6471878886222839,0.0,d7206db1d8e319c9a2db67bb0529cc7ab8fbfe406c769140032acd2af38b389c,1,0.9921747465327106
0.9917929060503052,0.9883458054385905,0.0044022750863929,0.010121474730272695,0.0,0.01977360248565674,0.9997137370968694,0.6836139559745789,0.9865493178367615,d72ffd589e2b60a6ca7390c960fea5ad0bc36b63ff6134747ebf56690b3587df,1,0.9958936678461795
0.9945375205135012,0.9935558419451691,0.0015387544438124686,0.004158572641325789,0.0,0.1837123930454014,0.9771821827961961,0.5468834638595581,0.0,d7313057d22d21fa55baa6ead650d65f2637b5d9466c7e9ac4761166aadc8e86,1,0.992943047322871
0.9999971854637184,0.9999968415008368,2.5338156493559657e-06,6.290416477450663e-06,0.0,0.017424212768673897,0.9996398773382474,0.44757699966430664,0.9992495775222778,d731df344e6dd4c91459676a576f3ffaa7d0144c18d4982e3e7d1d0a8b265d8a,1,0.9972374896717705
0.9999935669466589,0.9999943252999898,3.3626413849646185e-06,5.765004042059711e-06,0.0,0.14100077748293605,0.9845928521012751,0.5906543731689453,0.9790778160095215,d73736bfa66144bd237bfe67ff345a401a76da9d2a89a69cfd94318d67a5abac,1,0.9967044298197696
0.9908351779821077,0.9848579247176026,0.0057582041163660655,0.01615128235321661,0.0,0.06917107105255127,0.9959686441515665,0.6449160575866699,0.9844933748245239,d756ca0c6813e0c2a7fc53cacc7ce6a71e3cd13b5bae373f41b82b96f65a2969,1,0.9954560408798128
0.9759139765532949,0.9545693325254238,0.028370608419535717,0.07276380010984146,0.0,0.9361878793327634,0.03412798011206908,0.49699294567108154,0.9689586162567139,d75eed1e0860d003d43471beed1ba696a12a5c43bc45cd42018226948b19c69a,1,0.8580359060587675
0.9999977202039931,0.9999966203424793,3.963448280804396e-06,1.0488667350283023e-05,0.0,0.981255054473877,0.008455291895142032,0.7012672424316406,0.9914785623550415,d7628046ee7410effd0aab8b17e0ccf1dfb7d955299be83dc3a107020a3f41e7,1,0.951163453824063
0.9835724224862201,0.9748959959331639,0.009053062870258522,0.02538914264627025,0.0,0.5855922102923097,0.6724915283454299,0.4565143287181854,0.0,d78f5f3b4af67190a221e7c988c10e910eb5e522da5c186e70cd726d690f0f30,1,0.97248179117714
0.9883942800514408,0.9795208904962529,0.0072716129187993545,0.0175680728545118,0.0,0.5262062549530049,0.7552748820998231,0.3679599463939667,0.0,d7ba9a69520b3f6e2abbb51ef0b9527c2c8bceb17e7ee31c706b3bd2a6a4406b,1,0.9810516207176758
0.9935881252204435,0.9935794365229594,0.0008727146286064341,0.0015495592795393698,0.0,0.16255122423171997,0.9862680862386332,0.6574612855911255,0.971561849117279,d7bf7e23d4948372cea09e0b995ed9da9158889cd86b012ca21c7e6729164c80,1,0.9959852714254492
0.999806255288608,0.9998074325551668,9.311665967451657e-05,0.00016636493370841008,0.0,0.022546343505382028,0.9994132895715203,0.35170719027519226,0.9966365694999695,d7cc2b880d18053c2fe43b4322726a745bee7b8281138e90aa1fd9f8f84d37bd,1,0.9972958959824402
0.9985606195277849,0.9988692822114463,0.0005109353342406124,0.0013507351031829347,0.0,0.6153565644960026,0.4872675242705868,0.5213902592658997,0.9762365221977234,d7d6902b3d85b9bd6a7f07be50aa397e58f752bd43025aa890f2826df84b4e0a,1,0.9864045284274604
0.9958720222380057,0.9907053607668398,0.004220661729259471,0.010730890949953189,0.0,0.0034748408942666003,0.99997249808886,0.7439361214637756,0.0,d7eb50b2a15f8a0b990d11d6fca4bb661e53693315420b7c5f6fe3e88f028410,1,0.9931583189484363
0.988128995900671,0.9877982319471776,0.0038153614649326347,0.006455398340131202,0.0,0.8022604435682297,0.24468936327810545,0.8072989583015442,0.9798067212104797,d8132699b7ca30e8044638deeb84ca9602f11454df7501e43bf704195cd07642,1,0.9616602955050142
0.9999442774656544,0.9999609190646296,2.098388544740713e-05,4.538147832862316e-05,0.0,0.014357766136523701,0.9996849834712959,0.3657882809638977,0.9972304701805115,d8202c74f12033a88e5793b62587d10a3847d1023ed24f9a08217051821a8e1a,1,0.9973128296171986
0.9946470214580797,0.9942367895862049,0.001050551176505999,0.0026221042527804035,0.0,0.011225792565829538,0.9997999319997191,0.4712986648082733,0.0,d8407f5ee70aa73c76ae7340d5d4710946b0f47a4489542a06790287f8993d0f,1,0.9942673706700937
0.992334340505308,0.9946753853996999,0.0022210188108095098,0.004950102095260034,0.0,0.006408214569091797,0.9999986336789655,0.9342716336250305,0.0,d866ff1227e6e3199e5948db5194bf4dd0c0ce367b7650666720c808f713e1a4,1,0.9930527457181965
0.9912426041962735,0.9868296179725713,0.005672003531230842,0.017368085162555502,0.0,0.03585612773895264,0.9989657224160732,0.6187031269073486,0.9712633490562439,d873da7de2dd7c371ba6f7425d7659336f8d852903cdaa8bdcd2bafa69868269,1,0.9957370935980543
0.968563561494255,0.9452162414421658,0.058445899977510755,0.15917966034746833,0.0,0.02534085512161255,0.9995354285411114,0.983026921749115,0.0,d8768121ce3f2f85d9582772f3bef06c2fdbfa7d3d4355b5316f5a3c233fe69c,1,0.9568883351385469
0.999922311914346,0.9999247770921157,2.5080415683453063e-05,4.503557074112306e-05,0.0,0.07619307190179767,0.9940127670088251,0.437850683927536,0.9630306959152222,d87dd90d1d12d13465172d8fa8b549e4c4a6083254f39f87f70fdc2be1a9452e,1,0.9970325676540999
0.9999999017029835,0.9999998329854466,1.4733755471980713e-07,3.3478944007287223e-07,0.0,0.07106515020132065,0.9941890328107371,0.4757250249385834,0.9887492656707764,d8cc549ea2e68f4256c82a61d22d48a693fb01e244daffeeb7e4134d0ada7365,1,0.9970564199770104
0.9977654217337097,0.9973193526819077,0.0017801701947389153,0.004278666186084583,0.0,0.008351158779754009,0.9997887469227263,0.4091499447822571,0.9987883567810059,d8dfef912e3ea42516024deb87962536b2c4006e93b50f2b208235347209a239,1,0.9970429503655277
0.999997881814137,0.9999976183583223,1.391823333826474e-06,3.0037024675801946e-06,0.0,0.5194518566131592,0.7581699682451885,0.4562876224517822,0.9634162187576294,d8e84a75343f2f17238c60fd76bc5cea18545adfc0a16b656669b0e8fee104b5,1,0.9932857034868506
0.5235018600495224,0.6980156263845768,0.18645111754158009,0.4427476262370352,0.7142857142857143,0.20308661460876465,0.9800118557975754,0.6159047484397888,0.9654943346977234,d944d8a1e465af5079588f06eb72b9185670e6c922f25511aea7ec163209a6ae,0,1.0411456978705822e-15
0.9181851970357571,0.8960468718552361,0.09376795059949103,0.23221544559858584,0.0,0.0611952150502475,0.9971671560675893,0.40867871046066284,0.0,d9469f1242df04d98c09f9f4e7393b18efd8668c65f1e1a6dac885e8fed93aa2,1,0.8171370036806404
0.8671248213608264,0.7865964504410249,0.19133215850574278,0.49170286820238357,0.14285714285714285,0.32075661420822144,0.9061056233554626,0.8140925168991089,0.0,d94e47480cb0717fa8fd69e43fd26e766b95f064ae95e7f650b74fce16f08bdc,0,0.0002512555156840797
0.9956069313902002,0.9934313812930062,0.0030608129434416525,0.008458094390851545,0.0,0.027574658393859863,0.9994199468527295,0.9603137969970703,0.0,d9543a3b07159e118527642372c2ac81c291dcaf7213796e00f0d6d6e1aad64d,1,0.9929028555680113
0.9956371627517487,0.9881877745734174,0.007798281709486808,0.018869994213283704,0.0,0.010570263490075046,0.9997631986107113,0.608258843421936,0.0,d9665a0677d2543725f2224ddea8c276fa32a4ee1489711c17800c1290e91194,1,0.9927474896669197
0.9915688056754222,0.9919574714435923,0.0037691819024810516,0.007706191160449627,0.0,0.03103172023602547,0.9989713808426157,0.6242677569389343,0.0,d96f5cd4669bf3f3c5fbca316dba70ea6b309cbe954e6942626d5817dc6e21f0,1,0.9931577196145767
0.9971115817448778,0.9487522335337332,0.26606502525787495,0.7722233759776898,0.14285714285714285,0.04649043083190918,0.9978609063081442,0.9171279668807983,0.0,d9ab181613f073fb131373835b4f2a655417c73755955c37e6c48b8ac23d913d,0,0.0031953692140907278
0.9960943892093722,0.9928002429702357,0.004486256585782118,0.012971078596709762,0.0,0.004173874855041504,0.9999946402358578,0.9148389101028442,0.0,d9b0f1ebe8ee7e22b7e8d7e93e34a47728412339f14a4d76b92871ff2d4aadf5,1,0.9929431476816117
0.9926874183311838,0.9912299989861308,0.004710958198095183,0.011696634738450966,0.0,0.11741761863227687,0.9915513111522716,0.5202344059944153,0.0,d9ddf17f7a3c404f86fd2bf0a2aad81fe5c8705030c980f56565cb0f54dcc13f,1,0.9928052545313285
0.9999502936058458,0.9999196883602988,8.20084119556527e-05,0.0002107956514329719,0.0,0.21464323997462906,0.9411353767388759,0.6289741396903992,0.9701912999153137,d9e4e8f274f406a93284bdf307d22dcc263c46de95fbda1866b59d4f32703e0e,1,0.9961111049077237
0.9998716634226132,0.9997265293557513,0.0003746564229465254,0.0010575110717602066,0.0,0.81891596317233,0.08143285163595892,0.6812229752540588,0.9647331237792969,da12ca8b6398f9450526886aa40c7ee66384cf5bbf202ce10fb7b90df5c09f60,1,0.9615384958150212
0.989832485276432,0.9857681867230706,0.003937626837493392,0.009039613797210744,0.0,0.06221729516983032,0.996340861934675,0.6258218884468079,0.97580486536026,da3ce2f4865bf3438979b2b40da5dd7da5b0010364ada018f63b36cee0c3c114,1,0.995616105206544
0.9999995732684875,0.999999794531237,1.508674337538604e-07,4.1344339577025784e-07,0.0,0.10422410815954208,0.9922230637760007,0.4862614572048187,0.995947539806366,da4584980ed3a6ba17988590d401a4e0fc87052258e20b57d99978263f568740,1,0.9969792521892998
0.9999982353842436,0.999998718501128,3.551764875140141e-07,1.0173877049668268e-06,0.0,0.9139822721481323,0.054121773126214086,0.4676912724971771,0.9588079452514648,da7821af5088d90f27b92cf94d40585b223b1327eaaa4c8a109d644b481766d5,1,0.9599174838246298
0.9820327225227293,0.9733621714191028,0.00878396008669816,0.028865190016647002,0.0,0.0347173810005188,0.9990546142409376,0.5858852863311768,0.9420270919799805,da8fa0d55ea2274279ce74d189851acdcc49a8442ac7956a3268837155f869c1,1,0.99418038241347
0.9967624154485106,0.9960186773653932,0.0009323445706357066,0.0025767812994512695,0.0,0.025183260440826416,0.9994765668987222,0.6331939697265625,0.9846231937408447,da93bf9f6459b2eef5c39ee338f3b7acd41cba276a47aa935e3231fa83e9514a,1,0.9967087167787279
0.9958071634772623,0.9940703658001498,0.002202777812591424,0.005985906284379006,0.0,0.006261706352233887,0.9999904915838529,0.9641653895378113,0.0,dab90bd0b75de462164b22e0b96196b2127cc64a59aad7c5bf1f9b224a162f1a,1,0.9931717651422927
0.9937078581538404,0.9801453898457482,0.013804932687369454,0.03525607334780112,0.0,0.44917744398117065,0.8343735563629202,0.8751029372215271,0.0,dac234b411fddfac800835aab099e0b7be242fe5e56acf6b32882b85c2ac0294,1,0.9809909411842674
0.9940778452971819,0.9502047107740641,0.08832939789920403,0.2589491410509195,0.0,0.029412508010864258,0.9995177621388,0.95543372631073,0.0,dace5fd188366d4ef673221895fe68ba2f8f486ec647dec1aa1b972ef730354b,1,0.9495487720026075
0.9935635303526729,0.9877774284210633,0.005762022286564091,0.01729013708517384,0.0,0.17407712340348452,0.9790821287696778,0.6107584238052368,0.0,dace925aca5ba74c7007afbea1f1a1e1ee74201dbd4a5a121d81ddb57210af57,1,0.9916914769367418
0.9942630455078503,0.9926076565228359,0.0022404433637730234,0.00684644845220761,0.0,0.015197575092315674,0.9999529535190248,0.601894199848175,0.9679449200630188,dad9cacfd5b6647c4c88d66fb0b5dd6820d95808f352872b84b9a7d6ee66b88b,1,0.9964356772540883
0.993941637754881,0.9925384274708235,0.0015936195283988814,0.0046137811200499534,0.0,0.006549656391143799,0.999983328778672,0.9702613353729248,0.0,dae66cb4fcc0fbea3c362b052d503b863ee6ffeaac225613b0ed5766c73bf466,1,0.9929756803255312
0.9999755828387121,0.9999795686871057,1.4008606424629544e-05,2.305753856735556e-05,0.0,0.00856950413435625,0.9998444986371433,0.40930044651031494,0.9934492111206055,db05553b3d0b77bfc4343b568c58463dd567052a013fda13fc7b1fa5a78799d2,1,0.9972797580728137
0.9875065315755475,0.9800978389276613,0.005491106352334895,0.016648312615267967,0.0,0.13470008967058952,0.9886836700627205,0.42589306831359863,0.0,db1e97fa4c82409659e2208eccae208e51488cbbd5b5a4ccbb2e06392cf8ab78,1,0.991351825887597
0.9770928415690028,0.9743381228179618,0.006928147157834108,0.01688557800357182,0.0,0.782131627202034,0.3564317922857451,0.9531991481781006,0.0,db24ba786d8b7aa1575cfd9a5e8265beae582568b7e63e493aeef8f308fe2e57,1,0.9261953827934778
0.9938542026366735,0.995298129902659,0.0027298443424545703,0.005034626969678261,0.0,0.7875187001635595,0.1484549236546781,0.5737159848213196,0.9457827806472778,db26c8464c68211bc6fec4d0ffbc5337eff40d02a23306f7fbc858a2918ed265,1,0.9627926037912529
0.9829030869582381,0.9751926764782715,0.014547652998353424,0.038480980583389,0.0,0.09105795621871948,0.9931827553887707,0.9124109745025635,0.0,db368617d45eb5b31e6ab2a580ed7fec54adc4a8394a997298faafb4079057cc,1,0.9871888736354578
0.9939275288545024,0.9927361817833031,0.0019533629257852906,0.004775909123795885,0.0,0.018085777759552002,0.9998691233488849,0.6918705105781555,0.9943709969520569,db436987dd1a12488def75617bee4c26bdee6081d749da9ea9c694065af4dde1,1,0.9963753569061841
0.9996289953741471,0.9996821175150351,0.00010874963036607131,0.00022235858057572972,0.0,0.08863663673392834,0.996372336091564,0.46266239881515503,0.9988991022109985,db54353c3d130b94959d9e4b0b4c33313e41b47459990bab77f77868a11fd0b2,1,0.9970382373553899
0.9996514265465046,0.9997487462484204,0.0001850591201144743,0.0003472348246433796,0.0,0.226510941979561,0.96135572480691,0.5030616521835327,0.9943308234214783,db63a3b599a996440ce21ecf1f5282301d171ee9b02e640743b23f3b3e91b8b5,1,0.9964332381809303
0.9939043077161137,0.993109678996639,0.0014427613487704796,0.004276762893107411,0.0,0.022478818893432617,0.9997777428884095,0.5658507347106934,0.9906034469604492,db8392dc590f438d5864bf2bf7eb04eb18ad7eb64fde962c0aac5581b9f5b06c,1,0.996562688537735
0.9999314335535499,0.9999051446104328,8.704854906950598e-05,0.00021542846821684045,0.0,0.018813561648130417,0.9994583675442584,0.3302798867225647,0.9981920719146729,db870ae118c1c5ed533c0fd08c7385f5d50fc267740133e263372e0ed56ef4d8,1,0.9973322046054113
0.9968760832538912,0.9962412956153558,0.0013833269379487896,0.003952012365516899,0.0,0.04180347919464111,0.9982053149939888,0.6887800097465515,0.9750642776489258,db88d8a28969dfcbef9999e49e3e478f1acf60f20f404fb2331ecff07d182055,1,0.9965675305792288
0.9968940011725729,0.996262768697169,0.0008738275207917973,0.00244539206848271,0.0,0.010573387145996094,0.9999926904461236,0.9730441570281982,0.0,db9738be48ef6ed8d341d895f90b4e678f1a3cb7afbea2541aa5afd7ca64fb6f,1,0.9935397340561617
0.7858073778371185,0.8620825803534948,0.28412787970148984,0.7828594430826832,0.8571428571428571,0.9880898173432797,0.41848067173526887,0.433675616979599,0.0,db9c6cfaf4b7142537434e91e61c16124ec5eaae05d8fc0a25afe38b1c1c05ae,0,7.908684965574039e-18
0.9999993711657522,0.9999994233379592,4.6926500027379365e-07,9.818773672948785e-07,0.0,0.8469420075416565,0.1743975777529489,0.5412116646766663,0.9851997494697571,dbad08fd38392fc7900329c81f539852697567b1f60a1a98376f9bc504746fb0,1,0.9699936150444668
0.9967402539945199,0.9963968079465083,0.0008844595241278555,0.0020690043565803062,0.0,0.007559537887573242,0.9999801269691005,0.9427239894866943,0.0,dbb3c6d7334d9dcae5e4fe543b1987281c80dcf5da4124a850874a526a98be88,1,0.9936138388501322
0.9956158905585873,0.9933317704354979,0.0024260997814017932,0.007080527952838332,0.0,0.011791259049934229,0.9997321481325989,0.505645215511322,0.0,dbb74b22d890893bc2337a4d0c1cd36bf23b438215579bcad784ca187bdbd5a6,1,0.9940519974760518
0.9865027933167039,0.9664044549413607,0.0395523583708734,0.11417398839198212,0.0,0.005890607833862305,0.9999307061091371,0.9576603770256042,0.0,dbb7f545e6355c113b1a59abb9235b5e41476af4e7604ad4d934217d86314cdc,1,0.9802716196029939
0.999863727802205,0.999852571596373,9.100429136653654e-05,0.00022094439817040536,0.0,0.05872138216819061,0.9977647351802816,0.46196067333221436,0.9967504739761353,dc03a99abb8dc9d8422eac6f39fa7f3d15aeb26e05227aa9b3d4158078a5f2c5,1,0.9971166871769944
0.9911568106692489,0.9685762113497194,0.02946514009893694,0.08718341668091152,0.0,0.6862335801124542,0.5341559725181402,0.5197819471359253,0.0,dc0ec6716001e007aa56ee77ada9c0390a92499f0c6a00da8661a2623e615c0c,1,0.9438461859027687
0.999997686159538,0.9999973970424925,1.7124112290225115e-06,3.433241358392449e-06,0.0,0.0033059255219995975,0.9999979865762747,0.3182433247566223,0.9975603818893433,dc2d25b5df0370c771ab54251fa57e258fb637696c87979492d234900ab324e3,1,0.9973814436847668
0.9946576920593392,0.9932761867945358,0.0028703491732147445,0.0074125403821804995,0.0,0.07729870079354914,0.9963484887459768,0.6785822510719299,0.0,dc3a6d08f995ec8ed9682b86bc44d377238a8d8aed5a541501364ddfc86e67d4,1,0.9932316127606815
0.993624806384588,0.9402019622414663,0.22854230428821198,0.6605889906134141,0.14285714285714285,0.04931660368988706,0.9980002757454105,0.5846062302589417,0.0,dc498bd58f0c0996f1edab0a124af55699bd8d7ae61d01a3728c95716c6092cd,0,0.0057902666203922745
0.6858376821982858,0.7560729123626286,0.2821819791259672,0.4648313864660517,0.42857142857142855,0.24481147527694702,0.8775422648059755,0.27675291895866394,0.0,dc722974bf02f8c3bfce33e592419330f945b8065d3aec119321d523396dd465,0,4.8878667686492793e-11
0.9851657518289227,0.976956702583655,0.007010245634896308,0.01777070686622495,0.0,0.3162376880645752,0.8923876296070642,0.6679397821426392,0.9951558113098145,dc7ec5ab965b55d29c740f821f0aa3676a5c4245472c0d4486a56bcc2f579e09,1,0.9919427791389783
0.9964098879478929,0.994765312116396,0.002138784178362416,0.006485043693981285,0.0,0.02187800407409668,0.999739884214554,0.6107203364372253,0.9880199432373047,dc8246e5b3c43f74258f9d150bb1f4f77d8fe83023a3596435b50834ff79d963,1,0.996620607341065
0.9953627899677115,0.9918973210450251,0.0035829986801651863,0.00997337118903574,0.0,0.1814008355140686,0.9788767055549468,0.9411581158638,0.0,dc83ac2de8463c96195e9091a94db6b488932f6211e02842a286ced2aa74cc67,1,0.9915761238450111
0.9999999973845001,0.9999999480603705,1.2371402524679263e-07,3.5234715992485507e-07,0.0,0.017456620931625366,0.999516258990554,0.46629852056503296,0.9978922605514526,dc8e96695d05e456c17804015a233a5aa221862948e1a63968a0745e97cd9767,1,0.9972170190962235
0.9999923331854776,0.9999927454186166,4.715479570268355e-06,7.933330562178899e-06,0.0,0.7266111969947815,0.37163772136238876,0.5806739330291748,0.9695038199424744,dc930cf7df1e3a5421490ced4ed552a9301e9f41748a8ab7843ae3577faa2e34,1,0.9814352103823853
0.9905973351122069,0.9313785532740908,0.1036745787393144,0.30518971601897027,0.0,0.0415690541267395,0.9984106490509072,0.9424720406532288,0.0,dc99fa56b91589b4b881cab0c834a499fe28e5445c27c3ffa58c9fb7e8e4267d,1,0.9166252491728798
0.9961245322448512,0.9916069809148963,0.005917358442361872,0.017010194642537058,0.0,0.011860013008117676,0.9999967382734338,0.95728999376297,0.0,dcae0f2ecca1b373aed20864f73380082d93810f9f8aa78490ad0e22e6f6aaf7,1,0.9925154865415506
0.9904977938392225,0.9811004416706471,0.01032980854891552,0.030326547879263033,0.0,0.005133688449859619,0.9990274717933016,0.6520748734474182,0.0,dcbef0a41f33dcd9e53e2dbf52de7d214dc78cea91a733bc250ef9e68a429ce7,1,0.9912710941451086
0.9964590794326207,0.9957387219043863,0.0007236045443949935,0.001792335862059531,0.0,0.02968693338334488,0.9990185899103153,0.620220959186554,0.0,dcc1045b1846e2c04c812ab9d3f3fb104352a2bcd70acfca4bf37c2c1caafd97,1,0.9941351391626403
0.999977895439561,0.9999758104950293,1.2379768002023256e-05,2.150410007888987e-05,0.0,0.033170010894536923,0.9988873517636223,0.3950185179710388,0.9950631260871887,dcc1c18703be8472c7f0bfe52e5edda26ec2a915124024df4ea06a6a69560e55,1,0.9972449618683394
0.9999996647256733,0.9999951861468654,1.0615860608220675e-05,3.0475085129070516e-05,0.0,0.029669012874364853,0.9989617236205998,0.39684295654296875,0.9978765845298767,dce13ab7a4f2cfbfdff019a0ffea49250f0cddfcd12e054a51999b2575b3b737,1,0.9972560680651359
0.997396072805869,0.9967251056557229,0.0008546544931719788,0.002296706719825403,0.0,0.03520256280899048,0.9990136657609775,0.7348537445068359,0.9553623795509338,dcef06e3720be1dc7712698308d2f643a721c695823ece6906f669793dff93e9,1,0.9965629402063938
0.9975082841774393,0.9970624195383753,0.0007042433569161788,0.0021206339750337033,0.0,0.01446533203125,0.9999623705893897,0.6742077469825745,0.995377779006958,dd0e65352f3551c8172a54c305f3b74463f8fef8fef18a1fbf2bb65f2246a77e,1,0.9967906793640448
0.9958254307262275,0.9953118896838488,0.0008485045095044682,0.0018244709738055587,0.0,0.05088227987289429,0.9974655888420388,0.6975113153457642,0.9781163334846497,dd200f88c1e5b0db9c03608c3ff8fa1675c734f826bf5f2280218b14ea8749ff,1,0.9964877981495818
0.9929388537007716,0.9923815809646248,0.0022112434348724227,0.00399881606664898,0.0,0.05926603078842163,0.9968778338521975,0.6663036942481995,0.9749505519866943,dd2d3bd75ee45f9379761d58cc833a21371f201691d4b15f4591e3feeba10ac9,1,0.9961582774265837
0.9999908251333777,0.9999804664425358,1.7494327819597055e-05,5.116849602366161e-05,0.0,0.021882992237806317,0.9991666614379301,0.4636991024017334,0.9954622387886047,dd32f97e46d8aa529c5f89922a82a094ddbe2a0f2d7305a35a4b50012564f374,1,0.9972033851057865
0.995972235532057,0.9963984262839707,0.0008091057446407992,0.0014453179208739897,0.0,0.18416351079940796,0.978110557800768,0.9479773640632629,0.0,dd884d99baabd1eba95dccb3201a2aea9937f43b54accfc87121519fce4d10be,1,0.9924005557874903
0.9663239567367871,0.922191911759206,0.06527747132021117,0.1996203990529256,0.0,0.850490508492667,0.18101646082321846,0.3010149896144867,0.0,dd9ad348944b480d93ff13e6d975536d031ec2d5479b2f4bed055df74fcb46c7,1,0.6433445980414113
0.9957288521669996,0.9631693610350361,0.2760571376385501,0.7938040606710834,0.14285714285714285,0.02857285737991333,0.9993424939539844,0.985450267791748,0.0,ddaa4c0cef74302831ac7ca2eb7097c9af689fb21b025e2c97207f144b206016,0,0.003132599447740513
0.9972592062558816,0.9920533504957649,0.004620173738349218,0.009960138733852042,0.0,0.00821906328201294,0.9999770787892014,0.9660390615463257,0.0,ddac91cd53fbb1a279cfbacf0b4e2f3e63718086b71725fbe0f37718845df182,1,0.9927394225685693
0.9975105928328372,0.9966650885236995,0.0008144686316046233,0.001938528696583508,0.0,0.007239818572998047,0.9999777868969064,0.9602506756782532,0.0,ddca623d1efee3c3a30524c2f2c94c5c9854eb4a6674523dff3e2f480e0db182,1,0.9936534276721987
0.9435067837592427,0.8849543351316528,0.3345170732503432,0.8604429007540504,0.2857142857142857,0.9858147365782406,0.014083456263753041,0.3936169147491455,0.0,dddf5dce5db1a732bd3e2ccb96c8bbf799e4e86871b9de64d5fb18b1cbad0139,0,5.250321636538219e-08
0.993007828064584,0.9932289350265394,0.0005976229722044155,0.0010296729586989324,0.0,0.23464427888240003,0.9615527046452266,0.5778905153274536,0.0,ddf61d490cd8bd0d163ad647e9d6bc6bd9f2ca77ff2abf50dda65a62218eb1b0,1,0.9923386147500161
0.9909817279170224,0.984817234802195,0.008729533887763168,0.02676526986041545,0.0,0.10733495649092134,0.9931197390962201,0.5750534534454346,0.0,de10891003f45c13cce91e5f282ccdbc29895d3e8cc98e8f3c1dbd8bd36a5acd,1,0.9915005519014759
0.996570029055589,0.9955539812703299,0.0015991907099825566,0.004661330507358841,0.0,0.01308298110961914,0.9999962442699749,0.980370044708252,0.0,de24647bf5216b73d96f1171bab668d4c76215694d865f0a9b9c6e9da9dcb0af,1,0.9933548181612067
0.9963344025455321,0.991822743756439,0.006105754309854918,0.014342670796135399,0.0,0.020023478195065742,0.9993993012463007,0.587296724319458,0.0,de59f0565e6fa5faa507050186e18762fd5c9ea1e9f54a164a53792330712641,1,0.9933213402955323
0.992047116078863,0.9796369232946315,0.012380612868266477,0.0302064026173617,0.0,0.023857749973739482,0.9991086634124752,0.3242223858833313,0.0,de8a451c2309afa534103580795fad49ee19028b1ab77a9fbe9e704b398e209b,1,0.9916761211692232
0.979429889203435,0.9611157651351941,0.022870721919559748,0.05188220662737772,0.0,0.6050649881266555,0.6117080092658188,0.5072748064994812,0.0,de903ffda6c039b0eeb67c1476b7a71678dc99f85ffcb6dc8982360afea88c6f,1,0.9488565128988369
0.976830040780743,0.9062902587482974,0.2503225460291624,0.7333828159958746,0.14285714285714285,0.04469666443397635,0.9981826452571453,0.3281077444553375,0.0,de927ab9fd5e5a1e1a6ff384d0b970c1725c32b59d2a64c6b63d5e26846133ef,0,0.0024785960664337045
0.9946500276266865,0.9544192099979961,0.07560450588869494,0.22297673012601638,0.0,0.017191164192905617,0.999498990563334,0.6570101380348206,0.0,dea2a508663adf59220ce0979a4fa86778b03d184d5c6bcf8cc25fabc7cceee7,1,0.9651891023656985
0.9984013830810814,0.9979792225141436,0.00037099328762073356,0.0007935894140296273,0.0,0.0038916468620300293,0.9999989590560047,0.9621230959892273,0.0,deac0578e65091f71207e69e54ef96ca202442eee3e09e5ce20cbc584e55fec1,1,0.9938692624742999
0.9896201942301271,0.9730170735319763,0.31013812168417626,0.8906858853571296,0.14285714285714285,0.015381157398223877,0.9999381461097095,0.9450905919075012,0.0,df03dc965073a879853cc22312232e501d5ca7242c6cdb2d78fcac07b11ca298,0,0.0019282721359986429
0.9999962930926448,0.9999975951563208,2.3324889067161967e-06,3.829335667413479e-06,0.0,0.8617494702339172,0.07922560172903362,0.5245956778526306,0.9736840724945068,df24838d575b371a1cadcd92ef9f0a45f878767263672196df6e32c54ec340cc,1,0.9628635216128861
0.9874151727850912,0.9606909119948084,0.04658988782106125,0.130108033706496,0.0,0.01604814678844413,0.9994552122194093,0.5124582052230835,0.0,df2e899f09fc334e7bef2c4b2651ffdedcf8c6b4dda7fe87f5149debeb75bfa9,1,0.9793014882433603
0.9920802891574075,0.9879358496221226,0.006574401401258663,0.014814077952160165,0.0,0.025610625743865967,0.9993802280360883,0.577634871006012,0.9825084805488586,df42b3654872e0f2fb8939a1f13bd348168c4ac992835d317beea7e19a256213,1,0.9958382984670846
0.9960027755755082,0.9925149463928413,0.0034047670793881345,0.007634700558797669,0.0,0.035028159618377686,0.998701334292221,0.9381104707717896,0.0,df471f6ab1a149c7d59565e7e5aebbb4846a63da4251716d6355771c5bae9e85,1,0.9927831138714592
0.9965244062629331,0.9948565057874352,0.0018830588661395598,0.0035484109884040826,0.0,0.007730603218078613,0.9999519807972767,0.9045030474662781,0.0,df5ed58b128459dc32f14fb8b222f5b828ed4c33958e61da548effc77302259a,1,0.9934274545882974
0.9935967758893487,0.9885336104701433,0.00757078551421452,0.023040152200311866,0.0,0.04716971889115264,0.9982664186611575,0.6470769047737122,0.0,df66fe217c7e427ef357a2414f5ec6e9c9ca371818519113a49735841b50fc5a,1,0.9924422727346216
0.9935761730470617,0.9897572667105722,0.004470658964178585,0.012092652060279208,0.0,0.02234572172164917,0.9996224769051884,0.5916857123374939,0.9814496636390686,df75b5b99d0ba848d6cf47decf4e8b17042d37a6972561e6f587b4ddd937660a,1,0.9961486535801027
0.9997830812719465,0.9998808158219372,4.5432984951598256e-05,0.0001487989180127439,0.0,0.20125986635683576,0.9701627336816052,0.5125797986984253,0.9937563538551331,df78b9cf0398046ff0eedef1efb89eda67ebcaa965eb91eb3e41cded529bcbed,1,0.9965673776448414
0.9900237275352892,0.9850194622436109,0.006356928781542831,0.01627511740577415,0.0,0.034453548483286876,0.9987300370969755,0.4826611280441284,0.0,df809122013b53cc3f9de88ab30077cf92845223c61c4bebe88e56bda5cdd7cb,1,0.9924448349072673
0.992563115832156,0.9921984019117742,0.0012257183264420748,0.0029269192488519113,0.0,0.016264021396636963,0.9999191541879398,0.5873048305511475,0.9791128039360046,df81c722b6e41e1a64a8721c1a0979d5a3849e4df154a78b091617ff908e71a4,1,0.9964515638042254
0.9999909198922832,0.9999926737452943,3.6627690808398035e-06,6.547030816413486e-06,0.0,0.08295992761850357,0.9954140167381267,0.39414864778518677,0.9971190094947815,df86f48f31d025104b06187d8f8ef45fa9d70f984dc6c5576a4cec0ec56454d3,1,0.9971356744807371
0.9920291028364004,0.9964891822751737,0.002491595565350287,0.007213956998186599,0.0,0.9588426038141051,0.03229671991770364,0.6760376691818237,0.9936352968215942,dfa73832f9106db8287170674518818d36a7ab5596c48d08b511c3f64d4d1f7e,1,0.9470602916149752
0.9976798041995412,0.9972046614669191,0.0006884400912136016,0.0018501710456312326,0.0,0.006004750728607178,0.9999713859491951,0.9695600271224976,0.0,dfb643b87b09c3c705d462a9ab0b48bd670854503e9d199603170f35159bc0dd,1,0.9937094186070985
0.9993260884667156,0.9995580852861817,0.0002603206714514815,0.0005825355138632693,0.0,0.010927046646164017,0.9997752086652845,0.4463762640953064,0.998649001121521,dfcc58b1b26a596e9a49b233c330248043df84860b7ff1bcaa14e8238587d587,1,0.9972042190499215
0.9971726761274317,0.9964160523805422,0.001342976506183464,0.003928862195245553,0.0,0.004534157458673131,0.9999493295680087,0.6894403100013733,0.0,dffc2d3cd434932b782f9ae857fb6f92d58ae6196c3af28cf9c1437bb69c2818,1,0.9941404461134384
0.9953375884914696,0.9885805932970742,0.0077397073295287526,0.02406357231395928,0.0,0.22312015295028687,0.971909906586576,0.9450916647911072,0.0,e01061cc9446150031522c020b949544e1ad81827992ac221254bfbb6e4b181f,1,0.9901918700528781
0.9986302765398708,0.9988850873280083,0.000373951806786202,0.0010163557144823436,0.0,0.3470926880835313,0.8791646018245403,0.34373798966407776,0.9495105743408203,e019b917e82f8bb08bc231d091600fe8afd8ad89e6a4143bcaffbdf581c5b8c1,1,0.9953924362792399
0.9934330031731918,0.9875017497492629,0.010596042918721222,0.029043263774126325,0.0,0.01765627786501248,0.9994909970904848,0.38163939118385315,0.0,e03ef29bbd6ef1447e5824adcaab6c93eed243368817dbeec5960fcb34426885,1,0.9927474389736433
0.9947466976675015,0.9932740264627276,0.0023339661095578726,0.006543764640651676,0.0,0.008272803382385896,0.999836747594095,0.6298089623451233,0.0,e0534ddc62ba301d73bcdd3299e3f8d594e8797f29294806abedc8b7adfbb496,1,0.9937615138259857
0.990401451614523,0.9819220187370016,0.00875329746504146,0.025895244853887833,0.0,0.026976048946380615,0.9994872720207182,0.9848598837852478,0.0,e05ec2069fa3248e3b04d23e91f6d9a337fc7a404bfe8ad5bac2afd4b0c4fb1b,1,0.9904459640657042
0.9932520871446019,0.9877951563112274,0.008610218648774738,0.02347600643954717,0.0,0.18133103847503662,0.9794119957000255,0.9266527891159058,0.0,e06b17d7cbe99b48bd0e64bce629ad372291aa679d8c245608c4f53b54140774,1,0.9901877347375935
0.9961978827386314,0.9910742275782127,0.007655411174078031,0.02214778727372206,0.0,0.0048749572522653285,0.9999316217493656,0.5529603958129883,0.0,e09596ee8bf5b0bdc0cb08cd95f171d49c41850a17ce66f24319afcfa6c10c84,1,0.993275970920013
0.9971188883062791,0.9940271363154782,0.0036359013974566552,0.010866015044652122,0.0,0.067085862159729,0.995869391036486,0.9386023283004761,0.0,e09ccdec9667479f24a1c00f6a46022a0fbd52846940cc29485b63d7bd44e1cc,1,0.9928105005581067
0.9967387182846533,0.9934261238672787,0.0031429292934031525,0.007755820186026052,0.0,0.019056618213653564,0.9998560417453208,0.8924537301063538,0.0,e0c10cd9621844fba4145d2f5bf4941627224332adbfc02446ed2c4eec533197,1,0.9931596236809267
0.9997083572270621,0.9997297366879473,8.452561863313656e-05,0.00020370899196963744,0.0,0.0672228261826791,0.9973738314600077,0.47072482109069824,0.9888472557067871,e0dc0496f3fd99ebbbd1b0d2ee2676449ce2008ef71872c049867ac08a50f615,1,0.9970669912760973
0.9716464989288548,0.8832475582118134,0.29653694076990234,0.7660919311276361,0.2857142857142857,0.14160239696502686,0.9838217691244485,0.4309232831001282,0.0,e0ebbb3b7d19692a90f7fc55c90d4624832ff8c09e37e75df95dfea51a281863,0,1.9350141537256503e-06
0.9837443458316337,0.9302062699719678,0.08516085785069874,0.25145815939578653,0.0,0.0163473211783578,0.9993796746513117,0.363774836063385,0.0,e0ec0efacda8b58dba8022be360a661fc544ec3e387b954b16d50fcb18578d7e,1,0.945214482931896
0.9955061085823269,0.9930680820797757,0.002876845843798707,0.008176052112081611,0.0,0.011513292789459229,0.9999994295173316,0.9346475005149841,0.0,e0f55bb24343c1bb98a84df396ea136b587e3ea905ee4ef388b314e0b32001dd,1,0.9930345497094251
0.9914733774833684,0.987335206158051,0.007762093828376549,0.021871322785935954,0.0,0.006735801696777344,0.9999899839228713,0.9751371145248413,0.0,e1174f75634f8430a64c6691eefe4fb718c8f967b57899bef6bfe1e24bae0bee,1,0.9914520021563354
0.9994120856455377,0.9992912369409686,0.000287193469786937,0.0007020931562212616,0.0,0.03395719453692424,0.9990488711872417,0.44072943925857544,0.9949615597724915,e11cc7b9324cb9fc770f8886b213d89c465b537d6834df94718814043c94dd31,1,0.9971471505391217
0.9932472345903062,0.9879144905065028,0.008999122243364844,0.02592367298331196,0.0,0.044944547115935145,0.9981266857331419,0.3699195981025696,0.0,e11d8fa3060d0ad662c2f340ad70839c0763143e9ef5802408fe24faf2e11632,1,0.9928658661564117
0.9954598283145901,0.9947151089391782,0.0012669555449267933,0.0027766894641073625,0.0,0.04833340644836426,0.9976594319594086,0.7210638523101807,0.9758943319320679,e12c811f4a58e62a5c976445e7962cb2335179f3cb182a990b01185a356b0498,1,0.9963954681651292
0.9950421975213402,0.9934189010919807,0.0019152992247400285,0.005227951381947115,0.0,0.016809483984884917,0.9995069434727396,0.5760045647621155,0.0,e13ce86e29fbd8743480d777f7d55424d6abbd98ade5d9b9ca4821e58ffb625c,1,0.9939056373930094
0.9814911096242136,0.9525309947331657,0.07199207319641496,0.20423368576491904,0.0,0.005477985281080677,0.9998992588750722,0.4225166440010071,0.0,e16b2fd2a37c2a94ea62ef370ca6e216a69a8d5f6b4a2c965a641122722a1877,1,0.9646430668783502
0.99947868841109,0.9996303776062289,0.00018727504712986393,0.00044742522404280454,0.0,0.1341479867688178,0.9913437240592452,0.5461273789405823,0.9936382174491882,e18dbbde94c7b425e266b6c83f668c3149f01dbf37e6dcfb133539e137722da8,1,0.9968028266399549
0.9956448667038549,0.9920832040546148,0.002553128457275938,0.0068099825044341585,0.0,0.024065583944305368,0.9991196784313535,0.39035868644714355,0.0,e1a6a44dedebfa026b5913c39ab4125a1bccaea4299b14e4a9a01c029dd12d6c,1,0.9941142349777861
0.9997954986776619,0.9997981406625148,8.723976329088057e-05,0.0001702224281438511,0.0,0.4189711213111877,0.7677937144263991,0.40748894214630127,0.9197027087211609,e1b1dfd8ce6e1065d93a743030b1e3673992f2f98ab6188904c0db93800921a3,1,0.993758815830441
0.9730556915809203,0.9699980918609056,0.017377413628263234,0.03597370527291448,0.0,0.396706789586787,0.8515446874007749,0.27161696553230286,0.0,e1c5c1371ddc24128f02b68cc5167f6afc5862030b966861567039ff9a30a580,1,0.9784728999904482
0.99997828728658,0.9999777919653937,2.6993642802757763e-05,6.334893474071441e-05,0.0,0.5996177792548939,0.5133136336433637,0.7470972537994385,0.9763815402984619,e1ecf12743ff03bc588d3e1efbe5a1f7183311ee0ef8e616aad3043d63074673,1,0.9867571466717129
0.998471014892903,0.9973092465746218,0.000990237918310045,0.002577508463936451,0.0,0.003377676010131836,0.9999997083440809,0.9540038108825684,0.0,e206a38458e186b63bfddc45ec51e1025d081b03d621178748245e0f211ff50b,1,0.9937749787849981
0.810917794059994,0.927283671264852,0.4270380467326156,0.7814610115769103,0.42857142857142855,0.9939669870364014,0.2185234285365218,0.4968832731246948,0.0,e206dbff66c7f14792cd569cea4cde06fee79a95da38669aa47cc49f92437126,0,1.3166930487146265e-11
0.9717921795927682,0.9685111947700119,0.4648309659348791,0.9537660403663503,0.42857142857142855,0.7490129768848419,0.3774520375176158,0.40938660502433777,0.0,e23543a8d46fb4769666923cd27ac1ed3a504c35a1c97193e75b10e58b9e6081,0,1.0645937092892703e-10
0.9981246751030459,0.9720001027911938,0.03934866765445458,0.11544324892631153,0.0,0.023855984210968018,0.9996304566000075,0.973233163356781,0.0,e235a2ce247b3af319d40f8da5582147e276689e57641f82c23ffc3fdc32e88c,1,0.9833241060272421
0.9937725458808955,0.9931595017272455,0.0013437822510932668,0.0025689278894303023,0.0,0.07517600059319467,0.9966611329514826,0.5792739391326904,0.0,e239e77f2a8fc3034d6b28a6364afcaa375e74dd627f8b40ba5a4bad4bb8b8fe,1,0.9935674202471664
0.9999609527260345,0.9999569560160191,2.8949410718594084e-05,6.965350977219096e-05,0.0,0.03575820475816725,0.9980437184637214,0.4278010427951813,0.9951420426368713,e25ceecaf6cbad3e856d38ba32d15b9c8b79391e8fdbbbafaf26f891e20cbb68,1,0.9972021126272724
0.9928455968028435,0.9796475970959905,0.016660032497443092,0.04812376719856426,0.0,0.305336058139801,0.9419051230054915,0.9001156687736511,0.0,e2609dd2d56cdcbd0b14f95105f9ade5a1306200d6ee0fff13e6f6e74e7ff890,1,0.9854485748253057
0.9977832231971349,0.9971815699498106,0.0010900525860915642,0.0032052550025605253,0.0,0.015161633491516113,0.9999861440829824,0.9574352502822876,0.0,e28901c4b53647d15895c052c127ec4a5f88ea57063625487162dfa171583422,1,0.9936614690703789
0.9929635760085199,0.9913550987750253,0.002391234912603307,0.006777795751795601,0.0,0.02001887559890747,0.9997930595961932,0.6896669268608093,0.9707679748535156,e28c5844b8f3e5fcc6fe50cf060a0c9cc7d619f30b6df00e09471222b28e2b98,1,0.9962005635786024
0.9943566768089608,0.9928745697119344,0.0013824014593524024,0.004450908185391511,0.0,0.017271339893341064,0.9998998854124812,0.6584585905075073,0.9937680959701538,e2a11f0d7e19366dd76a254f5c2423c53f8fd1f811d227cd530e70ebb15ffc80,1,0.996482460321677
0.9999742688567355,0.9999114550825966,8.877788843436585e-05,0.00019704633679789774,0.0,0.36116737127235987,0.8940068459037868,0.6886772513389587,0.994455099105835,e2b476e81f5f5d85a4d899ead49bbdd573cf804138bf0baba06e913c9eedca25,1,0.9952148267384862
0.999360487880631,0.9994618718341713,0.00022473568770941824,0.0006182075225358931,0.0,0.025611091405150856,0.9991968123691808,0.35550469160079956,0.9943329691886902,e2d2348ba275347e8e9db589d624e43b4f50f01ba84f640a67015e25120f30d1,1,0.9972526245244309
0.9999057522091462,0.999933376315416,3.66462600373957e-05,9.299842599152539e-05,0.0,0.010436607524751262,0.9998121078434039,0.47458118200302124,0.9961988925933838,e2ef769c03ac5f5e1c0db91ceb86bc54a88649c6a66f1f17562a606627f937ef,1,0.9972146010755342
0.9964652087983092,0.9954774336347657,0.001147923187697296,0.0028481631027246213,0.0,0.0392071008682251,0.998518107767487,0.6815073490142822,0.9736443161964417,e2f51eb50f3a22791a2c89ba71def12355ac9082ec58774c9c772e2d0c7b1883,1,0.9965449261146666
0.9980744315399546,0.9972471941546538,0.0010491873144135165,0.0027311237593904414,0.0,0.019163966178894043,0.9997961649508142,0.817171573638916,0.978234052658081,e2fe0e12dd4efa7f711a09f5aa70ca19be64c175bdae20496099777b0f865947,1,0.9965875426867871
0.9818034905358759,0.9482615124549615,0.0712747942402937,0.20628083708494546,0.0,0.6839296221520424,0.5127118512799581,0.5651227235794067,0.0,e3053cf6a8d390d35327de72155000b22fb580c8c360585863350e363289453d,1,0.8453998681910785
0.9960289755783126,0.9839405163707252,0.02185629201852665,0.06492680399953475,0.0,0.04085031151766421,0.9984226291066681,0.5354393124580383,0.0,e312b312873b061a7644a182aa16836ac9584ab6266c4c63df7f260be193d081,1,0.9904693889142255
0.9998171987225906,0.9998367622073868,2.9800532567570782e-05,5.5715482972475263e-05,0.0,0.016818707808852102,0.9994434376819898,0.37987276911735535,0.9973227977752686,e31c4ad6c2b18b0d6a774b6fb86feac445ba3ea6308fee845923a03df42bb0ea,1,0.9972860513149063
0.9999987619608878,0.9999977709459108,2.222826958132963e-06,5.0250716364843804e-06,0.0,0.0050802561454474475,0.9999418669680238,0.4539429545402527,0.9990985989570618,e3299095a7c5b239c2e96390f7a13fefabcc4716cd400f61ff0079ab10ca2917,1,0.9972558832118773
0.9973791375338014,0.9803239943899024,0.02489047287458462,0.07163589389113578,0.0,0.009150862693786621,0.9999935297717192,0.9742698073387146,0.0,e347392e268b4c49c15a78e24e530870aac7ecf43eca472833dad32dad325329,1,0.9882024278658141
0.9936157866224555,0.9929840128176514,0.002344214366701101,0.0052357870245529625,0.0,0.12391185760498047,0.9906056315205906,0.6733242273330688,0.9671077728271484,e3851a1e59e41adea96e337728ae77306c61444f02249c97212d020e73ace7a8,1,0.9959605488224745
0.72825530616343,0.8835279354972022,0.08746089497356117,0.24115353728776892,0.0,0.9327030060812831,0.5568827576920882,0.33362552523612976,0.0,e38fb7f2da64e10e2fd478e0b46b426092d79bf03322ed3491d1725c2a67c765,0,0.13998349046534975
0.9783102525237959,0.9544272862165343,0.035284220713175794,0.10111164476129753,0.0,0.043590664863586426,0.9982759552077743,0.6658095121383667,0.9714289307594299,e3c06c4409db6253dfd976f0228018c55a663b29405cfe3fe5559e5863cf5818,1,0.9876948471289233
0.9870510861108073,0.9825468144441275,0.006900553594460498,0.014345057278372986,0.0,0.22026699781417847,0.9736221820679932,0.6789411902427673,0.9907077550888062,e3dcb09372661706b348e751d2abb93c37b109e4d581a8aa5338e3d4686eea61,1,0.9941469805706763
0.9959089054888083,0.9895732366939461,0.014266807471288194,0.04000159348299332,0.0,0.022474285072121347,0.9992279728124377,0.41404592990875244,0.9940006732940674,e3e423c07d1527c20cb24b061e7d5b7f25e04937c33d9c49a93c5c6c2837e8a0,1,0.9958305981637631
0.9999634102749954,0.9999715325248353,2.008102362981998e-05,3.383389315037777e-05,0.0,0.018249602988361906,0.9992162114923425,0.3810771107673645,0.9996244311332703,e3ec10a164803926604396debbbf85d42913afa81234fe7f2be668ecc099d250,1,0.9972935467859657
0.9956665446677986,0.9908810371204089,0.009666417601664395,0.02826136146693492,0.0,0.009021759033203125,0.9999933651258575,0.9514798521995544,0.0,e403112f69157ac35f6f70615edde3031887f11a0c4638c98db6cecc45ba1185,1,0.9919586218214118
0.9959558234730923,0.972406810446028,0.05280624595276847,0.15281129701853335,0.0,0.006609916687011719,0.9999951006502813,0.9070656299591064,0.0,e41fb04ad48c3d1880667e0a8e09bcc498e43e9c07bc2f5cb41d7e302d6348d6,1,0.9794847098639718
0.6562905650054501,0.7811923481434652,0.14625843661331311,0.3146445787093843,0.0,0.012091830372810364,0.9417067965223035,0.5846189260482788,0.999255895614624,e4204b4af29fc241b6c37f7fe141bd9aa7d31d5bf8834972adeb02f1cbaf30fd,1,0.044953669714046754
0.9865697816836803,0.9719918002457876,0.020726171031409148,0.06226405562621795,0.0,0.16682568014985066,0.9799552649984336,0.40191540122032166,0.0,e434eabf6317e61290fc4082b459a3a3337b0f0c8c64829d7f4cac68cbfdd0d9,1,0.9871484066602768
0.9878133619587738,0.9826282337349861,0.006673276556936659,0.016586496450937377,0.0,0.026004712562312793,0.9990183700261527,0.40269914269447327,0.0,e43abd97c045ad4f1bc5f8c9a21f3dbcb1860dd9ce8c409d4fe492898bb5088d,1,0.9922577938456182
0.9999993919594184,0.9999531628862268,0.00011346516539472725,0.00032415957425611306,0.0,0.6661661267280579,0.3937083903138474,0.5986347794532776,0.9498555660247803,e44e9bb3a61cf24d1585f30f53690e63ce98532593a480d37781ea48feae2c04,1,0.9826539370283082
0.9504285473059927,0.9493635848040781,0.019983154523344725,0.03237129671623924,0.0,0.8195680942451731,0.20710783797878046,0.3602374196052551,0.0,e47f4cdd6dfdd5967d28dea516ca4258d7fa53b50c5668227d0c3b78b84c4807,1,0.8229061909459947
0.9937737307548622,0.992635394000794,0.0014240609437565386,0.0032400642583172434,0.0,0.681465357542038,0.38690865096251564,0.7667609453201294,0.9905984997749329,e49642b4b8d40bd7b489dc33a6020d22b6d24ac4f1ad821919e2808113c826ee,1,0.9781321317091396
0.9949587326707348,0.9925887294152219,0.0024260545303383904,0.005333275252961123,0.0,0.006633102893829346,0.9999602520361449,0.964806079864502,0.0,e49b1f5f3b324d76fcdd5f91405696295fa48e9b9e642acb3ee5c7af8b66d02e,1,0.9929353619279644
0.9999706382832684,0.9999683967762671,2.2876378566598814e-05,5.5877618426864664e-05,0.0,0.3471837639808558,0.8808449987024497,0.6347218155860901,0.9526754021644592,e4b1191da8835ebe0be7c812326fdc8241148e95afb0025179028d921ca00598,1,0.9951008130127861
0.9923845409921801,0.9903860504146343,0.0017241154540314585,0.004380442925456807,0.0,0.033050596714019775,0.9989804870885639,0.6101184487342834,0.9677258729934692,e4b8f79f5b0b9570623ad73e12f892381436421669b96ea012431ac16efe8556,1,0.9962279989115815
0.9946994131422668,0.9943393651202574,0.0015244726625902238,0.0024669718390368427,0.0,0.041308842594287534,0.9984519264041292,0.6108108162879944,0.0,e4be2838070145d0ac265683a9579a0f5e01865e8f8397b14c5a227fee8ac7cb,1,0.9937896489150242
0.5067968733169947,0.8148512093032283,0.13951083823240118,0.4408144670022338,0.0,0.8440682590007782,0.2626947514076969,0.5862513184547424,0.0,e4c3d4541d88790132104a38851b32ddbe2a519b96bfb0852a80fcd6cf06e580,1,0.0019524046681128856
0.9946003024139305,0.9939301243797244,0.0034092474519638784,0.008729016104677134,0.0,0.004899203777313232,0.9998636428007677,0.9636424779891968,0.0,e4e1633829364df6e40e1820be31388dd9bbf5da481d5250cefc13ba7c963378,1,0.9929344861422426
0.993788259824896,0.9930361939248907,0.0015585226906736835,0.0029628855388561526,0.0,0.033342182636260986,0.9992098812841779,0.617935061454773,0.9614108204841614,e4f8b078a73b2a359c4c7efb18292dd8a8eec6b3ec582cddf7afe05cb76a6bbd,1,0.9963830760948855
0.9892737813377022,0.9758051762464379,0.019870755529862966,0.04735800751965714,0.0,0.4981352686877509,0.7703479331451986,0.5716144442558289,0.0,e51ceeb7ef82827119def63a377b8b7ad410d05744d31d91a201875f3bd26e45,1,0.9749550930269608
0.9186258902735936,0.8753588745738244,0.3968394108072918,0.89780283023529,0.42857142857142855,0.9748553394942974,0.03308901885659755,0.6083177924156189,0.0,e51fe52f74bfcb6f228dfaa8a60e8831d9c37ccbb048a2c8461b0336fbb62e83,0,3.126588534448504e-11
0.9999999251230771,0.999999686496622,6.48763547781236e-07,1.8264258295567382e-06,0.0,0.012410552240908146,0.999809331531101,0.4772009253501892,0.9972204566001892,e5342a726c47411e828519dc421e89e0d1f4a37b9f62bb3cb3ce9f4390d21956,1,0.9972166876256764
0.9967844182776368,0.9922237530838952,0.00488966524088525,0.014847792706139118,0.0,0.01291888952255249,0.9999925207013487,0.8886045217514038,0.0,e56a971f1ee7cab95b97a86c571505fb5bf1809a7a68545c54c938e074881721,1,0.99292145988174
0.9792305447954812,0.9685849328721116,0.012391645385383097,0.0336030358899031,0.0,0.21297645568847656,0.9638415923496366,0.587228536605835,0.9781103134155273,e56de269aaf8d7ca45336225999254edb5d0b443d848f0c13ceb3ee04336453c,1,0.9918602068840364
0.9999958195300122,0.9999921731693496,1.0541477052912389e-05,2.9097830331938426e-05,0.0,0.0259953495115039,0.9990445934594991,0.5291078686714172,0.9961121082305908,e586c9919b6138dcf79e0b4a2c2ff50ae601f90264a56a1eb426620af257d9f5,1,0.9971334367551903
0.9927105488247111,0.9589238878270584,0.0779924981258016,0.22466023911696173,0.0,0.048733618110363884,0.9980584108570519,0.5416349172592163,0.0,e5adefd6cba76da56d47ec663283cd89f08d618fa2ec680aed6d24e5eeab2050,1,0.9653037600119988
0.9955799830233769,0.9947593024754742,0.0015385101888161158,0.003130513488471466,0.0,0.007819634862198565,0.9998895572886549,0.5900699496269226,0.0,e5b8b9a0c38155c16eefd256165e7ba2cae1b1764bebd7bd48b0c29ad19cab60,1,0.9940764594333554
0.9993589648250588,0.9994932201190643,0.00026833980517636285,0.000517785036841949,0.0,0.022277407347995506,0.9990587708838309,0.3304932415485382,0.9908378720283508,e5b8c7ff6b20f1628ee4cb09d43b4b49fbc6a28fcf98f745a1e57e6884db9abd,1,0.9972734291235114
0.9946504085374651,0.9906971701283862,0.0043065315921561225,0.010743473185716515,0.0,0.10450159758314864,0.9934893191955512,0.6312727332115173,0.0,e5c0a917d2c42a2812dc5d6d468bf63d29157b4795f2d0961691ec6af9c3906c,1,0.99276045546527
0.9975753832263115,0.9987559362237238,0.0007229806550927523,0.0022374124422038623,0.0,0.41871368866340236,0.8464455418198714,0.5266388058662415,0.9900389909744263,e5cdf0a96a21713555fd76183985ba227092706d0a045361ec0327c805ff8dcc,1,0.9945102375488962
0.9866541895991482,0.9781355948935546,0.012343181470610311,0.03697934808017381,0.0,0.7275266051237089,0.4357212879225549,0.4233752489089966,0.0,e5dd3ef0847a56a5a6cbef68ee33ed698ab4a8cf1c2e52bb9127cb0375a90c0a,1,0.9516520078175802
0.9968540005852605,0.9903461690249584,0.008861983103557475,0.02076093261495826,0.0,0.004341840744018555,0.9999729105849275,0.8216943144798279,0.0,e602757aeeac095f0d0e4a1d95306e104294276172524b1016617470cca537c9,1,0.9923798299781131
0.9933716022066366,0.989502007130441,0.004213871822284334,0.009061448935613683,0.0,0.18947719037527538,0.9744297065991752,0.4636589288711548,0.0,e60b0b22cfdb9ee98bb973a4d16358fe13e943fe2ff6ce0cc8e8b5c7f1e2dd60,1,0.9922363956864902
0.9990163393512341,0.9990854718413941,0.0002965774696089444,0.0006515303860011089,0.0,0.22691394388376965,0.9684745913877918,0.5455247163772583,0.9920938014984131,e6151b747f55157c50fe807b91482efe12a90afcebf0d377614db9d0d09eed55,1,0.9963724633873792
0.9891927161908899,0.9703802313118898,0.03972628057236346,0.11601528670523464,0.0,0.03325003385543823,0.9988728105956759,0.6340368390083313,0.9824098348617554,e6256862fb2ed4ed5c416294c6e7094bb506ae5709aea4d47e0fbc595a33f0bb,1,0.9905184572345228
0.9812833751433203,0.9712125620203906,0.03617705409878657,0.09737404220968404,0.0,0.03261673450469971,0.9991662754652377,0.9806318283081055,0.0,e62dcad4884b14dbae6681daf79e48bda4dcc2704987ab54fefb9ff46df254fb,1,0.9807912227565604
0.9995127763980471,0.9993432716194682,0.0005834337028663649,0.001507206710781232,0.0,0.009351524521893112,0.9997731697221652,0.37290000915527344,0.9939948916435242,e632a2e460f642eaedb1e0e035443dd952030cd5b1d395d0913fbe3d71c3cda9,1,0.9972512943893987
0.9994327549208594,0.9989173293792106,0.0013235804888538445,0.0037196766781309146,0.0,0.059702023858894025,0.9972640628977458,0.40803658962249756,0.9992078542709351,e63b75e562ad2ddc51a814610a04033baae1ff187f6228d11dc7e60c0ff9faf9,1,0.9970616866415241
0.9962031870030384,0.995276375123411,0.0019556007084327283,0.004948837379135677,0.0,0.008221259340614531,0.9998349655960124,0.6511510014533997,0.0,e650b255c3319e79e93ca25ef3627fb17a474477841260cbaaf7ae649243862d,1,0.9939903613115005
0.9977522093083988,0.992927509135084,0.00527812156766788,0.014004050487091746,0.0,0.006752312183380127,0.9999946837454369,0.9734236598014832,0.0,e6532cc1c63061dbd802d15514c243389f05c532de8b6b9d62dee8b74c466de7,1,0.9927965905492477
0.9970727412156829,0.9951419238193884,0.002487404658903228,0.0071308770312671355,0.0,0.01308530569076538,0.9999989811450595,0.9564897418022156,0.0,e65795403aeb1a198e01ad04b708837ba9525b4219030235e6d43054ff219955,1,0.9933042604800907
0.9918784502291225,0.9808144644267254,0.012094418927634642,0.03068804848601403,0.0,0.013559877872467041,0.9999957596728232,0.9576424360275269,0.0,e6616af53d24f4a1dd54db77362ab681ebaedf0b16f26c1652e3d8f5ec888b9e,1,0.9899801899694736
0.9966272024607352,0.9916972515204148,0.005573750981413586,0.016739118555650394,0.0,0.024535771459118515,0.9991840009064259,0.672109067440033,0.0,e67c14083b2b59aad98a0af9ba982ad6b2ce21f023ca9bb21720f7320d446457,1,0.9932285854696066
0.9827627911010078,0.9805607022791454,0.01524653980160211,0.03791538125318461,0.0,0.16573584079742432,0.9811332646747919,0.7663359045982361,0.0,e67c944b8e01e6d3e699797b8bce0a6ea94eb3327d50b074331d66d25b9cbeb1,1,0.9874900434747813
0.9867878423574288,0.9778860363629314,0.007801904364886447,0.0256569442980753,0.0,0.8204823583364487,0.14623197816010094,0.7090639472007751,0.9859032034873962,e67ddc8c81d28e4765d71ab6349fadf4577a2c5257e261d8b0873cd5a72b756e,1,0.9447532897684465
0.9916822761639618,0.993685179076501,0.0023279902051860112,0.0052897514692102025,0.0,0.019302298930762712,0.9994544322899301,0.6050570607185364,0.0,e68b129feebc05a6ec185152dd2142248bef2a6be6fa7f129583c02c549f8c63,1,0.9935989323556943
0.9998721641058673,0.999884495440961,3.8161095214867636e-05,7.767206983358569e-05,0.0,0.5460371971130265,0.7176071893638293,0.5744998455047607,0.9896137714385986,e6d7d098a34d2eeb6b94bbb57826970eb69d083f87f515e556b415e30dd17da6,1,0.9923177772482131
0.9961276403289524,0.9961641076244201,0.0013085853894912653,0.0022275246559311235,0.0,0.018681824207305908,0.9998976891419238,0.9702161550521851,0.0,e6e40c4168c0a5ab9bdd6a621c85d9dc3ee6b505b70b93c04a5b62ea14aaf077,1,0.9933855805995231
0.9998336127976923,0.9998769418488751,6.624549026053394e-05,0.00012897120856178025,0.0,0.2846354842185969,0.9351710643333028,0.4687094986438751,0.9789418578147888,e6e46e45485ded5a89bca0539ad7ef0332b7eb2f4eaed0793cb5a1455847b814,1,0.9961056798515575
0.9935102432150231,0.9825959971535021,0.012382218330604988,0.03583338043627704,0.0,0.00515669584274292,0.9996055198856068,0.9553608298301697,0.0,e705992564c04d69866dea0726daa3582e150287aae3db08dfea1a221da0349c,1,0.9904497795501843
0.9976402361539383,0.9971568379496586,0.0007179971576109081,0.0017649799263788793,0.0,0.0026054976042321197,0.9999887151343069,0.7004556655883789,0.0,e7082f6f6855ccb191b7f781690076b13eaa64ae862f112c547bcf0991fa2431,1,0.9942636179587985
0.9871878219845417,0.9811584056690149,0.01838268041069134,0.04958633728142232,0.0,0.05372741443664811,0.9981925134789966,0.3226434588432312,0.9988809823989868,e7126a8c792d46892433df4f4645dd1875dd8e25e99bbf5ff2f4eca19af89d87,1,0.9946285478468636
0.9957181778855171,0.9711119633896474,0.0540976849396346,0.15697522690763488,0.0,0.00898057222366333,0.9999995720402017,0.9773046970367432,0.0,e71ba52a960e340c384d2cdb9a6cebde14fc1b4cf2bf425d79c3571bb906689b,1,0.9781252210440732
0.9961219747721662,0.9910750203141285,0.0036816203966007852,0.010652304547378533,0.0,0.013460755348205566,0.9999936069601816,0.878537654876709,0.0,e73469beff1e6db7570279e94158af72263e8fcd326addcedbf6ac2c76d3b59d,1,0.9929279050224784
0.999982109627184,0.9999821852099252,8.100765162559217e-06,1.1831330582784453e-05,0.0,0.4271831810474396,0.8528392378927546,0.5614792704582214,0.9902628064155579,e73cf08416f087a7fab133e26c51c2998cc5cc77783cf18d2d0e9a38fa2b1eb7,1,0.9947600893238261
0.9871849166092586,0.9822462065991849,0.008060984281398158,0.01689206196150761,0.0,0.009510338306427002,0.999999991733581,0.9789075255393982,0.0,e7455316c88aa6a81aeb15837376f246c2db2f451ae9463315374173145eb588,1,0.990305113646339
0.9972013972589593,0.9970095597783024,0.0004098251842678728,0.000992810519421683,0.0,0.017418503761291504,0.9999163946651342,0.6794637441635132,0.9981221556663513,e74ca672e643ac1460fbb7cd46998f64e79339ef8026e65793d3b0cb62ac245a,1,0.9967859704051841
0.9999756588530014,0.9999622232163501,4.2438239363458046e-05,0.00011359480770475399,0.0,0.01150606013834475,0.999814091469097,0.3591543138027191,0.9987284541130066,e75fae2285fa4fb11b522bc1b795bf42ba665c92fcbd49c67cbb56f3c5b8a617,1,0.9973270318950616
0.9521848377019435,0.9341410701310771,0.0501441294487554,0.11451819786022041,0.0,0.15689335351316913,0.9786870942741188,0.44108846783638,0.0,e7639e3ba719a2c83a02ee8cf43ecea958db11da1fe997ab42fe9cf893693bc2,1,0.9502541396765628
0.9954608920640478,0.9948873856832537,0.0007972997040504461,0.0021384783688226383,0.0,0.024163901805877686,0.9996687309585083,0.5622431635856628,0.9742959141731262,e76863fbdfdc0b80d2dd79e383e2360a96204849f64c8db3bbd0c7e7dd3bf118,1,0.9966912832287124
0.9963777156886692,0.9952049604234819,0.0020511377197200043,0.0059080535798843314,0.0,0.017512261867523193,0.9998758438085479,0.7151390314102173,0.9789126515388489,e77fdb7a56bf67f1ba3f92bdca33bb5be2e76b9ff2466438764743f0595dc222,1,0.9965118466090115
0.9933722672587761,0.9928534391719941,0.0015129820441676567,0.0033943655630357394,0.0,0.011662483215332031,0.9999981814618265,0.9706894755363464,0.0,e78d047dad15073a97faf7d5a92a5d55d72b9e5980486db1aad17e46b8d3b672,1,0.9929363660163774
0.9946313674365969,0.980904187298382,0.03041973650778806,0.08804051480107056,0.0,0.009386539459228516,0.9999964111611396,0.9858219027519226,0.0,e7978551f68b2a1295804f0ab0b8bd8c32c7c204d94220959da0c4f4c1a170a4,1,0.986781997054668
0.9995023686751044,0.9995948670971686,0.00021198377717463856,0.00033164736019747646,0.0,0.35831493139266646,0.7862761415699443,0.40478286147117615,0.9902973771095276,e7a55c1a9b74a947736e5a1498285431fbff9c66d8e6829ca5cc036b11ef612e,1,0.9944371536326009
0.997929720497412,0.9968441169536211,0.0012079482117887028,0.003467265583173673,0.0,0.010669887065887451,0.9999976049881961,0.9675301313400269,0.0,e82c9d5dafcfc90af9846b9fb25eafac249475b1924a1a99263b8aa14c3dd5ab,1,0.9936262740012739
0.9999998145684544,0.9999997625527558,9.465795846382315e-08,1.73861687894181e-07,0.0,0.008511676453053951,0.9998862966889727,0.5135558843612671,0.9980241060256958,e82d2cf540d8fc6ddf739a35ef72210dd648cde0069060e405e747ad40aed440,1,0.9971910089752175
0.9970379190024488,0.9946197987919685,0.0022852313025182387,0.005669683423968626,0.0,0.07848790279497461,0.9965646549823174,0.5192615389823914,0.9943557977676392,e83948a574d44133cbb71966082379b8bd3b7152afb483d4170ec730310aa9a4,1,0.9965833945431124
0.9999702543556439,0.9999132843689115,9.208007953985162e-05,0.0002367909641201012,0.0,0.01812584139406678,0.9995610082928243,0.3629399538040161,0.9994229674339294,e83e24fea6d326ea5ed998155c541437737ae10d3bffe0b2decefc90adecbab3,1,0.9973070874343138
0.9545705972299892,0.9619307540834724,0.017544399991720847,0.03584568896305209,0.0,0.6924618849134134,0.4534441931900562,0.552447497844696,0.0,e8496451d36938a160cd81f1589641887db59b7a47dafe5351f20f6f2d4968d1,1,0.9139808039228166
0.9983977003367827,0.9910221538480056,0.012308350429265872,0.036130117946657436,0.0,0.009278535842895508,0.999999084485602,0.9732661247253418,0.0,e84e01b78558440a9ad66e168223b6ea0baf292927dde2f337bc420e30e9af7c,1,0.9917626513970244
0.99642508661292,0.9931497712664833,0.0036213160327371523,0.01008715499218582,0.0,0.03133833408355713,0.9990589262372415,0.8955680131912231,0.0,e85072c4f33cbe733c1baf1c06dc7a0c9d32bdbcbe58403c17ac2cb7751a07c9,1,0.9929973652386648
0.9999926575109529,0.999991519833024,8.465379484455456e-06,2.0119583748647377e-05,0.0,0.2885650098323822,0.9318590803053822,0.5274009108543396,0.9987508654594421,e851671e6a9b7b9f1bf7d3a53821b6befc455694b97efcef1c2a1667fee89232,1,0.9960495637723933
0.8794716722701831,0.9050753792315176,0.2546219260815447,0.6701803055559695,0.14285714285714285,0.14048480987548828,0.9813980378495901,0.8465484976768494,0.0,e860de82c5ec5942130581693ba569f2b833c924bd685be39d363e9414cac715,0,0.0005828975719834343
0.9901292370650916,0.981953719567264,0.017059402118861124,0.04953134786093172,0.0,0.08019930124282837,0.9944396292926305,0.6091617345809937,0.9734920859336853,e86b081c2f103b53f9c8578c78ca3b2541aebe0e7c26ed5bd04ab095bef7664b,1,0.9942377943238359
0.9933124409680895,0.9881592320472029,0.007631355504562528,0.017415038385567752,0.0,0.2696793079375603,0.9480385289536427,0.5816056132316589,0.0,e8878826f0cf288d0f76158350d35c493004257161911af7a5afa85a940b8d45,1,0.9902350456287249
0.9932897469722832,0.9890104216424042,0.008167632907418967,0.023358102811986598,0.0,0.015651786694357905,0.9995734165355203,0.2978624701499939,0.0,e898fe4448b378b911cdb034f1d36c53e3d733b6cb7425e9c7029722c138d43c,1,0.9933833118912382
0.996470414847996,0.9907624209464434,0.00559788785437375,0.015213950271219315,0.0,0.013168435543752303,0.9996044854363152,0.36794528365135193,0.0,e8a773eed8f53af30f7c2e322a408d12dea105558590d04b5e770ad39f30d42f,1,0.9938413242673075
0.9968477802166058,0.9947802203971398,0.0023438987713551417,0.0064918874683229655,0.0,0.005408346652984619,0.9999738966479546,0.931363046169281,0.0,e8ae568d80d3a72746f7327ce2c92d1ca5f20f4da60eda19b8eb0e6f63e1d893,1,0.9933629300893684
0.6592483384191945,0.8853601733351544,0.09668051845900559,0.2848043019187907,0.0,0.44871802628040314,0.9503576241394661,0.5428140163421631,0.0,e8bce993a2bee4616c6c57698796af5359e2110eafa766b1ace0316862623876,1,0.19126249951605906
0.9192091154831777,0.8839579274291093,0.10768201945956404,0.2802448876582741,0.0,0.12218197071342729,0.9873908891070267,0.6860700249671936,0.0,e8c02eab6a8e75c0d8253f36602d83738e260f73f4811ce74e04093e186cb877,1,0.7260341254120805
0.997212769902699,0.9948680979030861,0.0019641027953321436,0.00457801908603872,0.0,0.03674185276031494,0.9986459205755306,0.9345974922180176,0.0,e8ded9fc2b75774274316412b91af1a976f9a32c08b2b1b8b77e6418d1441991,1,0.9932578141167805
0.9965057127216982,0.9957044670075323,0.0012300426816627091,0.003396411848216263,0.0,0.011147022247314453,0.999998015897842,0.7009535431861877,0.9948774576187134,e90955e8e03d4919b512e35cc3bc86d4ad52d2e879846c407244e58b9eed8279,1,0.9966482043619064
0.9891194801983235,0.932689263949783,0.13210548025890786,0.379802276669006,0.0,0.020018815994262695,0.999704750775735,0.5842360854148865,0.9842570424079895,e90b18406c4306bc40cab7a40160d08de1fa4066ed1ac33985cdd2cf6dd993b7,1,0.9321533475448119
0.9990738419327803,0.9994729108671152,0.0005740938961523059,0.0008537242497909561,0.0,0.860932886438836,0.08505423856575499,0.6456924676895142,0.9944702386856079,e910af1f64ea248a0f17c6d6b9eaed47f82352ff271ec816d350201624a5019b,1,0.9612998068249904
0.9953103610951469,0.9876256078593946,0.01172242942572168,0.03597448109214397,0.0,0.014339556916462382,0.9995611792278505,0.6087126135826111,0.0,e913a4db6d3044ac9b2ca7bbec78c2177b6841c68e0eb0ebe69817e165518d9c,1,0.9922465219247312
0.9998729924197192,0.9998482456358602,5.1357775420682704e-05,0.00011996577281950249,0.0,0.00727487862417725,0.9998395612211254,0.331048846244812,0.9974918961524963,e9358908890a9cb223084c30aa64d3a4510c78b6583de09bed4194185cd6ef6e,1,0.9973513867507414
0.9962095984417694,0.995483232042701,0.0009019191052101729,0.002524040561776908,0.0,0.04599106311798096,0.9978711941593118,0.6539413928985596,0.9662740230560303,e93c9bd7edb7fd87d83ababae5073a6d46eada830d97e1bb7ce39989d9df3e8f,1,0.9965512425955909
0.9988178138703349,0.9994744487015143,0.0004214846066086269,0.0011266535016004429,0.0,0.004466160171851197,0.9998576312881358,0.5129448175430298,0.9749215841293335,e95d3c638b9751ff8c716d2af53a52b9260644d6d74787615c2b79fef3ce8835,1,0.9970885268501715
0.9969422827395508,0.9965759523194455,0.0007151346674575671,0.0016877044879306247,0.0,0.004528076853506557,0.9999472561658688,0.6820338368415833,0.0,e97cd3014c469e360b3aa454e01df34f9763aa86a8bc06f06c35dfd382f34457,1,0.9942106761922789
0.9708391030245596,0.9105891411139504,0.08466208057488991,0.22464729602892386,0.0,0.671165943145752,0.46789619552028716,0.7062252163887024,0.0,e9837a09b441ce599ce483196f86a5ec07ced9791984a78248e5c06067e42488,1,0.6681272725088749
0.9964523837365628,0.992928338623061,0.003614799841620002,0.009903857571727515,0.0,0.517449140548706,0.7768368287363479,0.8915621042251587,0.0,e985263cfed8dfb83bedab360fddccb8451d6bae53c62c7e1d0a6e545f2a900b,1,0.9842942767893842
0.9946551197847517,0.9911367387049294,0.0030803829696425377,0.007977154828216149,0.0,0.04039299488067627,0.9987691233224457,0.7720425724983215,0.9584884643554688,e9953dda7383742ce2aeb55d2f148027e3edbb665c169c4bf7ed61b6b163570b,1,0.995999970504102
0.9911680204492325,0.9886944760243288,0.003702029415512319,0.00974357311766857,0.0,0.3101609945297213,0.9255119340167656,0.5034991502761841,0.0,e99e628caeb5ad3e2d6ad7d3adb9e88d64e0ce2d5b221ba8608b705c5dec3cef,1,0.9903436782308387
0.9970807823933044,0.9950103311747279,0.0015578895355103288,0.004234839334811391,0.0,0.027457475662231445,0.999451471604077,0.8194709420204163,0.9365673661231995,e9ab43a381ee392e397c3a1c35051a7b87cec79e35ea7f5296c2bf334dd236e9,1,0.996310521868373
0.9951493537012024,0.993232567532948,0.0021315386592944993,0.004781802969317295,0.0,0.015394449234008789,0.9999134659484362,0.687908411026001,0.9618240594863892,e9ae113e5634a31639a9c0f877046367465c0de0efe728f337c26962bc7e2e09,1,0.996368029939262
0.9999387108605469,0.9999630512420677,1.643594821919353e-05,4.8848673650735676e-05,0.0,0.015160118229673076,0.9996252298358705,0.4295458197593689,0.9970639944076538,e9b62a2d97b009a091d155b8bb73b73561ca417e9889ecb8fca3b1915e6545be,1,0.9972517042704734
0.9975171296936586,0.9950287982619473,0.0029460938727154597,0.007823230865801944,0.0,0.011562049388885498,0.9999999844472964,0.822989284992218,0.0,e9b7996e6e663d13de5ca6eba417577f6d846c3c19521989391aad495a2a70df,1,0.9935677363652307
0.9997975095809913,0.9993754026123597,0.0007009639912799283,0.0020308652115516384,0.0,0.020134454593060278,0.9994182632496807,0.4148498773574829,0.992773175239563,e9b7b251f9f1a11990b6635a481b90a348632edfb1aef240a7fe719c305f2419,1,0.9971914176309238
0.9973303581413341,0.9971350282428656,0.0002907185494886416,0.0006063023971614179,0.0,0.051419973373413086,0.9972523034937083,0.6612030863761902,0.988576352596283,e9bd533087f99780836772e91a1ee8619a0cc5c599756e1e5103d90ddc40034d,1,0.9967106721769914
0.990072264415374,0.9659728901397484,0.05449749789418276,0.15753827620060668,0.0,0.06625533103942871,0.9957027619228019,0.5176233053207397,0.9792020916938782,e9c16cfa9fe4c2319cdf4ef8cf76af85e9e7dea2ec6c9c1ee5a5a95d2f4c9d7b,1,0.9873420427125514
0.996639594758483,0.9963572761766996,0.0005413423467648616,0.0012034712290419636,0.0,0.012104272842407227,0.9999880738975144,0.6902251243591309,0.995297908782959,e9caa41e613e31befbab06d3edc14bdfaf935ce54cc6fb83c869fe711fa9d028,1,0.9967279796578035
0.9366604319642962,0.8758128571937477,0.1608855148081286,0.4484614175871459,0.14285714285714285,0.04353751994858612,0.9982642187174818,0.4419652223587036,0.0,e9d1849f09fc8cc4bb414b5cee3f45a35615f11ee4a0deddb883a5ad533855c2,0,0.004715195067645157
0.9946979263831227,0.993394053954867,0.0018517451327375676,0.004091833443887867,0.0,0.007808729073939007,0.9998421034379564,0.574853241443634,0.0,e9eecc22913197a486fd12f6f1e3bef6850aa275214e4b30858e371a7e287509,1,0.9939213825171496
0.9999872962275128,0.9999890450277332,5.612541708604729e-06,1.0787757415153688e-05,0.0,0.9025694727897644,0.051108322165440256,0.5439745783805847,0.9707982540130615,ea0195e57cba31ed42df40fc587ed9a8c5c25970d6e8700c56881a07ef626ecf,1,0.9592014652071305
0.9999308137546534,0.9996575374207363,0.000655365841332438,0.0018773322303656786,0.0,0.683032274245552,0.35135305544911166,0.6933761239051819,0.9442545771598816,ea0f106f9b8c76f563f2ae0e7c36007c6118b5dd48477995ffab737c599f3deb,1,0.9798243706888587
0.9993888826297823,0.9994623904651805,0.00026764607105448014,0.0005169630666212606,0.0,0.22518093883990103,0.9579318610717198,0.4267614483833313,0.9602393507957458,ea2084ea6a6f993aa4d82611b22b39866468456849c4e991bb411cf28d6cff41,1,0.9964040555862248
0.9986911080843474,0.994983495720213,0.003937213813435425,0.009631403373143277,0.0,0.01463228464126587,0.9999382208777562,0.9355363249778748,0.0,ea24e78d0c3eb1bf86260fa647b97308ba44a7ccd1759042e22da3bcd319ad9c,1,0.9932441622348545
0.9881258530993823,0.9847726334267574,0.006033207566257291,0.012045721671773677,0.0,0.10066925726098183,0.9941434167655859,0.5352163314819336,0.0,ea2d5e32eb8100144df6caf6c63324c348524d961cf73cc3c819c3879b8b32ec,1,0.9916957892960285
0.9971254086753836,0.9934610219324814,0.004807675995296785,0.01459669465472829,0.0,0.031400468200383946,0.9989328450118108,0.6158120036125183,0.0,ea3d4a1c30ea718ede7da1be1c01902b479ebf3e616b890f25362e2dab8a935b,1,0.9935870726256132
0.9978759000532916,0.9790188231626935,0.030701047107016353,0.09067079079147489,0.0,0.022514760494232178,0.999611993177533,0.809451162815094,0.0,ea3f48d5f9ddc7f7d0e54307cccef14209b75de1b71fbff9e123a8def9efcf3a,1,0.9874961913844783
0.9913895139824184,0.9931550923275209,0.0035590914801067043,0.005624278182603935,0.0,0.04268610477372146,0.9985113035905838,0.7338592410087585,0.0,ea77db15ece215c4a9a04532653f75c222ab18d01436e91c84512dfb73152bfa,1,0.9929346718211873
0.9917008606135346,0.9868756861366187,0.008038796997934637,0.021971682667015546,0.0,0.14452773332595825,0.9889416904384265,0.6615654826164246,0.9884182214736938,ea9fbe317929e08834c0ad1fe14cca11b9aed85c3c73b22f7ca253c2dd31313b,1,0.9951017118188364
0.995334028742225,0.9905743317160295,0.005545528841775639,0.013843070701290027,0.0,0.06863437592981328,0.9970987157915061,0.6557654738426208,0.0,eaba997ffaaa786c046aad5ab151d8e2690227c8044266607031e00e19765532,1,0.9928065156643887
0.999950880482064,0.9999486789345065,2.746267180678936e-05,4.6369109793931816e-05,0.0,0.09541208297014236,0.9944376380044047,0.38321468234062195,0.9839821457862854,eabda5f4a5753abecef818d1482464f3d1d53b0d9781af05c3633f8e74d97970,1,0.9970900156811585
0.9970213427481535,0.9961984129804516,0.0009650035906160058,0.0023185222778715486,0.0,0.011430084705352783,0.9999994118295051,0.9565308094024658,0.0,eadabc9948931c14b70a23c000a7d61f8143785b14c9aa14475fc7b1e3c542b9,1,0.9935594779321215
0.9878329390722251,0.8883530040984756,0.16320225048685155,0.47205781104644606,0.0,0.008752156964210845,0.9997837098863633,0.49325162172317505,0.0,eaf9a64f9fb58d60c574472fb1fa83f74f68a0a78c887c81688866be83502f42,1,0.726360278471134
0.9883703872003126,0.9886685186360386,0.004298546155682976,0.007260968627815556,0.0,0.013776123523712158,0.9998925248992113,0.9335501194000244,0.0,eaff680311cf1e41ec21016b7a34c92fd9b25cbbfaa452760619380e0c69fd0d,1,0.9918323792453855
0.9631079077393063,0.8813720724919817,0.18958989375059584,0.5455982987400094,0.14285714285714285,0.01326608657836914,0.9992892589519217,0.5943357348442078,0.9921871423721313,eb1cc6b74cf581ce617befd4f29f9a93053b3a968b269236bdbf1b3b69d52bdf,0,0.0071464559118501365
0.9903765372479202,0.9872847974547064,0.008304262203027135,0.02307824936803289,0.0,0.9012524485587792,0.0842794064315671,0.44618573784828186,0.0,eb30ac1761afbd370ae01c9be599cf8fc56ac9777310e4f0d6eb7506879d1c66,1,0.9087606968452588
0.9912162679561933,0.9889613861838481,0.003044594926925064,0.008804280756987819,0.0,0.1407661437948199,0.9872601972285681,0.5406781435012817,0.0,eb33f359bc108081ed6f434b7b0b3d1c6957ad0e5fed5d1aefb94d9c2a8f1d61,1,0.9924923105035122
0.9949708555431644,0.9928948286036353,0.0035368364214306202,0.008123165148108659,0.0,0.08426205068821645,0.9954216775178323,0.34749191999435425,0.0,eb400771d45cfcd01124ca56372829c2ff194b3360293932cba8c38065159f4b,1,0.9938166036106612
0.9915213335992192,0.9849305052681391,0.008950145556285701,0.023172312738135803,0.0,0.006736397743225098,0.9999976425102748,0.9857973456382751,0.0,eb54eb528898d4b4c138bfa9c717d64a99f3681d0bf042015fabbacb782c8d75,1,0.9909371815480306
0.9898249688145053,0.9900390230780568,0.0026775732227226515,0.0042078268936551755,0.0,0.33312857151031494,0.8947354685892306,0.7290382385253906,0.9619050621986389,eb569460f424ad518dc5af675d326986e84a61aed3a9b6fa721d86ba97bbe5ea,1,0.993634043799026
0.997625689318842,0.9930648421703631,0.004688008055466537,0.012569078687828306,0.0,0.02014261484146118,0.9998540815507424,0.9740962386131287,0.0,eb76261839bce07cddccd0f7caf90fc5e1a4e3fe48f1998da1ae5ded7e43154d,1,0.9928082999541549
0.9963615363278178,0.9915729130139541,0.004565876361374602,0.012260684648160658,0.0,0.0040978193283081055,0.9996980529170744,0.9184233546257019,0.0,eb7680cbb0aee0b7c398e63b45d3e214bcc145170e455191dffab430bc29a96e,1,0.9928118468524569
0.9946023681208002,0.9916621108982373,0.0028467255251702047,0.007154330376250599,0.0,0.07229302078355752,0.9968276122197332,0.5177379250526428,0.0,eb7746afb9148b2be4d9cae584b42aa13634ad98ac7421ba4b1539ccf082e938,1,0.9934836897219129
0.9996229314943409,0.9997340841413322,0.00010282357557373622,0.0002994795641412993,0.0,0.07696108520030938,0.995900088181377,0.3996993899345398,0.9942399263381958,eb7a6a458e96ef60928da0e3c600cd09a5f3e332a2a48f6fdf15c2154f76aec6,1,0.9971156936467198
0.9979585192486775,0.995800503408174,0.0026624289280893776,0.0073964852515362445,0.0,0.010467529296875,0.9999997801561472,0.9768228530883789,0.0,eb9a612add7195a3730dbaa65cbbecd57ddf891b37a04304516a4ce418a2d190,1,0.993358228192323
0.9978049248716228,0.9965817238748435,0.0019563798182806098,0.00477279965638433,0.0,0.005967319011688232,0.9999933494384966,0.9664396047592163,0.0,eba69dfd8d08b9ee3c2b814ae055ef75ff8e1dd911dd430a00a9a2b9a74f8b96,1,0.9935268472709562
0.9887358660847927,0.9834309094885806,0.008351045559628399,0.020867316342519704,0.0,0.10022038221359253,0.9937911661138981,0.8488273620605469,0.9750024080276489,ebb4f717bd43e7d23e7ac3d9c0ee2c26b3b061ed629a2870e29c11fd9e9ced98,1,0.9945144526707985
0.9772029980833468,0.9723029832287565,0.01657400235059073,0.03296221522542997,0.0,0.2784725368140393,0.9470281226374865,0.35199716687202454,0.0,ebc4fc254b579c21fd2ed15c21e4d70703f74c0190a98d6a63c0a47417aa95a9,1,0.9846244604689111
0.9811927340842853,0.9321716466656395,0.367762714604446,0.8498769426858938,0.2857142857142857,0.031406624400637906,0.9987854087457962,0.2181130051612854,0.0,ebc921f517b3104b471f09826938ae75389ab7eeee05cffb1ef95b3fe9633be2,0,1.0950573202669495e-06
0.9932610146752702,0.9892126757564774,0.006435639445337576,0.018453315035025675,0.0,0.11654865741729736,0.9901219573934144,0.9393572807312012,0.9875766634941101,ebd0b2ae3e7d2e635d7310898089f3b2cd90cead3a1b5d1bb83cbabac867cb21,1,0.9951016763948429
0.9973821985558688,0.9952527658529574,0.0033343969205081995,0.0086906487222842,0.0,0.05580794811248779,0.9972294559762689,0.9735045433044434,0.0,ebd668ad2cdf79d77098b17985df3d900947d817258e4e36b2955aa7f5e38af0,1,0.9929459254530442
0.9999833114801973,0.9999736992580316,2.0893687269637337e-05,5.791564056799386e-05,0.0,0.0080296928063035,0.9998936681509194,0.36951306462287903,0.9944592118263245,ebdfa9d4cf02b2b2c388de6bac8ec8c4b30f256cbd53e76fd0c797f76f4f7f3f,1,0.9973191495217678
0.9951373508662272,0.9926832344105436,0.0031527540970984528,0.009362242143247435,0.0,0.026263296604156494,0.9994165990185977,0.6359792351722717,0.9709015488624573,ebe7904e18591c5d0832fa4fc230f9dc1d7c299da29a60e34a8baac947675722,1,0.9963456052789766
0.9982367899941069,0.9968097707675506,0.0013291932269254194,0.003230852425478603,0.0,0.0050476789474487305,0.9999980188070638,0.9010040163993835,0.0,ebfdb4a16906f665a35a351758243dff5b657ddeba3ac19b95ee14a4a68af69a,1,0.9937870680186052
0.9978985123593153,0.9960062961987198,0.0025744548049015685,0.006709257426004573,0.0,0.9190022785291525,0.030596518502325008,0.6616427302360535,0.9185147881507874,ec0111612c776b6c31752638b462d2b14bb4f35679ed0b36c30ce33352125b5e,1,0.9485384760187462
0.9982804336326666,0.9982439030987244,0.0009042994819057134,0.001825444257915878,0.0,0.05100326895899343,0.9971960264590928,0.4984203577041626,0.9969289898872375,ec29fc429af63c28f3b97276962f13aaff3cc99f38c1770b53285af57b41ea49,1,0.9969402735459728
0.9960122496087884,0.9914909142982049,0.0056595854035394015,0.01566863374158256,0.0,0.06248897314071655,0.9965079695233772,0.7624986171722412,0.0,ec2b8cb723f46ba7bdd15118209803e2f2601c360bf015d3976b6823381dc991,1,0.9927040998014995
0.9999959681722109,0.9999963939266251,1.75666981190001e-06,3.43336625441267e-06,0.0,0.21714381873607635,0.9527477832373081,0.4516834020614624,0.9806691408157349,ec3272d44defe8bbef6732852546d581bebc3b640c18ddcd689d4b7af4d91b00,1,0.996457673567081
0.9880295446438909,0.9607552900156149,0.05843546450967171,0.1702005829395673,0.0,0.08970344066619873,0.9940975877133451,0.5601050853729248,0.9515528678894043,ec3ca01ae023cefa2042f5894caec6c18105a6ced2ea77fd53b18691d97d3fc8,1,0.984574865210647
0.9998029270057153,0.9986359913588085,0.0023659603597449945,0.006927752745131938,0.0,0.017530610776106067,0.999582209775734,0.44765982031822205,0.9976894855499268,ec4e049028760b019417529686764eb3fa033e84d8eeccf61931d092877e32a1,1,0.9970661742142723
0.9948777028375795,0.9915386965468694,0.004583802654856493,0.01275055700443754,0.0,0.17783077061150512,0.9782753579346748,0.5249755382537842,0.0,ec5364c2c3e02fcd161cbbbc8d437d7a7b4af7730fcb90ab2deb494a4f115da3,1,0.9925027912524593
0.9928832812488138,0.9892929884779293,0.004875253635116967,0.011838709960767205,0.0,0.046696509054646285,0.9979466128158289,0.36952754855155945,0.0,ec7159621a7b173d206b88c2964f83e727d9bdf681db15f534b966aa61ab73cc,1,0.993397593931672
0.9913957723511722,0.9766133917081953,0.025876908083894107,0.07647455314588925,0.0,0.017827749252319336,0.9998742988264067,0.7958366870880127,0.0,ec7a20aac4ea344f152e42e0ef3ab3d77369c419dba9bccd457d93b6447a45f8,1,0.9874633457840492
0.9999183541170468,0.9999322714944094,2.2640713102372172e-05,4.5663966030770304e-05,0.0,0.0032419592607741913,0.9999794037559917,0.33973243832588196,0.9973951578140259,eca337311daa9e2122a9e4ebffea01f2071817cbf4d9dcd057523de5303c7d86,1,0.9973566465179123
0.9929064060145986,0.9682449333009855,0.32071840445144706,0.932096101205764,0.14285714285714285,0.10064870119094849,0.992206214763122,0.9272889494895935,0.0,ecb7774ff499d10646a6a0c4d4e30e3e281ee1ffadadbd099316d8af55de1754,0,0.0014961398489531312
0.9921798866217981,0.9903201567835975,0.0025630921626405463,0.006718985189322568,0.0,0.27343374490737915,0.9525225904229058,0.6420977711677551,0.9754912257194519,ecee709689d0d5b6d35948ceb242b2900f1b9b0a891bcc898a41ba4cf4dec541,1,0.9949803807900498
0.9949610010412157,0.9930354758666964,0.003202569439334113,0.009170812534673112,0.0,0.03306305408477783,0.9991692788822543,0.6073284149169922,0.9847034215927124,ecf98c1616fd53ad6b532f02c2b7868aac83a5e942b7522aa185a7aa7b9cf90e,1,0.9963967143210679
0.9935892162801429,0.9937904836567661,0.0008348763434390169,0.0013516013976162533,0.0,0.03452342748641968,0.998897910951852,0.8023121356964111,0.9561343193054199,ecfc8b0c80e6c14fd7114b663aaedbae0245c3ef3067f58415e2ae6c0c4dfbb2,1,0.9962109199215254
0.9959176316739504,0.9949414649402731,0.002101565003160123,0.005662891372106182,0.0,0.008562266826629639,0.9999909480586807,0.9758409857749939,0.0,ecfd7a7518c5914a35b3dffcfe6e421b37839949b8814d0a7ce11dfa6d24c09e,1,0.9932284453196211
0.9963474543867054,0.9956482078515215,0.0015646284724489996,0.00450791244150317,0.0,0.010751664638519287,0.9999929341337893,0.6969894170761108,0.9993495345115662,ed02225e0b631752b4ed7c9c03266ccf74cf0f28e71ed6d8a15cd5e75f918fb0,1,0.9966370721563461
0.9856632566949184,0.9885028617218268,0.001648333692666213,0.005517280183289517,0.0,0.25435709914990245,0.9517926021202009,0.6715445518493652,0.0,ed538bab0eb3331b0e0adb3bb9a28bb357b9b5dc337ce471d1bac594f41b12eb,1,0.9905494932892489
0.9718285491718202,0.9829803235526586,0.009745459286453689,0.021748649694456307,0.0,0.010329354623536346,0.9997380815034271,0.23225156962871552,0.0,ed5724ab05097460e5d425cdbc0f4db7cd03a955ba175dece230bf99fc0eda00,1,0.991144097236004
0.9887621498848476,0.919566181128818,0.09106779910680694,0.2637160588499887,0.0,0.024677157402038574,0.9996940260213937,0.9475870132446289,0.0,ed5f2b823fc030a8e37e47f94963940e66a717042387fdf9e1b441b30ecef36d,1,0.9199871812780337
0.8985560501261972,0.9666404904134771,0.03040785375719991,0.09587263087633169,0.0,0.36210381984710693,0.8479516303544713,0.5366798043251038,0.0,ed6913c8313de86d07a5f1df4db9d9929c8177fc16f9335ff42295acf5806831,1,0.9439558657398464
0.999985486570041,0.9999877600753165,5.89725648469534e-06,1.2479673650923117e-05,0.0,0.961649477481842,0.015084938420118654,0.5432513952255249,0.9741429090499878,ed90a3d9ad3b6d3e846c9589bbb29baf385706b7631b743eaa60605d61cf470b,1,0.9543803088302603
0.9962606537034997,0.9951234080317006,0.0011080547156352152,0.0029561057667316848,0.0,0.0032462952652355945,0.9999671787341946,0.615557849407196,0.0,ed980ab36f71f810ac38c2b023d7ba9b8b615d6e367b1085465d152f1ac90bad,1,0.9941654180518186
0.9901975385909625,0.9796185146640518,0.010120120773198913,0.02572615295072904,0.0,0.026919435663275336,0.9991002068358167,0.5397593379020691,0.0,edb978d61341822318fbed486d87d0e4d17fac730554cff6a31603131e42ee71,1,0.9912447425797767
0.9859099497721663,0.976429702202997,0.006869919265670742,0.022388347881177717,0.0,0.0968332290649414,0.9923263912743671,0.7066765427589417,0.9590489268302917,edcc1c6c2d78a3289b6380f296f07fa7e7637ab45a3613037262f162c6d8b16b,1,0.9942867665494056
0.9944350618339545,0.992721212913344,0.002044993562220245,0.005508780110739742,0.0,0.08244317770004272,0.9946291877480289,0.818067193031311,0.9630454778671265,edcc1f643d631940666ad773b931206d271f2e13e51077130f66d2ec36b79688,1,0.9959463617140124
0.9998695980669535,0.9998762055311629,6.912335260936305e-05,0.0001362896585781243,0.0,0.9253893494606018,0.036761604275278914,0.4475168287754059,0.9518331289291382,edd612690fc532d448f0ccd0cd6e98200e37c50521084fd46d671bf2f5c85654,1,0.9580644409726825
0.9546568963285743,0.964539968324503,0.012314858425578603,0.03706476488861303,0.0,0.03556337093323236,0.9986646152330328,0.37252819538116455,0.0,eddb78897ad4d13d02766021a6df018922a86ae96e3f966efd2271ca6072b07d,1,0.9855731078662551
0.9864525647614341,0.980473311020688,0.006075447962817723,0.017915972051138818,0.0,0.037076473236083984,0.9987994036270251,0.6469287872314453,0.964461088180542,ee35c20c6353e7e87f7881a857a418b2d796392708189a054cf7edc7af8a01cc,1,0.9950493341416983
0.9615525497045565,0.9650410818285398,0.01168523204609529,0.0204656540205636,0.0,0.8789023589042877,0.1218269493839594,0.36392292380332947,0.0,ee5030369cfeaa01f0154829e6271f0db1ac55e9f47f9c272176c13e8fb87b6b,1,0.8558710441925756
0.996412198142877,0.9951771983553533,0.0011864255415666687,0.003185031772038882,0.0,0.061395883560180664,0.9965040167061828,0.7285757064819336,0.9829903244972229,ee6d0f350450572e55ff2161792fda32b750096fe1a90d5accaa650cb1370bbf,1,0.9964240254415291
0.9891152445568248,0.9884804992309943,0.00491360424613262,0.012280472948312863,0.0,0.12805619827925505,0.9895993038337808,0.45504167675971985,0.0,ee871292423c64cf6eff89df9a6001318e5374f33030ee76dd79eb2846698533,1,0.9923511585982686
0.9931263620559987,0.993375039802391,0.0011168409735344371,0.002506716416816543,0.0,0.18557116389272332,0.9759222545807328,0.654106616973877,0.0,eea91e7676463798f92d4ec20951df96a734676747904d1f99868f4114dabdea,1,0.9925821531972306
0.7893959076914332,0.9326649564547479,0.06288250307547716,0.18810854039581715,0.0,0.1529560685157776,0.9957631047637939,0.5120353698730469,0.0,eec1f9c9a81a5f4c9e5a522c235c5df6f3dce829b5b770f71142201dc7f570c6,1,0.782094662859278
0.9742277872370586,0.9795516765377048,0.007765542253880567,0.016679233195681334,0.0,0.3913504179885127,0.865248042778545,0.29464706778526306,0.0,eed1fa90625b780ec64f3bb291dba6513135fba8d435b10453738f3ad7d7eb6e,1,0.9846035931581375
0.9969831449248621,0.996963319461315,0.0005668231005751805,0.0010304506910963074,0.0,0.039771080017089844,0.9986929357071616,0.7274938821792603,0.9588164687156677,eeee5bd7044f785093fdeff72c5ea6de405f4e8cd210a531fd6903fac95f1952,1,0.9965762478110748
0.9995783918119038,0.9992836227418708,0.0009552127916827327,0.002598265337658605,0.0,0.509429335594142,0.7014314819034762,0.4880715608596802,0.9598836302757263,eef25bc792e7125c23c317551b09e0946b14468e77b78eb6e5204a0baf10b701,1,0.9921234821574924
0.9918327072548239,0.9880155282856923,0.005763163595012672,0.01409858002989306,0.0,0.32566124200820923,0.8923863787695884,0.7462067008018494,0.9902870059013367,eef59bff418347fa64fe8f79b57ffce7af4f94529f10d6c322b94d1cd10af4ef,1,0.9933315673673311
0.9900680418482215,0.986569599918549,0.003483536908006715,0.00801334902665718,0.0,0.0403631329536438,0.9985341966563864,0.6442670226097107,0.9652940034866333,eef9c82bbaa756bfb3bba998f081363d462998c74f31d47adf0524b5b0e6998f,1,0.9957360645783471
0.992969578359037,0.9810143222082025,0.014111019839730232,0.04224621243469727,0.0,0.007407886350043004,0.999859375356667,0.5509467124938965,0.0,ef28bf6684291a864824d63df7044f6441723679962df8d6f856e63f91364039,1,0.9912308579508122
0.9986699727537685,0.9980465627018734,0.0013997574653542043,0.003407796762337841,0.0,0.7080298662091917,0.33889876991978957,0.5437535643577576,0.9749905467033386,ef2e5e40eec65b2b991d2ae61d81a4fdca6d0144c3c9b0d9ade488aeeede6ffc,1,0.9793959219128882
0.9936673615781504,0.9532590616253519,0.05357085496663346,0.14822188335600864,0.0,0.0063234874883212645,0.9997905818524966,0.5700223445892334,0.0,ef3dd02b142c4e1d5cc2c9985ad4e042cec8f9fb50513fb45192d1174ccfbb46,1,0.9755068939525773
0.9890923031511137,0.9875050896423678,0.0024806629948416303,0.004919818748399529,0.0,0.02238750457763672,0.999701468912904,0.6675907373428345,0.9848620891571045,ef88b109fea6a5b86dc2d61b2074df84e33502e5cf201bcc9cab0391c0225785,1,0.9958924768195653
0.9681623710634875,0.9732581393014721,0.012809722272344086,0.01919462497846576,0.0,0.04022956209325912,0.9985014793234017,0.29735878109931946,0.0,ef8d4fa58b1dbcaa194c5e15790664b540ebf52eef24c786a4bb847adf2384ea,1,0.9882934538617807
0.9999786957212708,0.9999858823489577,5.471180038926063e-06,1.3695599214330609e-05,0.0,0.010621529072523115,0.9997554767753916,0.3774990439414978,0.9954994916915894,ef956366ae9f122be10c7ce3024f51a1b00fa0567fc66c944e89b98a125ca1a7,1,0.9973089808180721
0.9999967281498179,0.9999973856211827,1.3138489442151556e-06,2.9601137262141764e-06,0.0,0.020088842138648033,0.9991680466143659,0.4522204101085663,0.9978192448616028,ef9fad9c345019e2fb7a2ee1ee9e6badb9a3edece086dd5368e4c1f0b817e87b,1,0.9972230355644593
0.9936891363716175,0.9906858004917118,0.004512017215491713,0.013178127497562642,0.0,0.01216733455657959,0.9999852545916358,0.6430677771568298,0.9688076376914978,efa68498f3c95de2c53deb074138ec7f63ef844650b47549d49a6c4ce3de1da5,1,0.9961373002992543
0.9998265463953143,0.9998123866411125,0.00014578618983031384,0.0003632640015566723,0.0,0.04116073623299519,0.9982235565438481,0.37538936734199524,0.9906275868415833,efec09a3717dc405a21fec40e7df9de8250590f44f9d87502537fc6e0e5d0176,1,0.9972213048148378
0.931947796650492,0.8599070027829671,0.2793941197824265,0.7297811392294283,0.14285714285714285,0.6166409821164507,0.6121066412617421,0.261399507522583,0.0,effb9c90418b6e1957ec9d61b417c60b0b57954003dfe1880daac9a4f2ee409c,0,0.00013464138732867387
0.9933627072741235,0.9860710135951197,0.005251634485937784,0.01543672523300155,0.0,0.19314308464526617,0.9712332699971676,0.5856904983520508,0.0,efff39fefe4bbaefef8877f6748f08cdfccad817b6aabaa53fc7eff6d0a06b9e,1,0.9913760098436127
0.994295668551008,0.9937490746870015,0.0012120516203862693,0.00239395184845192,0.0,0.016816673799934675,0.9994664890227696,0.6382683515548706,0.0,f02701960f5097cef52e25bbf51d71f219a4dfc5f90e8e50d47299dbc725e569,1,0.9938198090636903
0.9939954971411339,0.9946108891564244,0.0012817792956484999,0.0024218578602053192,0.0,0.017191244286758976,0.9995025098130069,0.620399534702301,0.0,f02ef239275e36d46e7ad35f7f335b5ec87c1ee9a94b5ce4fbc8a63ace6aea4f,1,0.993897365867914
0.997253522657,0.9964850603305614,0.001150615364190823,0.003093235623745059,0.0,0.0053113229310497445,0.9999130383126952,0.4025954604148865,0.9964225888252258,f045a7fae6db0af536445f4688e95d29e06478e75cf7fdb946c7b831cdfddb7c,1,0.9970417907105519
0.9932643502923134,0.9881182496719544,0.0072769863345927555,0.016287153125385645,0.0,0.0262453556060791,0.9995457225694756,0.9631694555282593,0.0,f052737f8fe2b2c19554a5aa4c5bf89268a250e0413bb1b9e39ee587f25ddd24,1,0.9915875952594011
0.9999664933470448,0.999964584714431,2.8212311313426013e-05,6.773690937288021e-05,0.0,0.4073130786418915,0.7975553975797554,0.3805718719959259,0.938997209072113,f052dc2f1ab7d1811543854fa9a0bdbe3c313d1c5f9a727ded1cfec9b06cc940,1,0.9943425625422052
0.9931007093832646,0.9928380070694144,0.0015365556884110738,0.0023881542736593096,0.0,0.008829464204367608,0.9997978384141983,0.4292668402194977,0.0,f06ae2847498f0328b6d118f215b26fa84679af98f753b3fe786682ee57c3d62,1,0.9941031683908574
0.9977276430421453,0.996587590881982,0.0011603371466270905,0.002936482965485099,0.0,0.009280145168304443,0.9999936312930962,0.790755569934845,0.0,f089394a3f978a39a7479b19d14275e230c024b510c12be1c0bb2467cbfff4da,1,0.9939731229831691
0.9999895459588573,0.9999930580640541,2.7197618334503726e-06,7.686483564735533e-06,0.0,0.018760267645120617,0.9992661127969258,0.33931076526641846,0.9941969513893127,f0aa50bb65c035f5728aea7d748342fd80bdd24aa9ddc1433b9218b65fe9fac2,1,0.9973251701685308
0.9999948772073507,0.9999756763985753,4.8423048091030324e-05,0.00013744957147902514,0.0,0.6063476204872131,0.6202088478178404,0.5607759952545166,0.9766685962677002,f0bb6f0f9ed4f8036fd8426c4e2b8b0ba4fdbc83e99921592e71c2db33ee33ef,1,0.9901036681371331
0.9965078300403387,0.992231463671704,0.007476621575788762,0.021820710746469407,0.0,0.020400643348693848,0.99985142959939,0.9241340756416321,0.0,f0def44f8065ff32d5b1ecfa84a7741bd6b76f68d02057d49151627ac46005df,1,0.9924505036149277
0.9981711569128218,0.9962398284337123,0.002432064348574522,0.005324708538105072,0.0,0.00473785400390625,0.9999964161038783,0.9651496410369873,0.0,f0dfafec110518ad946f49edf98ecefd30b541a743ce6bd2f975af10d4e4e821,1,0.9934652362658808
0.9945544695165334,0.9959272574970564,0.0009748304686834811,0.003228202842143122,0.0,0.13755973056737147,0.9897194302605814,0.4962526857852936,0.996870219707489,f0e496f41b3c4ea284f3e842e5dd2e8e6aa510b4df172288de5e18fb1b57088e,1,0.9964912647764621
0.9993350306936536,0.9991800387042632,0.00018068002538490716,0.0003984758821894565,0.0,0.010387661866841083,0.9998640759875494,0.3436807096004486,0.9918137788772583,f0fae5e8c36bd03cc39a7665def7ffe28aede4f319ccffce1c002e6047efaef1,1,0.9972823751469218
0.9937911545479102,0.9963519891799514,0.0033165323742498,0.005818331993813421,0.0,0.1047115771561523,0.9953344514456852,0.47646281123161316,0.9969202280044556,f0fb0c98a1d5ef3b53cb1cdd527f2662e59ca633e17ddeb9bfff33987c6542cc,1,0.9964588610856204
0.9927786931750374,0.9892018828088921,0.004020810503636115,0.009870507369515336,0.0,0.06221330165863037,0.996403133254698,0.6536310911178589,0.9645950198173523,f105fa6097e649c69ea464d4e9ace6166becf466c64c91f08085f964f4c3f5c9,1,0.9958539228348068
0.996723213894874,0.9929376299479014,0.003935907758670519,0.012696833282715425,0.0,0.018547892570495605,0.9998553772397507,0.9269751906394958,0.0,f1120b65a4e6bad5db25c231f6a09e9c247d93c7821c9b491d79313d3eeff819,1,0.9929834699300435
0.9816643341904137,0.9856788875713597,0.0052209262298816336,0.011384744884565695,0.0,0.01732816557193928,0.9994367883928411,0.5121347904205322,0.0,f11a0da53316363a75e0f5bf9837aab0608f8f9c9230e8dc918f2460df0c7f46,1,0.9920481074802434
0.9862097214328098,0.8584124727469352,0.30530611981071665,0.8299913665205101,0.2857142857142857,0.14789044857025146,0.9856648819642215,0.9708503484725952,0.0,f11d0ead87bb0b71609faa3cd70600532a48689187f443080a8df24dc6fc73c8,0,1.254479593973793e-06
0.7578106648675436,0.7784164302658247,0.28796481814637936,0.5877688090509292,0.2857142857142857,0.8799810092896223,0.22841316966357475,0.219593808054924,0.0,f13772923185afe2bfcb65dcbeee13e68fd309cc5099c3b1818f064125b93791,0,6.851515873185747e-09
0.9556733265415673,0.9513177863608878,0.032238264693172536,0.07641656469840918,0.0,0.4126322269439697,0.7528474610516147,0.5099994540214539,0.9592868089675903,f15cbd8755fe51bea28bef5ba3482d8858db0678f4e41e56bb4b6efe6451f680,1,0.9679392457341655
0.9965422920125384,0.9895820980748108,0.00864111232942457,0.024495960639253855,0.0,0.024419009685516357,0.9996275320350237,0.9678847789764404,0.0,f17dee2162eb9ee294a068d071069701bcf8f0c5350a18a0af21c319ff5222cc,1,0.9918809648566271
0.9635553139046928,0.8607532115772749,0.1887579457171684,0.5773780511312677,0.14285714285714285,0.28926982615831776,0.9416628128226988,0.4093966484069824,0.0,f1aa4fb9bde670fa8fbb8f8a1f256ff2387e50c12f6f714717be491a581f3149,0,0.0026309299576694925
0.9946814075563407,0.994826589090617,0.001405640366690556,0.002481092381445893,0.0,0.08262324333190918,0.9943912178594241,0.6873956918716431,0.9891454577445984,f1bb0bbca6977f79b1268a40244a4370a816ae1081bfb25e44278b4ce8c5e965,1,0.9963206584235119
0.9953462339715585,0.9938505610813996,0.001404012003832043,0.004644312332481594,0.0,0.009007934480755722,0.9997948481785027,0.5850788354873657,0.0,f1bc4db2bbbbdda0149faeaf6c4ea32d7eef4ae23952ec5b6a15e4438152af95,1,0.9940362117422602
0.9943656277364218,0.9897132365598876,0.003625109492386294,0.010388097213161918,0.0,0.03159445524215698,0.9991297097760619,0.9734358787536621,0.0,f1c2f81fd2a691c645c447b109b435da59cd41eb03975a9eb844bfdf4cdcda3c,1,0.9923432725658027
0.99426646385275,0.9909724437454145,0.004069307376548288,0.011682463815590991,0.0,0.13826075196265245,0.987596260768948,0.6145665049552917,0.0,f1c7bc3ab92b3e081e143a069849a40d5e773870ca8c6bd9330695398ea35707,1,0.9925978274566203
0.9998593474333822,0.9997543643969532,0.00029310572264335276,0.0007962723104052724,0.0,0.01490273047238444,0.999718638291243,0.39999839663505554,0.9966225624084473,f1d7c17f873f75637e45dadb0e344c938fe61f9b026e06aa367f5c1ca5f1367f,1,0.9972572316127433
0.988678496172444,0.984608567836533,0.005273165087061942,0.012918677195868268,0.0,0.029418322131782526,0.9988782355641757,0.536835253238678,0.0,f1df5fdef7ed4dd3c2cbab644beeed4b6f673588c2329d01bc5974979e1fe28c,1,0.9923314009284386
0.9294399377083902,0.831095593304379,0.2472873217577882,0.606336688426299,0.2857142857142857,0.2952879822846626,0.9278281755747615,0.4305780529975891,0.0,f1f1a84444c06f41821b7b602525c2eb4c2d3750a14d4980917f021ee861cb3c,0,1.1711034285787306e-06
0.9955118045733193,0.9952120917549466,0.0008735433483357713,0.0016447182019571072,0.0,0.040340304374694824,0.9983851579073283,0.665571928024292,0.9694197773933411,f1f561edcbb99aeb85f5750c6d871aad3a90677ea56f6d0c583eab7e8cfe2025,1,0.9965217012088291
0.9992841476799088,0.9995924833843519,0.0003219434429425971,0.0006329766091024353,0.0,0.03750513121428226,0.9987826651381919,0.411838561296463,0.9984809160232544,f21137d466fdd677eb88cf888987393099eddfef7437dad7376b6e801c9b2f64,1,0.997177541634057
0.9943211158733315,0.9925064632780248,0.0016404462298633593,0.004391065022637086,0.0,0.0814390778541565,0.9947784092502929,0.7646512985229492,0.9895411729812622,f23c0c989ef7c6a75ac3531848280355c0b8d67c2a9d7e15a0b9f99a7f6d46d3,1,0.9960968193896
0.9998465542046201,0.9998278462138673,4.901332907004144e-05,0.00011113090016048988,0.0,0.004210264861124217,0.9999369572249657,0.4948866069316864,0.9984816312789917,f23c55fc2b9a214f1b154e99b0ef6da6e721c4f3bc821ab24c0608fe9f29f2ed,1,0.9972052873855958
0.9881321584805588,0.9874575120830346,0.0016423710063206331,0.0035855131726427736,0.0,0.04934346675872803,0.9974001055978031,0.5415765047073364,0.973349928855896,f25fc7852d92f1da635f66d1be50b7f9bf6dea669de5d3757997ae3810eb3a8f,1,0.9959744581375808
0.9945294313578849,0.9234981538811101,0.3252673489973636,0.9483240678026464,0.14285714285714285,0.05950891971588135,0.9968732458296952,0.948158860206604,0.0,f2911accf41cc03f756c07d2d5262111c2727e9ef8dd1b10264fda0e7d6a2011,0,0.0008197466239268096
0.995691843050169,0.9909484650372998,0.004596013322160098,0.014643825682712719,0.0,0.20941412448883057,0.9750661603119717,0.9681762456893921,0.0,f2928ba95543c6cce7721a09d0752161734e93d1fe9f4ee545dd5a55235c097c,1,0.991069288591826
0.9993528714854889,0.999318976136947,0.0005267076843953618,0.0012635183389081697,0.0,0.05794209614392451,0.9968726007584067,0.4389145076274872,0.9938527941703796,f2af3938a975f36eea63b805737467ee876fc8a1de480e90b215c1b38a24d5ee,1,0.9970738740213994
0.9914864843775448,0.9923502963603607,0.0010723851932762669,0.0024880782032308257,0.0,0.00990527868270874,0.9999962309155688,0.9735801219940186,0.0,f2b7cff2b0ffe60a9f1592d3a5719f2d938e3c7cf7499c2f3709a4c03552ca28,1,0.9928244962396986
0.9967543783005158,0.9956506053001899,0.0011508513047100686,0.0024885228400880477,0.0,0.0139884352684021,0.9999888299038295,0.9733209013938904,0.0,f2fced6ce4b9b3938fa32c038cc38fbff62746df82bd20c988931b1cbd9100a6,1,0.9934234681504579
0.974180230976393,0.9374082955075167,0.053991863910292405,0.13870977625451095,0.0,0.4291430999647343,0.8539219438332961,0.4451819360256195,0.0,f33240f182d8cd1bd7c9792b48eb54f0d036b4fc21a2a95073ec15167f27bf91,1,0.9372629799677359
0.9899375560954747,0.9897425717977048,0.002064021387397643,0.004864547258520813,0.0,0.13795286417007446,0.9881478383202971,0.5844651460647583,0.9757518768310547,f3343839a175d11dd569a68c3462039868d5a64f6e292b04520807d973dcd211,1,0.9957539326746965
0.996947789386714,0.9950960294109673,0.0025179825682452956,0.005894847300003188,0.0,0.003223075763877822,0.9999808505508315,0.6404947638511658,0.0,f347ba693796d92fea03f6bb86d215d0bb8e4df87b241a883d75c25f09aa2629,1,0.9939964302199492
0.9997107354703909,0.999719775574224,9.53183665526034e-05,0.00012889135131061911,0.0,0.23247681558116787,0.9686304253972787,0.4427127540111542,0.9960312843322754,f34b61d223bf465e8010c90bd3c335449133b8509099d214100f17e870d89e1a,1,0.9965572376588919
0.9668064371150017,0.9630293992610144,0.021278813985507832,0.051153998303873925,0.0,0.07317774392822685,0.99627697834653,0.29221245646476746,0.0,f34e264b437692163715066217d2dd2e5d6e7dd0e07435cbbbf218cb01063fc4,1,0.98430699189678
0.9932161144140677,0.9826572732353779,0.02182924303117167,0.06346777963661762,0.0,0.026538621529572017,0.9991244604392385,0.6438651084899902,0.0,f3581f9a21f6ecd107a7b510cddadea06ffd14068fff9d2b88497511624079ea,1,0.9897683542983933
0.994539626800797,0.9945994520403086,0.0009200712289757667,0.0019176035409205205,0.0,0.03609877824783325,0.9988004773343081,0.6738530397415161,0.9728081226348877,f364d45e8fad844a67b8ad2cb83e29f1b24f8ba1818054a3c51dc05a49be48ec,1,0.9964705379243969
0.9972476923036477,0.9983351708004342,0.0008799624050996504,0.0021910697082864537,0.0,0.43441024422629076,0.8506495975434933,0.3734126091003418,0.9933897852897644,f368091a4983369b2df57d8f759176fb740c4859442434c9cf1e48b87c2a4b5d,1,0.9947295973589577
0.9364746296583847,0.9616322354634471,0.02245747856414613,0.06311495189246914,0.0,0.18928610457805917,0.9761683903980694,0.4654954671859741,0.9952502846717834,f374de918e443d8710663cc7a71ad6cb238cc5e26b67c3082e1a1dd3f66d5694,1,0.9857370312097233
0.9944697489772105,0.9938267349677854,0.0008302998575608357,0.0017467626783331802,0.0,0.02319157123565674,0.9997382340375996,0.6312558650970459,0.962898850440979,f3ffd75aea8fbb1b7c4828a0ba81e18dcb0f350240eebdb9384c045b194d53b1,1,0.996507597980799
0.9937408245676409,0.9914977290158838,0.0021927872086487596,0.005676695156124554,0.0,0.06714038550831623,0.997160116989913,0.5858272314071655,0.0,f4205f9ef289eba27b4aad705ec028788e243186efdaeb3d06548c4c8978cc54,1,0.9933697374077171
0.9816911200258178,0.9721067953416532,0.012507471580766009,0.03770912892381573,0.0,0.16013669967651367,0.9811209156116437,0.9574970006942749,0.0,f43866a09120aeac9a43714a6ce8e3cee20e57d7d8551ab5abae11883c36f773,1,0.9859449839976921
0.9893523575967991,0.9677201450500252,0.03540044447072716,0.08004795599687799,0.0,0.011047109630143659,0.9997478621294229,0.652863621711731,0.0,f44b5763db64bc1259483dfc666fd355d1a07cbe87293d770564686e0b3ff0f9,1,0.9832480087112827
0.9946838116567995,0.9938771475096931,0.0008367891588344002,0.002317809637267687,0.0,0.023021936416625977,0.9996652865077001,0.6018483638763428,0.983461856842041,f44d5c158864e37a8f4b1deaca0bfa69f67e2b65e19da85f16ce2104789e64f7,1,0.9965964571692774
0.9975285556351491,0.9964008017766333,0.0016306428285748893,0.004821938983422647,0.0,0.008577287197113037,0.9999901446620325,0.966183602809906,0.0,f450f53653bea7e879cb97e5b74537024fbcaff0b136ef2143854d23483692ac,1,0.9935336640927024
0.988308945376816,0.9692620702718759,0.02380631979954378,0.05645698177212477,0.0,0.0954747200012207,0.993344939149174,0.9196849465370178,0.0,f457a672532bf17815b02bf63c50570588b7d08f9aff42ea8dbf8ce992753b0a,1,0.9842953108365192
0.9943304001769824,0.9926686970375636,0.001968617127956192,0.004436500028979107,0.0,0.08567661046981812,0.9940066420309946,0.7636789679527283,0.9491976499557495,f4620437e49da90a843e0bb41c851220366baafa48f064ac53efe8a91640ad32,1,0.9959655893711781
0.9909092993936267,0.9793034373934003,0.019529369733164645,0.05817065112764072,0.0,0.003977315446016674,0.9999669426176558,0.6244034767150879,0.0,f466fc51876909cdcb96c4c2256af6aed14dde541cd92ce4358ce63f0ed39250,1,0.9897729599611406
0.9940659379445839,0.9515645965971188,0.09398197314145385,0.2723986290991024,0.0,0.02617567777633667,0.9994136939177656,0.7274801135063171,0.9557902812957764,f47ef7eb3b32bf990684de529eda7d1748c70e79746d458f3313f73af6836495,1,0.9704341884691542
0.9987016000303381,0.9988931406583357,0.0003727585664069598,0.000807445564660455,0.0,0.008296080864438816,0.9998693410357393,0.35006386041641235,0.983015775680542,f4b5616163bc055f197d710864d886e9fbbb1f98a18f69d855a591f1561c611a,1,0.9972299043181245
0.9951918264863028,0.9935715948320872,0.0024396604237558995,0.007358064018619377,0.0,0.01121314987406736,0.9997999148130438,0.7362521886825562,0.0,f4c79e8f8791e0fac08db4e090dd47f173498ae315db2c9f048e72195ee02fed,1,0.9935649838766895
0.9954852524410571,0.9942986501964104,0.002499737835821819,0.006770128840202894,0.0,0.09367763996124268,0.9933996802988887,0.6066110134124756,0.9660775065422058,f50cf2c66f1e4acf5df91864685de31dfe631889497d50191a44c450ff58860c,1,0.9962811995194678
0.9998752394845812,0.9999335159724898,3.934713624824228e-05,0.00011186482955755504,0.0,0.013927646912628804,0.9994674662738979,0.34636327624320984,0.9975103735923767,f51f7fa06e717296c88a877d7ddd8dfb59b7436d17aa6ea876157b1005e3ca34,1,0.9973271359659354
0.9973180864904372,0.9971340169625538,0.0006148798528862854,0.0014504337826386493,0.0,0.006164669990539551,0.9999899916148756,0.8224810361862183,0.0,f52f04d6b4ea7a22d1d33724af46cc7b2b92b8cac89d25349582a01eeb9e6ccb,1,0.9939959791015104
0.9989525525664947,0.9991355185999191,0.0004801485478024687,0.0009633605260013724,0.0,0.01158443093295361,0.9997993146879199,0.35424935817718506,0.997499406337738,f57a17518f709d0da42730132ee6dab368b1cac64bb60fabea66d07385009bab,1,0.9972520249282563
0.9954510568282343,0.9968648163882934,0.0018333878683554172,0.0041848287599913206,0.0,0.031027388203256123,0.9987716763398929,0.5349167585372925,0.9972823262214661,f57ca04c239e64a8ce43f4adadb3d2aa1d3d75ecfc4dc8e9494c1d77f4a7c699,1,0.996763484910666
0.9965978496215313,0.9952023522263912,0.0017939473433743053,0.0037255838131825536,0.0,0.037431418895721436,0.9988407150863534,0.7166531085968018,0.9544340968132019,f58717c1fe8c927b7dcb4003deb61a8c70b8e8ab3015ede731238a1ecdc20fa6,1,0.9964158273372045
0.9974909186376962,0.9966961907661499,0.0005142638121198763,0.0014667818448639292,0.0,0.007453620433807373,0.9999842058386705,0.9492735862731934,0.0,f59aff75e14f814930924b04b2b59bdc4c307765777263536879a4bffe68c4bf,1,0.9937149019000652
0.9959567078188271,0.9937847029069623,0.002420920680732339,0.006143263120438712,0.0,0.004277448633213922,0.9999643858175361,0.5138492584228516,0.0,f5a98143bedb8d354c06c5a35190ff99a5d9aaa653a13292adf21e8734bdb815,1,0.9941100876324749
0.9907623431397568,0.9900401345433603,0.007217802287340739,0.017634074867798777,0.0,0.33687567710876465,0.9236850218254913,0.7871930599212646,0.0,f5a9e1cdaa27966cff8cce74d2dde0a56586b6555f74192ab06c210f42c7b8dc,1,0.98857326175872
0.9999991289165482,0.9999991145640461,3.863311085262099e-07,6.335973511938487e-07,0.0,0.010345904156565666,0.9997959162292885,0.5058555006980896,0.9936062097549438,f5b552ff438bdcccc80956e1d1309a792fabb9522ca92f6cb71dc6a95e9e0b73,1,0.9971870905781621
0.999964629621963,0.9999656416893208,9.535534164475494e-06,1.635336770751186e-05,0.0,0.040912289172410875,0.9981866706057149,0.4575049579143524,0.9946072101593018,f5e2f1c1c2e4e71e3217278d5a91bfbf2246c8aab9d0f8a0f7962571020fdffc,1,0.9971651426065433
0.9866958367885869,0.9786275399876139,0.01161903134787395,0.022551347396359563,0.0,0.09263453538609634,0.9952682223006089,0.6019357442855835,0.0,f5e50bbbe84a21e4b12ae1b5c8e53630ee1d2ff81eaecd3aba5660746ab82552,1,0.9897276923277782
0.9968262748663166,0.9897175433350525,0.009340135316969297,0.024493757461190646,0.0,0.021342575550079346,0.9996646674463786,0.9722106456756592,0.0,f5e5c1621efecb9e1789e006eea45c7ba8a5c6c9453dc25bef7639c76467c75b,1,0.9917906809843617
0.9910510960980171,0.928470405894571,0.0930092105403876,0.2779172933564884,0.0,0.5022772550582513,0.7683311151102088,0.3106743395328522,0.0,f5eb698ec3d1af069c1a223bd49ce0f6f7e31884f32eaf36d995ff70ae1833fb,1,0.8758470848148573
0.9933901294261231,0.991634608297371,0.00272968546633103,0.00591590962338414,0.0,0.007431016303494713,0.9998355993090134,0.6700503826141357,0.0,f5f5835ed29839a0152b6a7b09f5a088e70f3fa26a5817a1f5176f144b480619,1,0.9933930382479453
0.9714822202215732,0.9367117111519506,0.27984088052896056,0.8159843605866499,0.14285714285714285,0.02876371145248413,0.9968617207953689,0.5560328364372253,0.9696950912475586,f5fe21431dabd0fbf7e91a04f4620eb2b5a90b997ede7bfbd9e7c1c6d811e049,0,0.0034632523906871888
0.9936657032798374,0.9896644256302024,0.006736040461377706,0.01984534179008901,0.0,0.011101782321929932,0.9999974329607604,0.9816545248031616,0.0,f600e82c95e883c1c12b22db89681b11ecc010b9e471f1333dd892be6e801fdd,1,0.9919856382946786
0.9942579480386964,0.9957772729078982,0.001868422636399986,0.004081891181552555,0.0,0.006899476051330566,0.999975272926799,0.9834291934967041,0.0,f61d14559ea2e2388d92170f4dab61a25217c40fd7deb2ad1dd52d51fecbf03e,1,0.9931988459186746
0.991816935974373,0.9750372767520485,0.03001980325911446,0.08511962471368462,0.0,0.03282618522644043,0.9991578792201783,0.9110791087150574,0.0,f6451d883518bb2d09a79c2ca5668e2f190aa58ddece832c607d89b07a84d2e0,1,0.9855366932590323
0.9942255542906892,0.9935088588413812,0.0010623004890920015,0.0027666647279008805,0.0,0.020154297351837158,0.9997706461316371,0.5926408767700195,0.9840155839920044,f64a9944e1244db4043db3b1cb7b506310853c773ca0c0f3fda794f48f5c829f,1,0.996570261049101
0.9766164854922199,0.9475946108427448,0.04434177270919244,0.12821641457152697,0.0,0.030518147824295738,0.9987298297738638,0.2810420095920563,0.0,f64aa783dc5086831b5cbb0b969518e1cc4c7e9db5ca9cf247ecbe1b1ce8a5dc,1,0.9759212323952263
0.9551349345396686,0.9291028649260047,0.050955475793171036,0.13581123000551693,0.0,0.9123334805179271,0.08262001423064985,0.4507412314414978,0.0,f6692bd47198be78ce79ac398f837ca2f0949a4a07160cbf376fbba4a7654ff5,1,0.6124978007718875
0.9961013793377278,0.9932119084408276,0.005095935676928611,0.01509648215645474,0.0,0.03449371084543499,0.9987678778042828,0.45170265436172485,0.0,f68ac3651d8158a6359b858c7c0a8d114fa01493e9ae2cb90c8411a7254eb9a2,1,0.9938087425837853
0.9904397930018554,0.9777084339055288,0.012924256451410331,0.03729826230773947,0.0,0.045493900775909424,0.9980084932822681,0.9316570162773132,0.0,f6ab97e1f91ed8d40f792ddb7efa640d3969e924c7d6c9423b08c4c63ed20106,1,0.989203909622515
0.9947612871590975,0.9690965769909988,0.04851943383470536,0.14064392875430975,0.0,0.03523510694503784,0.9989392146366987,0.9599472880363464,0.0,f6b215742b6f74052ffdd2f4dd9a83424ee27aef0f11eb8b52de0238eb0b50eb,1,0.9790653809856192
0.9880143475914673,0.9273337973297556,0.2003189578057637,0.5763430262148914,0.14285714285714285,0.0318639874458313,0.9992895073195227,0.9765608906745911,0.0,f6b850a0789de8164b5692b41a1f24f02870beedfa3082eeb135ae1502a5c3a6,0,0.006606161620830165
0.9974586526458256,0.9972471132496102,0.000652592563160941,0.001296046599528311,0.0,0.006381869316101074,0.999998944054177,0.9669018983840942,0.0,f6c3d1f53ff31501647b337d6d6556db2b96cebcf0d3a83e1ab911185ec26dd7,1,0.9937019741505437
0.9661670289979684,0.9691973894011137,0.008580724860897934,0.01871691424689336,0.0,0.9280644040672066,0.06214366783369058,0.5818377733230591,0.0,f6c8d1157e47cd39af45be30070e3f887f865cc404c82909eb24c9991c339627,1,0.8465421473540993
0.9931620499335199,0.9819560215935483,0.014517978020582616,0.042661630337691867,0.0,0.010392397641979398,0.9997725623523608,0.484422892332077,0.0,f6ec64b37333736c8300026eee7cfcd2cc7031d59c82c5d3b4b69c127f2cf5a7,1,0.9914545609665764
0.9868298771373953,0.9855550115050872,0.005618358588540165,0.01041005310874521,0.0,0.20712924003601074,0.9722745391800527,0.764119565486908,0.9831474423408508,f6f59194e794999f193c5e6dca18d72e96b3c7f6499a607eda832f30fb467bbe,1,0.9943198549067456
0.9939379184386726,0.9916790694794889,0.0019927269187228363,0.006384104413247993,0.0,0.02705615758895874,0.9993819362054641,0.6184216737747192,0.9947145581245422,f70779e0f2a93e15b0b8e2e673644e4c553fb0506929d3b44801adb11614d74c,1,0.9964017960741033
0.9858110157373436,0.9816092122104406,0.00834865289663043,0.023959729752431214,0.0,0.032013893127441406,0.9989232662977977,0.6127093434333801,0.9778915643692017,f7418965010c1765dcdbdea20085fc3dc1f6a293f9a827b520725056e1f56fc5,1,0.9950112960528855
0.9945230576679066,0.9917431001978133,0.007221855981504676,0.020279727496841333,0.0,0.004564020777139631,0.9999226122685224,0.4714231789112091,0.0,f743fe24aeb65f9aac9cfbb8c09d6cc016573700675bdb120a6cee9ed655b764,1,0.9934540711115196
0.9900199575114307,0.9441977428407091,0.08815226746923999,0.25435550381789873,0.0,0.014026820659637451,0.99999371326194,0.9781912565231323,0.0,f77f0c603a1020cc88450087907a1e11e2a7ea0cd34073296ba6aa92e0e1e334,1,0.9435776109878032
0.9881963830611974,0.9876687856698003,0.002449715268770436,0.004405386920324883,0.0,0.03694850206375122,0.9986712997181745,0.5852603912353516,0.9718328714370728,f7822047fe761cd81b0a19127c18835f8c22d42c7bb421a400f60a5cd254bf80,1,0.9959000392387941
0.996541361233477,0.9947626011482521,0.0018048069575514363,0.005270728003468643,0.0,0.22846850752830405,0.9617272109564013,0.6434516310691833,0.0,f7934e64983830280d5f6731881e5d385edadd82c5443098ff6a8ad0aca83eca,1,0.9924618621560611
0.9964924308958198,0.9952417924333111,0.0012219098536546157,0.0029940089147605375,0.0,0.006976187229156494,0.9999978495957802,0.9635040163993835,0.0,f7b9077ff417c0a3c35447eefc348e6c8cd7cf8edd1f44bd856c2e7bd9abcafb,1,0.9934221114896593
0.9896180557285276,0.9503192222443808,0.06651718011027591,0.18796826992618287,0.0,0.3030903041326001,0.9251366006138918,0.4821624457836151,0.0,f7ba4af5c4e43c4eb0ec48aa2928c2078043efe49c91efe851997f7268e9e9e5,1,0.9552697774963126
0.9949345877679179,0.9937283457634589,0.001353291192633118,0.0029490314402360607,0.0,0.02437591552734375,0.9995778135851935,0.7912273406982422,0.9854332208633423,f7be166d1e3df62cefda4f0eba57535f9fa1ec781ce3b0fd3b565774e3699d5c,1,0.9963319995751048
0.9999437421476318,0.9999568122165371,3.7294314009701534e-05,7.130899400864395e-05,0.0,0.11365097761154168,0.982718583825256,0.49534669518470764,0.9893087148666382,f7cbac04eb1542fef0808d11de8a7bbbb27228a26f8ea157bea2c06c67aa8aa0,1,0.996868743466063
0.9974605833823053,0.9964443154296385,0.0017991426036215446,0.005083018746319112,0.0,0.0034437179565429688,0.9999928985968288,0.9448405504226685,0.0,f7d4990fe41de7e729d285dddb9263ef02cfbcbc8ec6e813309aa928753ecfc0,1,0.9935807075000037
0.9963679483561432,0.9952734842625218,0.0016265039304193534,0.004143821036443174,0.0,0.006106257438659668,0.9999902721129923,0.9718844890594482,0.0,f8015844beab79e610e3154e486258cf1b68341a02ae62f2f6c614b21e9bc671,1,0.993356708579134
0.9826777827604674,0.9840405774848406,0.009033697749042583,0.018021627964525746,0.0,0.05502432472534036,0.9977616478704057,0.3143151104450226,0.0,f838dad3a143356a225587f5de200b86bb0b614de22e75975d38cca3d62a1cd7,1,0.9916705687334167
0.9945774826788595,0.9936953769066691,0.002722885901318804,0.007365908809659894,0.0,0.014765963884210469,0.9996128621136071,0.5841877460479736,0.0,f8460f413c48c121aa0f5ebcbb2394794e2680e27fa14db1890db74742fdb5f1,1,0.9938073327961645
0.9947549163830365,0.9929515242199572,0.001465775931956141,0.0037188826838425726,0.0,0.01701986789703369,0.9999516240412248,0.6483864784240723,0.9978634119033813,f89c58eec3b54db9951d8037429007726dfd5e65060caf24ca51b3bc23ec9d60,1,0.9965081422911656
0.9998235280415537,0.9998928638374723,7.870220470201344e-05,0.00017051908736151976,0.0,0.8636283874511322,0.13972365835624215,0.5315290689468384,0.9877905249595642,f8a4d29c5dc0729ad68ef2ce733399ca94446bad558a0afbacfe9c71e7e7e6db,1,0.9673503794147922
0.9930165800860761,0.9888071961413072,0.006536907984068177,0.018414596475090805,0.0,0.003199458122253418,0.9999746563077722,0.8934282064437866,0.0,f8eabfddfb34d9a66ff99b6b52c4ec8e9a665e33c01c6c68de46bd68259a5826,1,0.9921417948581532
0.9875955946824774,0.9812143766404757,0.013129222476173971,0.03477177736562331,0.0,0.4373857378959656,0.8356290240280908,0.9679579138755798,0.0,f8f3dc2cee1d55fdfb075dedd071ee84bb81ca546341fc6ae3023248c08062a1,1,0.9800295420465627
0.8412710206296182,0.8799121682375796,0.09311482032284084,0.1426093157136383,0.0,0.6189404325559735,0.9999007251419513,0.6159667372703552,0.9950286149978638,f908c67b8bb439b93907b0ecbf6d36d4efe5a4fc59a2ac30ed9e768fa85023ca,1,0.6291314933372852
0.9886413665638846,0.9861598707328589,0.005824817765310732,0.012552777431964396,0.0,0.43335542082783174,0.8412409340573399,0.3597191870212555,0.0,f92d025ba0e4eca334457b2be369c80450df4ce9147091e0f241286fef84e24c,1,0.9867702563026063
0.9831568616938305,0.9769426611277486,0.011524701511750057,0.023964147224834868,0.0,0.14427806430109036,0.9853125023343793,0.44917985796928406,0.0,f9823f484b5043d9497b0e2b75d85e7652f88abcba8f3dcdbbbd1d19af14567d,1,0.9891643496974758
0.999962537444047,0.9999700350089468,1.130089404051968e-05,2.7846387135730737e-05,0.0,0.039571721106767654,0.9984985570304914,0.412534236907959,0.9953805804252625,f986cfbb0662112b16aa4dfcdcab4a0e6732aac84643e63c953467b56ddc903a,1,0.9972141534982142
0.9967143305268304,0.9822776867593583,0.021770559321605508,0.06031990249713537,0.0,0.013517379760742188,0.999995244355206,0.9617142081260681,0.0,f99139eb616acbc94898fdb50d664f74ac2a847f1782115f75c4a668ca2e3498,1,0.988970912155218
0.9980086826953337,0.9967664924946877,0.0010962464676837127,0.002444524418314331,0.0,0.0068291425704956055,0.9999974709845415,0.9435848593711853,0.0,f9bd28c33c4aca816eb5771328c56b0643e9519bda4385697975bfda093ac90b,1,0.9936949061265014
0.9999996956271485,0.9999997612312017,1.444571749013531e-07,2.875383014127646e-07,0.0,0.011690475046634674,0.9998712909361012,0.40660879015922546,0.9967691898345947,f9cb37982239e45f299ef1db3b15abf8552f774ec69e2c446ca1bd1e475a8b07,1,0.9972840875086215
0.9833947462205473,0.9713088952856614,0.01822296006390091,0.05156910038579665,0.0,0.24521762132644653,0.9650742047671346,0.9612794518470764,0.0,f9d94bc9b2b8ee4e9d8a442379153df9258ca573f1f1026d6be57e19513076d7,1,0.983046928475153
0.9999998048761743,0.9999993962271593,5.752906656718934e-07,1.3519265243577655e-06,0.0,0.10182546079158783,0.9906063797602207,0.5911535024642944,0.9979218244552612,f9da863a5bf1a997d3cc32080321066de6876d182be5dc9bf92b9a761d898aee,1,0.996866399573221
0.983147521446484,0.9582772465716022,0.3278590877196533,0.9555183391609149,0.14285714285714285,0.8863964676836085,0.1107409932712006,0.3039492070674896,0.0,f9fda2d1f25774652cb5c4713b9812441f66198acd2f5929caf2eed35a54ea59,0,0.00011254449314600386
0.9881869948332532,0.8118882353640242,0.24493824433838143,0.5738395405264053,0.2857142857142857,0.12509989738464355,0.9891076213201014,0.9528486728668213,0.0,fa247174a03e2176203007b6d088283bd3345f40225c540d98f2c6fe302f6b7c,0,1.6764539881390347e-06
0.9972922252239845,0.9953761687557842,0.0016161902486661686,0.004295315855676551,0.0,0.00991511344909668,0.9999814048600216,0.9644690155982971,0.0,fa30baf281cf4cc87208aac05c14e14eedadd55616abcb134b5112b8f8f87887,1,0.9934261204142908
0.9835729120979259,0.9798311602669142,0.005834473689790714,0.016226675762490705,0.0,0.049966514110565186,0.9976647527578391,0.6588718891143799,0.9591246247291565,fa36398d36ccb41bdf023760386ce5385ab86ab1c5eec81a250a32f8590ffdcb,1,0.994787127020269
0.9884263062409313,0.9813371260788724,0.010490744869571782,0.026374467590716134,0.0,0.05829363639876872,0.9975544603381896,0.38190680742263794,0.0,fa3d5f8808a40dba669b1b72f0208d1e6e0b9c5d2be196ec7d34db064b09e32c,1,0.9914848364839592
0.966131969445334,0.9063693819341344,0.33172620825602905,0.8905120192152844,0.14285714285714285,0.06483942572958767,0.9976743803225689,0.48847463726997375,0.9945299029350281,fa42dc669ffa506249da0a65fa0668ddd6d889b352657679c83986fce73689d3,0,0.0007990218512716591
0.9935848285402816,0.9942003525631005,0.0008029619180916417,0.0022906946673415694,0.0,0.04736953228669746,0.9982651750720636,0.5573595762252808,0.0,fa507ea490aace81ef6f174242c7942b0f523f9fba850b097912c405bcd47bdb,1,0.993899381351435
0.9919031664557265,0.9655739825123817,0.3185563946018059,0.9245512909179259,0.14285714285714285,0.024133384227752686,0.9995876514721865,0.9177564978599548,0.0,fa510dbddfc088479c2c87834c6dec5fd2cb642e8d793263144428b13a1a60ed,0,0.001589484053748105
0.9487961818385446,0.933168054348381,0.049230933090652,0.11645049636918595,0.0,0.13284791748628777,0.9858012944876732,0.28061991930007935,0.0,fa6427ecdf77a50740194ea4394f03a1ec6ff01b69d7eb2e80d75cd322052704,1,0.9533613152203477
0.9978551739813536,0.9973139527850222,0.0008013259451968066,0.0020988758702226162,0.0,0.006368100643157959,0.999978067693113,0.9740248918533325,0.0,fa6f7a62b1da8473071d9b20ab4000741d4c2d881a31874d8a705dc5a363bdb2,1,0.9937045664425104
0.986832759215871,0.9844561337018565,0.005400392060526001,0.013109138693074271,0.0,0.36822289228398764,0.8836388801881062,0.5118752121925354,0.0,faab4aefbf83b88c25467928bd9fe84f017538124f31e566d74e9833ba4558f2,1,0.9874917809281772
0.9939990687024635,0.9923322498178254,0.0026458928769418732,0.007126469436845038,0.0,0.11886708438385894,0.9912043301516947,0.5829105973243713,0.0,fad7068afc246ff3797b415cc30597282b94c5c6a397ddab7940242f616eb0b0,1,0.9930946094319603
0.9862607902082097,0.9770443314614445,0.011032987689939086,0.03383969085288063,0.0,0.6678665280342009,0.5689891560100216,0.3265625834465027,0.0,fae5d3074deb4c700c49ad5f44f9a3795523dee18ad994d25696538fd150a8db,1,0.9661741557359951
0.9921692208306954,0.9805434579829495,0.018500402319490943,0.05362539581566465,0.0,0.1389185935251465,0.9856378295067797,0.38003018498420715,0.0,fafabf19299d47a63812b41743478f5e72fbbc213605043520d847014283d15c,1,0.9898103922749826
0.925141510466687,0.934218018883812,0.025700636079566082,0.051316666102571906,0.0,0.0399746298789978,0.9932160901430904,0.6297030448913574,0.968487560749054,fb37e14f0f67bbed05e718cdd19675b922c6e9c8a2868c9ca447c8490d2c7d6f,1,0.9767836486512375
0.9815467301058924,0.98657930978021,0.008385216720765462,0.013289339307595092,0.0,0.9585211614544278,0.0252130328900771,0.5242704153060913,0.9730879664421082,fb425d6f7d68ac86f107619537cada6117fdaccbf865f29e4b1691429cb89797,1,0.9281426931620153
0.9999997129384224,0.9999988860190034,2.188269473002485e-06,6.174646043133185e-06,0.0,0.6940367221832275,0.5081287510743897,0.5076144933700562,0.9872007369995117,fb4a77ebfcdbaff10d4a000c8d911e5c459c50ee020ac1fbf30e6384a0c7252e,1,0.9869481499122473
0.9976397739627654,0.9958812944852299,0.002528582005159402,0.006182420455839943,0.0,0.007033824920654297,0.9999999846304762,0.917932391166687,0.0,fb52f19434355029cb7a490270ab1f2bf8dae0f72d2baf69fd9c1639f71d2776,1,0.9934954199977021
0.9969148693869448,0.99664852186501,0.0008394222268408574,0.0016210716177305073,0.0,0.0058321356773376465,0.9999971898576352,0.9578266143798828,0.0,fb748d664488d9329567d185f71750879f1e444d22f339b44fea29ddccde50cf,1,0.9936200539044427
0.9977812961232843,0.9984984042849192,0.0005696436372923666,0.001862562396744454,0.0,0.025657861244310354,0.999060926042294,0.48171699047088623,0.9946340918540955,fb7f6341391d38df9adfb6b94fe74e8a56fcca616bb7208f66ea2117f422e5f8,1,0.9970361103959282
0.987146652878036,0.9892417487623667,0.0024735656625424762,0.005035584550820198,0.0,0.535899102687774,0.7576096916005545,0.39442771673202515,0.0,fb83591bee74af05c4bdf2eb38b9dab8c840fe88c8f25f2bee96d1c27bf582a9,1,0.9842397546374448
0.9866952199184204,0.9746411077082051,0.017723340862376948,0.054049992097236196,0.0,0.6460814476008271,0.5981942648608953,0.4528437852859497,0.0,fb837f5406ee01567bd58a58b886d657ee22c9133665df1959eab5dc880e131b,1,0.9626531957611648
0.9886568662046803,0.9849006899302868,0.009161579484692452,0.022147388394153367,0.0,0.17563331123052667,0.9789961405519768,0.5722764134407043,0.0,fb867826fdae135742e55d9807e5801a47ef67bed505af14e5000eba807aed18,1,0.9904571803077309
0.9962422374113405,0.9954737599344815,0.0013788836006421714,0.0040773374633266135,0.0,0.011320650577545166,0.9999914755620669,0.9780526757240295,0.0,fbc36672cf4429756c5e37376c87f055227a81e8fd3a44a206af3e7095c76c20,1,0.9933659277102578
0.99965872175481,0.999619074540069,0.00017637898183884155,0.0004132694238196448,0.0,0.03878535330295493,0.9986074257196033,0.34919092059135437,0.9991372227668762,fbc4e3fc38eff417338e14c21b5184025659e9e199b37cec17e6f42e6ce5111d,1,0.9972536375014479
0.9932051038225576,0.9905938551880155,0.00443125982880355,0.011566208653860932,0.0,0.037902653217315674,0.9984669241566432,0.9147613048553467,0.0,fbdd7a33218de375ce998cdb1bd4cd3f5bd64e274fc2eb8c03525ca49770b201,1,0.9923336826589051
0.9966428407615425,0.9075447410471125,0.1978168087306617,0.5673438787976297,0.14285714285714285,0.0062258243560791016,0.9999896624609206,0.9799574017524719,0.0,fbec179f594fe7ba61acc74c9c7e0cefdfd53c1bccc2cdfd372ed6b8c7d75292,0,0.00587328457356782
0.8771048607556599,0.8349390166313253,0.16429357730001543,0.37671118581713925,0.0,0.06836968660354614,0.9937134437590138,0.8395663499832153,0.0,fbf40713c624f399c624c8ff14f207952630d7aebdc17da5a72d393abe90529c,1,0.23829530165292698
0.9999300346553793,0.9999402616967945,2.740145618859143e-05,4.696295503900955e-05,0.0,0.5360976457595825,0.5939357240651941,0.4125122129917145,0.9415227770805359,fc1d70e65028014df2d29dc3c539281ad922bed167153634d8fd08f58bd755eb,1,0.99028565227968
0.9955658646500984,0.9924241486814818,0.0030216246875424454,0.008338498800968264,0.0,0.020514488220214844,0.9998123354016201,0.5944774746894836,0.9296125173568726,fc2ca405266279347000f998cd4c9bdb179635d972171d93b686c6019a10cf90,1,0.9963319450777761
0.9950135827850302,0.992278006333061,0.005552494369175918,0.01589436023352888,0.0,0.002166256771042793,0.9999835263075371,0.68450528383255,0.0,fc326f5d1310dd15262fa9ad8c480c2dc4d071de5b55a1a4cbaf6e36990d0386,1,0.9932518138659777
0.9997528055562008,0.9996002518158553,0.0003247011383832589,0.000705826380441788,0.0,0.11867524683419667,0.9926982458894056,0.4375835657119751,0.9860755205154419,fc39066578fa86c28e56fa075db259ceddf5a55395ea4def983dbb8706f60b12,1,0.9969452917866932
0.9960447753490602,0.9829613392707498,0.0127416625311333,0.032555679539298055,0.0,0.09280067682266235,0.9934690476507658,0.9187831878662109,0.0,fc3a603da93b657ad80c7ea22cdfd671dd01535ca32c47774810c3956a80fb9b,1,0.9899986424247839
0.9946198808252027,0.9890995389205267,0.010367739541633912,0.03058860788358623,0.0,0.03947265445837462,0.9986289487258246,0.6051926612854004,0.0,fc3d07a8d7768b070427edf2660558546221934467e00fe6c4f277bd7f0dba3d,1,0.9923577194909202
0.6313961778247338,0.7502243913273728,0.28051043609194787,0.5655281397196353,0.42857142857142855,0.1935722380876541,0.9757618055248747,0.450634628534317,0.0,fc54ef62feb96cdcdebb13b872cb6a984d4cd82f80baaab1e230b855ddeaf3c8,0,4.2528114213070686e-11
0.9937664168342114,0.9896031213598062,0.00615163672069411,0.016214842340066708,0.0,0.08994498848830866,0.9951567267762992,0.5324022173881531,0.0,fc59374fb97c45cd8906fd262d84f484d8c61b72822ad07ae4d36670502284a7,1,0.9927170384436463
0.9999981460671589,0.9999946096943494,9.221750633188696e-06,2.6087196663549157e-05,0.0,0.29807910323143005,0.9247325807938634,0.557397186756134,0.9863512516021729,fc6e3b1e42b0ee8d3b5e9e9eea0b8503ab08df67ad3b9e56d43db75f7bb172e0,1,0.9958908844104121
0.992453101824368,0.9923899239174351,0.002617263163431913,0.004138054021763815,0.0,0.26106029748916626,0.9476904256972579,0.7853296399116516,0.9469416737556458,fc7fe69c96773e9cd5962f84dfe644fc88c47bfcb847c4697a8d7e28d9cc60bc,1,0.9947463954433221
0.9958877515333113,0.9955596952060429,0.0005100007176681616,0.0013455829974731047,0.0,0.011154958970311324,0.9997291059244892,0.6139771938323975,0.0,fc7fe75f14aea45d6e83da0a867bfbca3c001006bdfb22eb8decc427aef961f7,1,0.9942071211722094
0.998024717189851,0.9955340817388256,0.0038534458785625223,0.011250210841015962,0.0,0.006011545658111572,0.99999582795298,0.9812145233154297,0.0,fccdab122c0ea8651a277598a8d97f85ab5dafff58443ce17c2d1faf4de30807,1,0.9932209271706265
0.9973186349950011,0.9951441958510483,0.003389674328564368,0.010371333478199673,0.0,0.006662231869971301,0.9998251719487934,0.4723789691925049,0.0,fcdac2e65dbd837a76636b02f2256189c156646a94374d9661e7b58a377b3c61,1,0.994279961685199
0.9936041061645354,0.9900137170827019,0.004988200050614661,0.014689974763060307,0.0,0.043535605072866364,0.9984559223242898,0.4379937946796417,0.0,fce2ac46a311880dceff285c1eef56c407e02527b406662067d8a9d87b1528f8,1,0.9933939335759436
0.9930413144053556,0.9673968330375924,0.02666022646692307,0.07276486679609251,0.0,0.19161134958267212,0.977402247160256,0.9818976521492004,0.0,fcec15f0863068ee1137fd76b4857b036a4359771dc67d85dee404cc486156be,1,0.9821341539381537
0.9956094027842243,0.9937049218589608,0.002311166452181013,0.005219564341896854,0.0,0.02137923240661621,0.9997197162550487,0.8964112997055054,0.0,fcedd0fd8ddab9d0e6e652d1304649a7ee8ef379944b0658677f9f286cc50fdd,1,0.9931835853138632
0.9909792471016728,0.9861854657220734,0.004363336403132634,0.011460377925810965,0.0,0.6843330860137707,0.552223968314942,0.34883004426956177,0.0,fd067e9f00752e239ff6accf1eeb4d53c1114bab7a4dd6ea84e41c831d062c50,1,0.9724856276231749
0.9999267659536244,0.999925375418956,5.79384199085997e-05,0.00012058877473935514,0.0,0.004777237307270321,0.9999593936139508,0.3583057224750519,0.9935320019721985,fd0cf53dfca094f58268ffce14c3aa5984e5eeed6712b1955e07e2a1038d5074,1,0.9973291470709884
0.9964533026784286,0.9950687027801085,0.0018804773269133638,0.004623911687538951,0.0,0.0382193922996521,0.9986172929988811,0.6415125131607056,0.9651721119880676,fd23df4d17f8222445b5059e87c60d7e694e1333e1c8046a4862fee62af45548,1,0.996514160847858
0.9941806741068671,0.9721746801910767,0.02219646974651163,0.05507088861126885,0.0,0.08350938558578491,0.9945548552270036,0.9321901798248291,0.0,fd3855b1c7f94dfc2ee77bd8afe10383c6b761373fcc6f1e73647864e4c14e0a,1,0.9862334354757428
0.9999980424550219,0.9999981893013234,1.4875297023967745e-06,3.2062800383811453e-06,0.0,0.18027085065841675,0.9758429661245649,0.5302404761314392,0.9700977802276611,fd576d3e830e5ca17cb99c7b7c91cd30b83b2468e6d054c6edb714d258a0219c,1,0.9966044184761175
0.9938895576821614,0.9911809556457701,0.003331219737445625,0.0067153182149156665,0.0,0.025841891765594482,0.9995860132806876,0.6278851628303528,0.9525493383407593,fd5c24bb856c3d4c76e0ddb4ded2a482157a1861a00bebdebbb0bba325c44c70,1,0.9961650707139004
0.9961315989430584,0.9912902305182462,0.004649606976184114,0.012724092492605097,0.0,0.005671435500899305,0.9999060351809232,0.5722012519836426,0.0,fd6963f861f8384b5559a3c03673849c7717983783888e0931782686ba699b19,1,0.9935649785445929
0.9855392451874774,0.965541452567216,0.03383217423299215,0.1002413359502039,0.0,0.726108968257904,0.5196274534242649,0.9387929439544678,0.0,fd7d7f7179c279290c46af5dbdca0717832a2d3db123e0ae2b3e169402538807,1,0.9208786152557809
0.9895695747127308,0.9839316238518263,0.007862027797522804,0.02019860061335821,0.0,0.029640257358551025,0.9992445902425109,0.5169403553009033,0.9872891902923584,fd7eaef62b9d9948191dfb105cf2092b81f8cc523fb0e33fec511c08fe92a56c,1,0.9955249402143143
0.9664048447150444,0.9632598664110621,0.018280888611363667,0.03229290870529633,0.0,0.6606710525912365,0.5402638744892597,0.35786986351013184,0.0,fd7ee8a7dc4c616d36ef21cf0ab365a4ae56cf023013a8af7f0f926ca60a46b7,1,0.9396995019649269
0.970608209799887,0.9271120770567797,0.09162928173150676,0.26658765552193464,0.0,0.05528336763381958,0.9964725612575929,0.61968994140625,0.9886626601219177,fd926e4d8d53a549089e79b5b748e58b01d2fd2730179c3c85bae62e9e7ed6ec,1,0.9537575875813344
0.9768476771999168,0.9781608115622747,0.011218060347860263,0.02256414398582963,0.0,0.28452151454656294,0.938163715265644,0.5852764248847961,0.0,fd97188a3a5e7dcfa68c5f83dadc562dd234b8754a82355094bb711e1d3d3a8e,1,0.9856548550486501
0.9922393228674684,0.9889878014309098,0.0024989436233102064,0.008851232996702763,0.0,0.06384581327438354,0.9966688029113681,0.9344692230224609,0.0,fd9cf7dcd94ab73bc10f1057501e8454f39648765c43ad0718924e8a75fb2efe,1,0.9921876967418449
0.9860320068025558,0.9709819849031822,0.03123561447551967,0.08834667233644854,0.0,0.007691163508752652,0.9998164255509507,0.49795597791671753,0.9916461110115051,fda32980f06d7fe4e7b60f9421f3c8626206122f9dd7dc1b74322d9928451b4b,1,0.9921162015832832
0.9957653021229848,0.9968144265976585,0.0023425111905136867,0.003916626491910472,0.0,0.841792661845929,0.08979867228223723,0.6636654138565063,0.9487911462783813,fdb1781e248bd588ff303a078c6a7fd3e67f7b12c3116c56d4a8efd6767172c9,1,0.9570111865428117
0.9977659797847974,0.997644475570677,0.0004420913291099678,0.0011379300776658274,0.0,0.008862733840942383,0.9999802707620008,0.9598982930183411,0.0,fdb48e8931540a6827ae84d311c73b4ae36664e65bbd268c39aa46f5ab2288b0,1,0.9937844768974292
0.9934249416971049,0.9922245246027638,0.0012685992961004619,0.0033535147457491865,0.0,0.17491859197616577,0.9806229654652567,0.7907859683036804,0.0,fdd01cc444972a7cd6a7651ac9578ec03282292d7b41a6bbbaf1a9ab26d90ef4,1,0.9922577303267538
0.9894250905875919,0.980038058475364,0.014562084012501562,0.03460008006807025,0.0,0.02197098731994629,0.9997289245372409,0.6373552083969116,0.9640339016914368,fe1c7d16797bf10f82318d464910d188ea736215306bf758ea54612834088928,1,0.9944044752029663
0.9480276810821668,0.9245666743237734,0.077029650782535,0.1507440475309766,0.0,0.1653686761856079,0.9765750317319256,0.8677476644515991,0.0,fe206a6060efefcdf090c4c91bb835ef4157de62e370f2c71d451e60d81b2e99,1,0.8894348785315661
0.9959371152444689,0.9950957855570756,0.00093555630302843,0.0027548054728595023,0.0,0.0068997521880745155,0.9998927075336796,0.623508870601654,0.0,fe232e23035f9060e05daccc295551b7ed2f97d2d286476aeab7fca6c7b0ff33,1,0.9941352986578816
0.9973536049369589,0.9442456835981706,0.3750128171077514,0.9383848032879385,0.2857142857142857,0.0445857048034668,0.9979087702109283,0.9378578066825867,0.0,fe269fac507e5fb86d9bddca59f313805a1d62d5f3606e65df1aceb213eadb9d,0,1.1804201960510936e-06
0.9975562166140574,0.9595506333331683,0.06933607208232931,0.19904835291006173,0.0,0.00850754976272583,0.9999993988324541,0.9387348890304565,0.0,fe4603d1a3282657a281c3bdf70473ea8591ece33b70bffc9403091f2cfe9f40,1,0.9683148735385675
0.9974623725963101,0.9952928512909303,0.002081662705514656,0.0062253360739399355,0.0,0.010380387306213379,0.9999963526129464,0.9848889112472534,0.0,fe48ae5dc1db362df47cc90c590b6c0394d610f6c65f4c6c06c25bf71efeda8e,1,0.9933382972631517
0.9970697608220408,0.9966115832548287,0.0006059314289984071,0.0015930332190934315,0.0,0.013612627983093262,0.9999882048567391,0.7167342901229858,0.9990519285202026,fe58e2fd1d7ba84634d2e2a3b95ba3aaaa0a4826f623fa51df291a06bf5b9469,1,0.9967240042670138
0.9969819875911483,0.9962693469049011,0.0013946535823437562,0.0031341053297158084,0.0,0.032196044921875,0.9990111576590831,0.6652006506919861,0.9780847430229187,fe7148d66e827a9e5cca46bbda0fc9c5ceaa80db818e5fc3dffc111aed93bb1e,1,0.9966265064294217
0.9965443766568551,0.9841762755185058,0.017325434085628835,0.052438873933382646,0.0,0.0608096718788147,0.9964389100051234,0.9358224868774414,0.0,fe7d075d7bd7982779220b67e02ef17b2bc55b7fe9c612347b1534ad7a6c6999,1,0.989793107638032
0.9952865574831272,0.986029390295501,0.01356340707364047,0.03968042089854085,0.0,0.01552116870880127,0.9999784991226447,0.9509087800979614,0.0,fe84067963c247491553be52a29793836195cc7b2f53cf21e801591431053ac1,1,0.9907975516536731
0.9728604052218198,0.977841618150744,0.009151246168011468,0.014116389782755872,0.0,0.40968554880028196,0.8454853155759802,0.5161575675010681,0.0,fe871de39370d16a273ab046ff8000c4d24d4ab04f0a8706bcf03b686ac85e96,1,0.9811753164956968
0.9995858107192466,0.9996773569955725,0.0001626733037773052,0.0003506372560096258,0.0,0.050901141017611555,0.9981450465252861,0.4274282157421112,0.9911604523658752,fe8b30ce7a5041722768abe6eee7fbc595ce88eee44a62f0aa87cb64f3df244b,1,0.9971407003468984
0.9935825775472189,0.9777117982987823,0.017330234413039602,0.04017749941875469,0.0,0.8687885403632948,0.1316129280125019,0.46991202235221863,0.0,fe94819a19cbb1c5f09a951c69086d2781856c368ba83d5e8479a5f46f9c936b,1,0.8957294742815771
0.9948609711409676,0.9948047578481699,0.0009051560942660538,0.0018999998236481908,0.0,0.10206204652786255,0.9930276981061947,0.6266869306564331,0.984754204750061,fec22d5c6fed5e4ae580b2f0ace5a610586cc0453f4f70acf19571a95937a103,1,0.9963715636063394
0.7125855097620153,0.7042547272844254,0.2177547194230874,0.4288430009114744,0.42857142857142855,0.5644927863031626,0.8140388316807127,0.2636807858943939,0.0,fec5f5fc737933eaa8a94b8e9a5d7c05f5ffb8400c18cfd9d8cb3507e009cde2,0,9.365855988237648e-11
0.9948638084093967,0.981984834701743,0.015127979055350621,0.04477623700466828,0.0,0.19250746071336675,0.973655074143167,0.5447904467582703,0.0,fed051d3670bc8f2cddc211c188fd1ab5aa4bb334e5fe53d0194bb59c7b23924,1,0.9896496160197765
0.9999779099376118,0.9999854994961374,7.927274346426042e-06,1.600386073624503e-05,0.0,0.14864659309387207,0.9851234760427535,0.5079165697097778,0.9886810779571533,fee40174b89ba31686c40c0a0b63758ad26c4ce236e47df392c7b562dc581d64,1,0.9968006083867871
0.9983274184336081,0.9919111003703339,0.006569241807516081,0.018673054264309763,0.0,0.004343509674072266,0.9999260348137323,0.971250593662262,0.0,fef87729370d5301962b2da3dfe42a89a331f7f831f7cc4e23bb06715e1e255a,1,0.9926133542458404
0.9920135337808814,0.9885043172808604,0.0029690366195756013,0.008892365559881044,0.0,0.08033895492553711,0.9949548126529464,0.6176519393920898,0.9809266924858093,ff02f00e48c7457053750e98c8880aa426fe5c4a963f0a242cf97d847f287ef9,1,0.9959058278523689
0.9948857355274033,0.9931700288039493,0.0034687978328981368,0.009733229986139125,0.0,0.007939457893371582,0.99997681071881,0.9450647234916687,0.0,ff05f6b6f18b61845ce6f40968e7714ff48cb6dd647b1b8bfdef0e217303fb4a,1,0.9929222690025424
0.9937904797744828,0.9885130954057267,0.009453575786791395,0.027832644911359748,0.0,0.06120525300502094,0.9974000022535575,0.660031795501709,0.0,ff1f5673e713353c30cf0d4057d7e5dff961884829291be51e36ef52625e1759,1,0.9920777605331129
0.9864938905027129,0.9857458856814881,0.00579775546815687,0.011291243597917527,0.0,0.1977212875983927,0.9709480003292961,0.5961067080497742,0.0,ff232fd7f8a3f4e065a47364d6b9563d9939a517b9c214a06004d04b9df30bce,1,0.9904975895795576
0.9718100332088551,0.9815147882464778,0.018548320555893567,0.030442638597499218,0.0,0.006761972819276707,0.9999028539025638,0.626222550868988,0.0,ff30c28b8a702306fc80f37d2697d49c55eef31050d93ac3d19b9b76239ef1cc,1,0.9876396277088232
0.9990020940102154,0.9991067170571075,0.00019992066978422323,0.0003181343903417606,0.0,0.1644812971056505,0.9861060718247577,0.41979873180389404,0.9843540787696838,ff50ea3c12a5501cc5e2eca717ed7923df199219c2080de13d4d41a1e95d506b,1,0.9967843005092237
0.9951170670369257,0.9749202235102843,0.020031590034328032,0.05612862592490264,0.0,0.021076083183288574,0.9998193153521673,0.9645543694496155,0.0,ff630c73da5664377acc79c4864ab4d483a6ecaa7f3d61aeb12f52c5a2bc8437,1,0.9880008472045365
0.986980452374059,0.916251992298933,0.18153257653097776,0.525572756815162,0.14285714285714285,0.051660340265617034,0.9981166283157028,0.6435229182243347,0.0,ff70d68c925bdb1510659dd1397caacae933406535404c322007d729944f2122,0,0.00864500196647542
0.99561211645739,0.9742355607441623,0.051409336486750765,0.1472917057920331,0.0,0.031037211418151855,0.9993348521028975,0.6387160420417786,0.9874848127365112,ff94bab1790150923037b09a2ba067d82d5f3d5fc37ad2d7ac72aa8056257096,1,0.9896456134614396
0.9970702201330973,0.9958731401009734,0.00180279415774874,0.004557399385258454,0.0,0.006982326507568359,0.9999591908694163,0.9430124759674072,0.0,ff9887812f373930a90269e954c61d2eeb002037f8ac09af7c97bf23a903f951,1,0.9934901136740065
0.9986569367693031,0.9962025065589316,0.0016830960860737788,0.0045691020777979905,0.0,0.037145476788282034,0.9986949278020177,0.5761753916740417,0.0,ffa291586b5707f2cd7fbba6864e20080cc169a1f3e910dfed35413496b7b006,1,0.994249843898912
0.9984002345350932,0.998812376981484,0.0008381103113876509,0.0014880730499643173,0.0,0.0684294082057022,0.9974179019324153,0.6470276713371277,0.9867021441459656,ffb72e6d659a674242c1148f4ab3d6823eac4137e7f72a8cc28bd1b3bf512914,1,0.9967552332193882
0.9955426272167776,0.9937001523786385,0.002433829943816586,0.005788618127268826,0.0,0.010494641028315549,0.9997819910039863,0.5692858695983887,0.0,ffdc58aae70b7bf984083ee5380c7c900f84ab39a61ccfd7052fe062b7d28fc6,1,0.9939338839664079
0.9971654782769075,0.983864069236929,0.021768955382322014,0.0637239225509234,0.0,0.09524059295654297,0.993470334416218,0.9681059718132019,0.0,ffeb7e42a2695e5cc2b538c98ed1a9203d27864b0888dd8fc8597ab1b98cd048,1,0.9885356629150922
0.9572520111084448,0.9608989904716404,0.02240331720659623,0.03368274166505558,0.0,0.8136920168537358,0.22002553693101728,0.2672242820262909,0.0,ffff2fc65eb4c5b10a04ede3a9b1ff4e3b00e10c15c3d60eb06f32dc1d00eeab,1,0.8532608285142544
