image_path,label,class_name,dataset,source,generator,original_split,width,height,content_hash
data/raw/CIFAKE/train/FAKE/1020 (3).jpg,1,fake,cifake,cifake,unknown,train,32,32,c75ac1b8f414b60f2da938dd12c1750383d658baa515d33961b235f416327857
data/raw/CIFAKE/train/FAKE/1038 (3).jpg,1,fake,cifake,cifake,unknown,train,32,32,9f676906be466a7c488d2ea9c45aa39fd465cde021645a6e788320836e6c8f27
data/raw/CIFAKE/train/FAKE/1040 (6).jpg,1,fake,cifake,cifake,unknown,train,32,32,fff440c8e7fa3ffa7730ef927519476e99520b2657fad060d9d75e3564753f9e
data/raw/CIFAKE/train/FAKE/1111 (3).jpg,1,fake,cifake,cifake,unknown,train,32,32,028dbaea49164b28c0f29b0801c47a7dd5ec35ede315278954458474c5179d15
data/raw/CIFAKE/train/FAKE/1121 (6).jpg,1,fake,cifake,cifake,unknown,train,32,32,2916f4abf75525b582c60ba00430e763fc6cf17cc99630cf52dfe03c1f0f21c9
data/raw/CIFAKE/train/FAKE/1125 (7).jpg,1,fake,cifake,cifake,unknown,train,32,32,017142177002c354057d277fc9edd2281e52041bacb3280c242741019431e83f
data/raw/CIFAKE/train/FAKE/1128 (3).jpg,1,fake,cifake,cifake,unknown,train,32,32,75cd25716b0c6a71b03d986ea4649f0e3ef493f12093247d30325a8681134db5
data/raw/CIFAKE/train/FAKE/1135 (7).jpg,1,fake,cifake,cifake,unknown,train,32,32,0b470c811a42022e26d32a03bf553a12b58de2264353dc72cb81825df40c00df
data/raw/CIFAKE/train/FAKE/1140 (7).jpg,1,fake,cifake,cifake,unknown,train,32,32,f08e12fb0de247b56d286472533dd22c373dc508d3ef23708346a8540a9fb9e6
data/raw/CIFAKE/train/FAKE/1144 (7).jpg,1,fake,cifake,cifake,unknown,train,32,32,1a8411206d575e412dbb954a7cfecaea9b8b0b7d8e74aa3d23fcbf46861ae467
data/raw/CIFAKE/train/FAKE/1164 (3).jpg,1,fake,cifake,cifake,unknown,train,32,32,82415a584a386bce0ab8feb0a6046c2be5dab9e9ee23b9a9db849a5cccde06d1
data/raw/CIFAKE/train/FAKE/1176 (3).jpg,1,fake,cifake,cifake,unknown,train,32,32,ebf339ceb472d7de0c6fc6af766dea9c8567f79eae388c8032252c8d5f143c39
data/raw/CIFAKE/train/FAKE/1186 (3).jpg,1,fake,cifake,cifake,unknown,train,32,32,39e400e3758f578f5d1e03d9751a6882102574048dbf3d84e3de9dc668c59dfe
data/raw/CIFAKE/train/FAKE/1202 (7).jpg,1,fake,cifake,cifake,unknown,train,32,32,686359bd35e8aabbaaa4f6122fbfb6bde817826627a2c6f4562ff281f1ea0ebd
data/raw/CIFAKE/train/FAKE/1231 (3).jpg,1,fake,cifake,cifake,unknown,train,32,32,27189c5ebf081550c1e180ce0f1d5733a71794daab89753cf950cc51d1300f33
data/raw/CIFAKE/train/FAKE/1233 (7).jpg,1,fake,cifake,cifake,unknown,train,32,32,268c5c22810475a67a84331948a1d5f5d652ccbb37f18f7960d1ea7526b44051
data/raw/CIFAKE/train/FAKE/1235 (3).jpg,1,fake,cifake,cifake,unknown,train,32,32,360ae32cd2493b1029fc9e9981a24584140c7b355e5d2c4ff4d07d89b2b3de52
data/raw/CIFAKE/train/FAKE/1243 (6).jpg,1,fake,cifake,cifake,unknown,train,32,32,3993722102f512b9da8dc269ba5b2e1c5c0f5d3fef06c3eee93c2b6e7ec7a9ac
data/raw/CIFAKE/train/FAKE/1251 (3).jpg,1,fake,cifake,cifake,unknown,train,32,32,1ec9b516ff8e6ed6f625bd516a0e96e4e06177df3b83f700f541ac64360e74fa
data/raw/CIFAKE/train/FAKE/1265 (7).jpg,1,fake,cifake,cifake,unknown,train,32,32,daa5babbd0f89bed7297d9650ae16a30e67412fa969f81185f3167c56562f758
data/raw/CIFAKE/train/FAKE/1284 (3).jpg,1,fake,cifake,cifake,unknown,train,32,32,5d814e7d0fe3a23d2695cb6d4dbaa34b3d92524d769835c41f875aaab52ae8a8
data/raw/CIFAKE/train/FAKE/1290 (7).jpg,1,fake,cifake,cifake,unknown,train,32,32,9501739f53e9f8481c99c5fdfdc8b625bfa55b38574897f35728757781042f63
data/raw/CIFAKE/train/FAKE/1294 (3).jpg,1,fake,cifake,cifake,unknown,train,32,32,0a7a9ed9930b72d65e0cd4378f45dcc86ae95de38f2fcf24ca0cc890f64754f3
data/raw/CIFAKE/train/FAKE/1308 (7).jpg,1,fake,cifake,cifake,unknown,train,32,32,70a0528ccce5d3a531206b30fe31f4a5b8dfc36a99db4ce1f453c3782b3adcd9
data/raw/CIFAKE/train/FAKE/1366 (3).jpg,1,fake,cifake,cifake,unknown,train,32,32,0dd6ba2495b15f47caf2834adbfc34f5d8477e1e085c58d1f0fd14e6f38f0fb2
data/raw/CIFAKE/train/FAKE/1380 (3).jpg,1,fake,cifake,cifake,unknown,train,32,32,3be220aed419a0c8978654fc6d6d8076ae9fb68c5a31757e815267066f22d6dc
data/raw/CIFAKE/train/FAKE/1384 (7).jpg,1,fake,cifake,cifake,unknown,train,32,32,2a4712aedcde8cfc257fb5c9294cae128ed64ebedc5aa6f67b1bb932e531ebc6
data/raw/CIFAKE/train/FAKE/1386 (7).jpg,1,fake,cifake,cifake,unknown,train,32,32,836c6bbe49060bdd91e2855d1984fa3aa77dc5c48e5df499df6196ffc23c5f11
data/raw/CIFAKE/train/FAKE/1390 (3).jpg,1,fake,cifake,cifake,unknown,train,32,32,4fd4ecd1d8f05ae8aa96ad04e70b890931f6014aaf321a4be9c6a3c7c7bae4a2
data/raw/CIFAKE/train/FAKE/1396 (3).jpg,1,fake,cifake,cifake,unknown,train,32,32,bf661427fd67f03c67de4734037abdb1969c4668e6ef56697affd5a62ea97118
data/raw/CIFAKE/train/FAKE/1397 (6).jpg,1,fake,cifake,cifake,unknown,train,32,32,2c0516ce715a0979ae136ae8556a09e2a5722533f772866948a56f7e9a4c19e5
data/raw/CIFAKE/train/FAKE/1428 (6).jpg,1,fake,cifake,cifake,unknown,train,32,32,4f38bb11d6316f61bbaee93d122e58ac70d09757ba775ea192e861f04f86b1bc
data/raw/CIFAKE/train/FAKE/1449 (7).jpg,1,fake,cifake,cifake,unknown,train,32,32,3b4e5af2431b2ef8cf112104815bfdc91e83801f97b5408f51854933f26c285f
data/raw/CIFAKE/train/FAKE/1456 (3).jpg,1,fake,cifake,cifake,unknown,train,32,32,8697e0a04d5232a55b6c2082c07654d33be8ffd70c33658309d8335dfcc41280
data/raw/CIFAKE/train/FAKE/1459 (7).jpg,1,fake,cifake,cifake,unknown,train,32,32,26ee54b92c95d773d00359cfa2cca11eb40567044ee3db281078dd00d367f871
data/raw/CIFAKE/train/FAKE/1463 (7).jpg,1,fake,cifake,cifake,unknown,train,32,32,1f9db84f36a583d70cd124b37e25bd3f1f7ca16f22428a85f09faf9a237b2678
data/raw/CIFAKE/train/FAKE/1490 (7).jpg,1,fake,cifake,cifake,unknown,train,32,32,a68ce3251d13cc9db64450f82ccf426687330f50dd17512c41ba29f1b1fa31b7
data/raw/CIFAKE/train/FAKE/1493 (7).jpg,1,fake,cifake,cifake,unknown,train,32,32,258745de05c6e69305c169306f800b837a2eddb3409d5a96649efd9928984426
data/raw/CIFAKE/train/FAKE/1521 (6).jpg,1,fake,cifake,cifake,unknown,train,32,32,471833009d244100e352e1aea957e74aed0879621a72b7cb3571cbceefe9c0a1
data/raw/CIFAKE/train/FAKE/1536 (3).jpg,1,fake,cifake,cifake,unknown,train,32,32,4fcfaa9346f5e35e8c7cbf10b36849003f44aeda16cbbed5f178c719f1d7acbd
data/raw/CIFAKE/train/FAKE/1562 (6).jpg,1,fake,cifake,cifake,unknown,train,32,32,901142b3a2ba3b8caf3922c4791762a5dd36e26d3f2f02da6ed5d7e3f98769c9
data/raw/CIFAKE/train/FAKE/1563 (7).jpg,1,fake,cifake,cifake,unknown,train,32,32,6cfe592ee61d638cb25f959f794e49e4615eb512e0ab61177aec7c65981a18d1
data/raw/CIFAKE/train/FAKE/1579 (7).jpg,1,fake,cifake,cifake,unknown,train,32,32,0f1b8215ca3ff90ed837126063dbf202c6998b0508bd1961503b24ff8d6b06c3
data/raw/CIFAKE/train/FAKE/1586 (7).jpg,1,fake,cifake,cifake,unknown,train,32,32,276d920e3c5708606016ec7e994e8cff8b8b2ef08fb510121552d8568b76bfec
data/raw/CIFAKE/train/FAKE/1588 (3).jpg,1,fake,cifake,cifake,unknown,train,32,32,fc4bb9e380f4768a119f58e4efb7bf24507a0123e955c9707418a51b9e4abe45
data/raw/CIFAKE/train/FAKE/1589 (3).jpg,1,fake,cifake,cifake,unknown,train,32,32,e7c10b43e81510dd0c82f8c884bebf97f5531c5cbf8e26c3e3732e310c4506a5
data/raw/CIFAKE/train/FAKE/1608 (3).jpg,1,fake,cifake,cifake,unknown,train,32,32,ea3826775ad6702f22fa329a5807197ac478924e82bd28a6da4466d6b57a8fdf
data/raw/CIFAKE/train/FAKE/1612 (3).jpg,1,fake,cifake,cifake,unknown,train,32,32,623d10521b8d2787f07a376931b6f23d791e6a4f3422de78a6b671cda53b31e8
data/raw/CIFAKE/train/FAKE/1615 (3).jpg,1,fake,cifake,cifake,unknown,train,32,32,19d48e1f0fa3c2d3bf52e303b4ad7085bcf124de8be70375c589a6a8213e2642
data/raw/CIFAKE/train/FAKE/1626 (7).jpg,1,fake,cifake,cifake,unknown,train,32,32,efb9cd7374f25ee2837e9d4ba82aba2553f1ea98d4db90f198247e47fa0afc38
data/raw/CIFAKE/train/FAKE/1633 (6).jpg,1,fake,cifake,cifake,unknown,train,32,32,1dbb1fa0f2c8a46a697551afdf423d534b9ffab7973f167753f32c8055465c0f
data/raw/CIFAKE/train/FAKE/1675 (3).jpg,1,fake,cifake,cifake,unknown,train,32,32,174ec4f1da7030540e15a33ad3876207fb9d362a90bdb965ccc0e4f9b054af84
data/raw/CIFAKE/train/FAKE/1679 (3).jpg,1,fake,cifake,cifake,unknown,train,32,32,28fff95698b08cbd45d52f574ccbb9e7a015c24e9847db23f93baea6630a610c
data/raw/CIFAKE/train/FAKE/1694 (6).jpg,1,fake,cifake,cifake,unknown,train,32,32,821d70a3532ad9ad90dd7422e7d40f1ff95876fb3bc12b520679cfc0db71067c
data/raw/CIFAKE/train/FAKE/1703 (7).jpg,1,fake,cifake,cifake,unknown,train,32,32,9b764f63d17c09f1aa38fe3a88f5a936b60b62033a3af6e153798d4391b4d13e
data/raw/CIFAKE/train/FAKE/1709 (3).jpg,1,fake,cifake,cifake,unknown,train,32,32,dc21863d909499716434e3b43968229081599c210cae66371063d975bc15442a
data/raw/CIFAKE/train/FAKE/1734 (6).jpg,1,fake,cifake,cifake,unknown,train,32,32,6e4353b3cf289723c0640c828204383637f48630146d74f756f2db5c92496b5a
data/raw/CIFAKE/train/FAKE/1776 (6).jpg,1,fake,cifake,cifake,unknown,train,32,32,cc0c0755ce9bf097a43644a6da93ddd83668ba0420232bb1fb13fdeb43116639
data/raw/CIFAKE/train/FAKE/1777 (6).jpg,1,fake,cifake,cifake,unknown,train,32,32,0f26575c5c0cc79e8efda3356add9ce8aa6b36ed5a4c1b9900924c200a5c5df7
data/raw/CIFAKE/train/FAKE/1787 (6).jpg,1,fake,cifake,cifake,unknown,train,32,32,50db1c60d4d3522644cc3774fae291e8ac18ba93e6dc79db8ad267a13e2cbae8
data/raw/CIFAKE/train/FAKE/1810 (7).jpg,1,fake,cifake,cifake,unknown,train,32,32,7e9f6cae82a16a99593ada6e9f20ef4cd324494b3062a1332eab5bfbae089832
data/raw/CIFAKE/train/FAKE/1829 (7).jpg,1,fake,cifake,cifake,unknown,train,32,32,4cd84ff659ffb999559f5ee7639ee3e7f24804fa5c6245360e86ad14fbcd5db8
data/raw/CIFAKE/train/FAKE/1830 (3).jpg,1,fake,cifake,cifake,unknown,train,32,32,d9ac4b5058e1d7ab45316ae852a895f2918890f8b602a740cf894718c8398ced
data/raw/CIFAKE/train/FAKE/1831 (3).jpg,1,fake,cifake,cifake,unknown,train,32,32,3e8cf976cd1e8948a5275c5d20457be10867a87047c07116b7819b3adfe2272c
data/raw/CIFAKE/train/FAKE/1883 (6).jpg,1,fake,cifake,cifake,unknown,train,32,32,49da333fdaaf4f3db086d9ecdb5adeddd8c2637e86a4a6f3285e57998404015d
data/raw/CIFAKE/train/FAKE/1893 (6).jpg,1,fake,cifake,cifake,unknown,train,32,32,9282d830878c1698480235b4474e306aed6716e6834c0fcc3e50bebf82cb874b
data/raw/CIFAKE/train/FAKE/1899 (3).jpg,1,fake,cifake,cifake,unknown,train,32,32,bf1fb8dbb894373e3a0d8463c50f573abd3efec7de0a8d2e90e0fe1131bb48ab
data/raw/CIFAKE/train/FAKE/1920 (3).jpg,1,fake,cifake,cifake,unknown,train,32,32,615a3822161fac4beb02952024f4684a5739f8baf8fe0ab4c047c1fd378dff2d
data/raw/CIFAKE/train/FAKE/1921 (6).jpg,1,fake,cifake,cifake,unknown,train,32,32,7ba4e90573542bc51ae4fda16332aa68d18eddd0022da162f0c224ae1b1b0161
data/raw/CIFAKE/train/FAKE/1928 (3).jpg,1,fake,cifake,cifake,unknown,train,32,32,cfee941e34eb5b5216704a792fb88d2a24cececb9588af4d7d98e50abb67217c
data/raw/CIFAKE/train/FAKE/1935 (3).jpg,1,fake,cifake,cifake,unknown,train,32,32,c81f5756c527bad81276c05be84b44485b76d6e429f8253c7bdd773d2c4a6373
data/raw/CIFAKE/train/FAKE/1963 (6).jpg,1,fake,cifake,cifake,unknown,train,32,32,9d91841d51ff8a30444c1f015f5bf2777581a1247ba1c97138cf48f71e97bb81
data/raw/CIFAKE/train/FAKE/1963 (7).jpg,1,fake,cifake,cifake,unknown,train,32,32,6806f23f51c48bbf31197085756d1674d1500bd02d1393fe133978a9e5172ba2
data/raw/CIFAKE/train/FAKE/1969 (7).jpg,1,fake,cifake,cifake,unknown,train,32,32,b14acd8c2fa8739318d478f3b5b35343ac92524d11e97f4fb08b2fc3e15fc88e
data/raw/CIFAKE/train/FAKE/1974 (6).jpg,1,fake,cifake,cifake,unknown,train,32,32,b4eecfdac3b892134da04ee447470d24a1d23bdd5a36f564508b782dd1bae408
data/raw/CIFAKE/train/FAKE/1984 (7).jpg,1,fake,cifake,cifake,unknown,train,32,32,4130cb7b27b2fd3b08c4491cd3493c10da010e5e915dfd72b1ca0861b140bdcd
data/raw/CIFAKE/train/FAKE/2064 (3).jpg,1,fake,cifake,cifake,unknown,train,32,32,221f9c3bf1b17bcb2e171c2a4ea6551ffa8c08894efb6a8ba7a4c8e02a5b1c74
data/raw/CIFAKE/train/FAKE/2087 (7).jpg,1,fake,cifake,cifake,unknown,train,32,32,0bc748c49dd599d0be1de079cd81dd75537247eb96aefe1b3861075e1a18afb7
data/raw/CIFAKE/train/FAKE/2089 (7).jpg,1,fake,cifake,cifake,unknown,train,32,32,673321da605c88893ebc204d7cd93a9686778ea4a3b38c19f1c7c9862abc1273
data/raw/CIFAKE/train/FAKE/2099 (7).jpg,1,fake,cifake,cifake,unknown,train,32,32,4d723c279bffd230b71297fc314afd76085418fd96aa15b3bc1b7790be715511
data/raw/CIFAKE/train/FAKE/2110 (7).jpg,1,fake,cifake,cifake,unknown,train,32,32,634bb1f4fb0c04116a34969767938b6c8bb926134f4c26004e6bf732d294d540
data/raw/CIFAKE/train/FAKE/2111 (6).jpg,1,fake,cifake,cifake,unknown,train,32,32,d3e9febea314709c68be0ced373a31bded18f87370b2903e726cb31c4e834d1a
data/raw/CIFAKE/train/FAKE/2115 (6).jpg,1,fake,cifake,cifake,unknown,train,32,32,63b46ff9ac31128edecc716b80647a9e3aabf58943ce3e311210d623da1ea2bb
data/raw/CIFAKE/train/FAKE/2118 (3).jpg,1,fake,cifake,cifake,unknown,train,32,32,aa079f854d18460bf0c4b2eafc88e49305740304e0647684cf7795f9874c1afa
data/raw/CIFAKE/train/FAKE/2129 (7).jpg,1,fake,cifake,cifake,unknown,train,32,32,b22a851491773649122c19a69fd8a36c1757cfcae504680f9b9f4b0a38d74898
data/raw/CIFAKE/train/FAKE/2132 (3).jpg,1,fake,cifake,cifake,unknown,train,32,32,b0f1c146f6ba8efb5a04d68c67bf4dea2f98150b77bc7b9f8d720763c67b2bba
data/raw/CIFAKE/train/FAKE/2134 (7).jpg,1,fake,cifake,cifake,unknown,train,32,32,97c5788201c02b60078fe96e44b3b19a0203f02afbb04973b7be1863ab25332b
data/raw/CIFAKE/train/FAKE/2167 (3).jpg,1,fake,cifake,cifake,unknown,train,32,32,20e0d2d83c6b3cf5dcdd028d9a03d4ee902e1b427230bd73a0fdc58c54316213
data/raw/CIFAKE/train/FAKE/2173 (7).jpg,1,fake,cifake,cifake,unknown,train,32,32,5ead59c9264ba91f5d60b0c0427655751336f6d3ed92e5f03e535d4abfd28cfb
data/raw/CIFAKE/train/FAKE/2175 (7).jpg,1,fake,cifake,cifake,unknown,train,32,32,06e977502a61efe62de2887d7caf1fcde7dfda7feb134cc63d26984cd4bf61df
data/raw/CIFAKE/train/FAKE/2181 (3).jpg,1,fake,cifake,cifake,unknown,train,32,32,467f33719133ea102c1aa38f1d5a9092ee19ab16f216e5be76de69cbf4665c99
data/raw/CIFAKE/train/FAKE/2238 (7).jpg,1,fake,cifake,cifake,unknown,train,32,32,a5d0452b0476baf0c2e5113423f34e35fac3ae40370af2a3f86e1c84cd801062
data/raw/CIFAKE/train/FAKE/2245 (3).jpg,1,fake,cifake,cifake,unknown,train,32,32,883518cf2291b0de2abda31585642c1cb9e5aabd4e7af922856d4e3be01ba6be
data/raw/CIFAKE/train/FAKE/2267 (7).jpg,1,fake,cifake,cifake,unknown,train,32,32,36d5ef38ee022550c9dd2ca843499fc2268cbc669992b42babd42ddd1aa3dfda
data/raw/CIFAKE/train/FAKE/2275 (6).jpg,1,fake,cifake,cifake,unknown,train,32,32,4a35fa63a3bd371c4b8ca3417e2925cab3f51fd91a7b4440589f7b86cba05fa5
data/raw/CIFAKE/train/FAKE/2277 (6).jpg,1,fake,cifake,cifake,unknown,train,32,32,81df6edbb46f7c3242309b6e2e3410e0590158cc0c2b285382c309208baa6a03
data/raw/CIFAKE/train/FAKE/2305 (7).jpg,1,fake,cifake,cifake,unknown,train,32,32,eaa9d04fd72363d4a171d342731434aba61ec4fbab3eb31c927f0f4661da9ef7
data/raw/CIFAKE/train/FAKE/2319 (3).jpg,1,fake,cifake,cifake,unknown,train,32,32,51bb62df168e84abdae28104b439a05a4bbcb8b211308efba43c07ec2daba230
data/raw/CIFAKE/train/FAKE/2319 (6).jpg,1,fake,cifake,cifake,unknown,train,32,32,9bfcfc174b0412c1a01a82d34c7aaa633db0db7488f5d3f2dfa16e737a787928
data/raw/CIFAKE/train/FAKE/2323 (6).jpg,1,fake,cifake,cifake,unknown,train,32,32,92dbd5197934c2fd672db0f052ae201b7e401f01034590a37120b78861252b17
data/raw/CIFAKE/train/FAKE/2347 (7).jpg,1,fake,cifake,cifake,unknown,train,32,32,1c807d4011278555c0359d182e6854935e8c8a070640e11567e053afa322e896
data/raw/CIFAKE/train/FAKE/2361 (7).jpg,1,fake,cifake,cifake,unknown,train,32,32,0b33f80f310adfc20e15a17ab21ffbbd6d0e5511e3ec7afe2e174f49a540427d
data/raw/CIFAKE/train/FAKE/2371 (3).jpg,1,fake,cifake,cifake,unknown,train,32,32,7424aa01c5cd7b992423804800590b6d704e8fd1eff5eafbb7db16be78f9eac8
data/raw/CIFAKE/train/FAKE/2378 (7).jpg,1,fake,cifake,cifake,unknown,train,32,32,21f6a7e3f076cb432e3912205a8b98b0cf9c97337b524d3ffbf52ec1a19cf02f
data/raw/CIFAKE/train/FAKE/2384 (6).jpg,1,fake,cifake,cifake,unknown,train,32,32,f93034c4abeacdde78ddef26e867fcc7ee570c63eed97b158b0e1ca4dc65d590
data/raw/CIFAKE/train/FAKE/2409 (3).jpg,1,fake,cifake,cifake,unknown,train,32,32,252717e95f6b35385746e84e6940d8e06e4a01cbf7c275ef450aedf0bf91d87a
data/raw/CIFAKE/train/FAKE/2417 (7).jpg,1,fake,cifake,cifake,unknown,train,32,32,dd3b93cf7faa9df26d6221c9734ededef62bb8768a8ea5f4b0a3b0178f4be760
data/raw/CIFAKE/train/FAKE/2422 (6).jpg,1,fake,cifake,cifake,unknown,train,32,32,1ce9d101ecd6c50ee0105f7d6127ee3e1b6a09de73b607593da8bb2701563e3e
data/raw/CIFAKE/train/FAKE/2426 (6).jpg,1,fake,cifake,cifake,unknown,train,32,32,63230483cac7c947032e455abe615e052eb6d8aed31f3f94087088dc529c3ebf
data/raw/CIFAKE/train/FAKE/2451 (7).jpg,1,fake,cifake,cifake,unknown,train,32,32,ab90a734ae23a11ed565e7acd924b8051c64bf3220f662ac39db4cb858ad8d73
data/raw/CIFAKE/train/FAKE/2455 (6).jpg,1,fake,cifake,cifake,unknown,train,32,32,d1ca89379e6447e8d2f82c010cc4f82fb88c9187bb71b52d748c3a58e38d138b
data/raw/CIFAKE/train/FAKE/2457 (3).jpg,1,fake,cifake,cifake,unknown,train,32,32,89ff3e5156cd91395db138fd24cf54fa4e933c626bcf341b6d0fe328b91fc41b
data/raw/CIFAKE/train/FAKE/2458 (3).jpg,1,fake,cifake,cifake,unknown,train,32,32,e8e18e0b37ecb134a73573c94610e8d3a046575c19ebd3abdec47ccb594d65c7
data/raw/CIFAKE/train/FAKE/2466 (7).jpg,1,fake,cifake,cifake,unknown,train,32,32,c5234296950e25e9546c4ea7444b95e2598a9b3b2d52e666be506594b75a6693
data/raw/CIFAKE/train/FAKE/2474 (6).jpg,1,fake,cifake,cifake,unknown,train,32,32,9627d575051c19924d25c03a1154b1d58a77501295057b381513d5abb6181f8e
data/raw/CIFAKE/train/FAKE/2479 (6).jpg,1,fake,cifake,cifake,unknown,train,32,32,cb0c024aae62337ab5e70aa0bb26c5326996c70d33786075f604afb8362a869c
data/raw/CIFAKE/train/FAKE/2492 (3).jpg,1,fake,cifake,cifake,unknown,train,32,32,9f16fc55fcde81012c8c4e506fd1b59931b375903ff9ebfe445ba43469a61a3c
data/raw/CIFAKE/train/FAKE/2506 (7).jpg,1,fake,cifake,cifake,unknown,train,32,32,2ea31542abb96a1e8b8dd8c1b23407548ea2008bc20994d22bb8332a38f347fe
data/raw/CIFAKE/train/FAKE/2508 (7).jpg,1,fake,cifake,cifake,unknown,train,32,32,909d08989824160371a89f7b81ddbbf16cebafea453f2aae3c428e8a36ff978f
data/raw/CIFAKE/train/FAKE/2534 (3).jpg,1,fake,cifake,cifake,unknown,train,32,32,4c29db05eb46485d45ef66c9ef8f72024ef89ed8f56a42760e83a9768d953ac0
data/raw/CIFAKE/train/FAKE/2562 (6).jpg,1,fake,cifake,cifake,unknown,train,32,32,d6750a6b977b5ed17eb7cd17abb0f420bf032309aab499d4c37776f00583406b
data/raw/CIFAKE/train/FAKE/2564 (6).jpg,1,fake,cifake,cifake,unknown,train,32,32,bd64255dd5a171d2585d6b8b01a21162ea6a90886388d0fb9b792613dcfe2da0
data/raw/CIFAKE/train/FAKE/2592 (7).jpg,1,fake,cifake,cifake,unknown,train,32,32,5b56fe610e58478e2cf3d6acca509fec0eecdb775ecf0db86a9c9acf6d8236e7
data/raw/CIFAKE/train/FAKE/2593 (6).jpg,1,fake,cifake,cifake,unknown,train,32,32,4eac5146514dd50a17729261c36001e24720670feac4610e417829787ad57926
data/raw/CIFAKE/train/FAKE/2605 (7).jpg,1,fake,cifake,cifake,unknown,train,32,32,a59af6156c12d57dc82134f17727afd5ef75039bad3d126bee382fc105318f6b
data/raw/CIFAKE/train/FAKE/2629 (7).jpg,1,fake,cifake,cifake,unknown,train,32,32,60e6bce6f554a8fd81c16a08e3354053a5db46b1ee740b9df6dc8aae23c0679a
data/raw/CIFAKE/train/FAKE/2636 (3).jpg,1,fake,cifake,cifake,unknown,train,32,32,a7b36dd1d64a34ed8e40fe84fa473638e1f93378727757b9399f0f6a4a9ca8e9
data/raw/CIFAKE/train/FAKE/2674 (6).jpg,1,fake,cifake,cifake,unknown,train,32,32,1800c51062e18b471aecd1563efafeafbc41807b7d63acc6fdf3f185226cd400
data/raw/CIFAKE/train/FAKE/2679 (3).jpg,1,fake,cifake,cifake,unknown,train,32,32,b69d385972e6bfdaf466b83321d7d9dd86b26cdd12901d316dc896c9cd05d950
data/raw/CIFAKE/train/FAKE/2693 (7).jpg,1,fake,cifake,cifake,unknown,train,32,32,33e3e49887eba1f539b593ad799f9d6cff9b7043105462986ecaccd85d1f958a
data/raw/CIFAKE/train/FAKE/2708 (7).jpg,1,fake,cifake,cifake,unknown,train,32,32,7755d0675f4532a4dbfbd6a915c9c4680e14c5cf68da484a5cacd2b067ce898d
data/raw/CIFAKE/train/FAKE/2729 (7).jpg,1,fake,cifake,cifake,unknown,train,32,32,8f89530e9d10b249c28e36dda1af364a150cb18a5b9ba3e266b364ae6e766a7a
data/raw/CIFAKE/train/FAKE/2730 (6).jpg,1,fake,cifake,cifake,unknown,train,32,32,8e6209ce874ba69d3a07029a9d3a601b116b0921253fb05983954996528d90a0
data/raw/CIFAKE/train/FAKE/2770 (7).jpg,1,fake,cifake,cifake,unknown,train,32,32,8119c3756ed859030b4d9424b05af9e31cbf3f51c89d35921490f063e765797e
data/raw/CIFAKE/train/FAKE/2776 (3).jpg,1,fake,cifake,cifake,unknown,train,32,32,970b04f2af65fd729457eb39e28dfe51fab3ab31c45bef99eb55c0bded9df299
data/raw/CIFAKE/train/FAKE/2776 (7).jpg,1,fake,cifake,cifake,unknown,train,32,32,d8f65ac8979914bd14f2d78b1f3202519e8436e1a4d3cc4ce08639f8b8977a0a
data/raw/CIFAKE/train/FAKE/2786 (7).jpg,1,fake,cifake,cifake,unknown,train,32,32,3e6dae57cb2484ace7d3dc2fece401e857a39dae9b6a3d497d0df07eac1f0b77
data/raw/CIFAKE/train/FAKE/2793 (6).jpg,1,fake,cifake,cifake,unknown,train,32,32,23ad1b0d132e3487591043ee9ce75a110afc76a3a9fccfdf2b933774c6618bfc
data/raw/CIFAKE/train/FAKE/2806 (7).jpg,1,fake,cifake,cifake,unknown,train,32,32,e9fc9263a1c4ecad0aff9bdece9c67998e6d5e5103a6f2bd8f39eaf6ad4705ed
data/raw/CIFAKE/train/FAKE/2812 (7).jpg,1,fake,cifake,cifake,unknown,train,32,32,e5d90109dbcc70db88d98df3cbdc215ff78c8c273fb50432a07a182a44141c8b
data/raw/CIFAKE/train/FAKE/2818 (7).jpg,1,fake,cifake,cifake,unknown,train,32,32,e3e24e8a93ecddbf0e437d99eb7c16b1a581d6b368ca7c70901f48f414602f32
data/raw/CIFAKE/train/FAKE/2845 (3).jpg,1,fake,cifake,cifake,unknown,train,32,32,36738e167437d6d25bb2831f352d9c4ac4bb142a65f1a9e54e23e7c2d8a8118c
data/raw/CIFAKE/train/FAKE/2860 (3).jpg,1,fake,cifake,cifake,unknown,train,32,32,464e2a64d199b0b1923cb888d7676af970a37979996494e39ad0b4699319d1e6
data/raw/CIFAKE/train/FAKE/2873 (7).jpg,1,fake,cifake,cifake,unknown,train,32,32,3d816a97322b863c1da40752f8ae433c8600317a17d10a4bd308c2758c2a021f
data/raw/CIFAKE/train/FAKE/2876 (6).jpg,1,fake,cifake,cifake,unknown,train,32,32,fefe6c5403e46a3d4251915a84c3d1498b49523b9d55eb4d72de684ce9dfa4c8
data/raw/CIFAKE/train/FAKE/2898 (7).jpg,1,fake,cifake,cifake,unknown,train,32,32,cac612fe0093a186452b9ad330d0727c6837b2920473fa1b69bf4e1dce611bc6
data/raw/CIFAKE/train/FAKE/2934 (6).jpg,1,fake,cifake,cifake,unknown,train,32,32,0b891b5abe0e601d0268d492b55f868e08ed91aa75dce9d44ae09edd1fabd7dc
data/raw/CIFAKE/train/FAKE/2939 (7).jpg,1,fake,cifake,cifake,unknown,train,32,32,107675d7cb93781d073235218f3ec41477b5de360a8aeede0e3a4d2b30ceffa3
data/raw/CIFAKE/train/FAKE/2949 (3).jpg,1,fake,cifake,cifake,unknown,train,32,32,2a068947ab45587dd8c8fd5592e2e538188701bb1f4047417f212e90f072589b
data/raw/CIFAKE/train/FAKE/2984 (3).jpg,1,fake,cifake,cifake,unknown,train,32,32,d0a2ef7dad4cf4c94ed3adc83fc32b124440c7fbc4bf353038d623a31478a50d
data/raw/CIFAKE/train/FAKE/2987 (7).jpg,1,fake,cifake,cifake,unknown,train,32,32,203be01c5b48b0a06a4d84d11f69607f59f680ab243fce2aab36c5e1659283f2
data/raw/CIFAKE/train/FAKE/3006 (3).jpg,1,fake,cifake,cifake,unknown,train,32,32,c3b1e5f8c4011c2fe6e4392d4c155a3459ec6d01924931467edd5258e34c6c8c
data/raw/CIFAKE/train/FAKE/3019 (6).jpg,1,fake,cifake,cifake,unknown,train,32,32,2f169ce11163552c7b63c8dc5d26fc329efabff96df968c7de9e4b7e0fe43db1
data/raw/CIFAKE/train/FAKE/3033 (6).jpg,1,fake,cifake,cifake,unknown,train,32,32,c4ec2df49a1d245604d23887dfe7f40a82f8d9c2f6f0361de42c15b67a189b5f
data/raw/CIFAKE/train/FAKE/3052 (7).jpg,1,fake,cifake,cifake,unknown,train,32,32,1e95a10004281dd785211d087282251be79a5ec46b656af489dc551eed9359b4
data/raw/CIFAKE/train/FAKE/3053 (3).jpg,1,fake,cifake,cifake,unknown,train,32,32,80fe8f8965f6ef9605bcee7bfc56992ff785655719ba7dac3ca85c73297e4209
data/raw/CIFAKE/train/FAKE/3056 (6).jpg,1,fake,cifake,cifake,unknown,train,32,32,aa00676ed2a8b8296b0d8c7b3a3e288a7de6826f8291d0ffe6cfc16e1756913a
data/raw/CIFAKE/train/FAKE/3063 (7).jpg,1,fake,cifake,cifake,unknown,train,32,32,30778525b1efbe49aca2ce235ea7cab2297ae06fdf3fe016c5eacb74b5820523
data/raw/CIFAKE/train/FAKE/3064 (7).jpg,1,fake,cifake,cifake,unknown,train,32,32,3c7d0b50dae0f78443d3a717cad545c3a520a0b5dea2f47dd96d4fbd93fe2560
data/raw/CIFAKE/train/FAKE/3069 (3).jpg,1,fake,cifake,cifake,unknown,train,32,32,8919d72d92b71eacff4f70bca8fcb51ce7988209f454a050ce7d618a62bd977b
data/raw/CIFAKE/train/FAKE/3108 (6).jpg,1,fake,cifake,cifake,unknown,train,32,32,25b620c9669f49608774d5ce57c7505233728ae4ab09a702b6b26fa4a64aff86
data/raw/CIFAKE/train/FAKE/3109 (3).jpg,1,fake,cifake,cifake,unknown,train,32,32,0c0f4de637684e31741fa4f539814fc86c01791325e69cd0a80ed044b98e86a9
data/raw/CIFAKE/train/FAKE/3118 (7).jpg,1,fake,cifake,cifake,unknown,train,32,32,816d6a89250db15ca5b9134fb50617dcacb5f836514a2260f1a3f8365cf3d930
data/raw/CIFAKE/train/FAKE/3131 (6).jpg,1,fake,cifake,cifake,unknown,train,32,32,ca3885b7f83abc633dbf08b96402d7bcf64fe2e8ab435dc42e6cc2d7f22b8c34
data/raw/CIFAKE/train/FAKE/3165 (3).jpg,1,fake,cifake,cifake,unknown,train,32,32,4b992d51b1b5c795e59044489e4069029351cd97a030df3548df6dc590ab8a8d
data/raw/CIFAKE/train/FAKE/3173 (7).jpg,1,fake,cifake,cifake,unknown,train,32,32,c4e73a82dc02321949ed176c21477869af9d7ef0a1d8eb9c8ae4db98d90a49a5
data/raw/CIFAKE/train/FAKE/3179 (6).jpg,1,fake,cifake,cifake,unknown,train,32,32,44348c7d978b9fa6f6078a39f557679b5fe658ba7044afa0efd54e71050e8c1d
data/raw/CIFAKE/train/FAKE/3184 (7).jpg,1,fake,cifake,cifake,unknown,train,32,32,fffc4896d3bda78dda33475d8749e07ca486060efe18d567a11d96b021788f15
data/raw/CIFAKE/train/FAKE/3217 (7).jpg,1,fake,cifake,cifake,unknown,train,32,32,bfa2f0c8b85ed5336f26e8b4b0a15224939ace070d60ccf1d8dd63acb87c8a96
data/raw/CIFAKE/train/FAKE/3219 (7).jpg,1,fake,cifake,cifake,unknown,train,32,32,78e587593e2cc94f19f0159fe1a1848d0786172325d014bd1aec40893f341105
data/raw/CIFAKE/train/FAKE/3267 (7).jpg,1,fake,cifake,cifake,unknown,train,32,32,93a2e2b7bc3b00203994db3fbb62b6fbc44be93b4c8b8619c036b3c8dbd42aaf
data/raw/CIFAKE/train/FAKE/3281 (6).jpg,1,fake,cifake,cifake,unknown,train,32,32,4b918404563f98db938c1b8f9df018401d30b52a29ec51f20e956aa1a0c6f6a4
data/raw/CIFAKE/train/FAKE/3287 (7).jpg,1,fake,cifake,cifake,unknown,train,32,32,356cf991e4691ee05e776ea20eea733dbe023709973f6663f472ad077a1e767a
data/raw/CIFAKE/train/FAKE/3294 (6).jpg,1,fake,cifake,cifake,unknown,train,32,32,c1825fb9b50d95bf045ba595f5758e9d312466450873dc8534fa0aa289a84101
data/raw/CIFAKE/train/FAKE/3306 (3).jpg,1,fake,cifake,cifake,unknown,train,32,32,5f1216fcff0b76e1205954f63e2b13b11ac1b6e6d7655cb7b4ee08adcf8ba5ea
data/raw/CIFAKE/train/FAKE/3320 (7).jpg,1,fake,cifake,cifake,unknown,train,32,32,ac05bcba323b5491d2d20951ff53915f3c7400e7bf32c57200c6f97f018e9d36
data/raw/CIFAKE/train/FAKE/3325 (7).jpg,1,fake,cifake,cifake,unknown,train,32,32,560a85eb42491f6369bbbeb474f0f530a07f26c742dedae7751e4f23a7a9788d
data/raw/CIFAKE/train/FAKE/3338 (3).jpg,1,fake,cifake,cifake,unknown,train,32,32,6766e472960a24c7302ac2856b81e93cfa70266f3c681389e92a41af4431d2fd
data/raw/CIFAKE/train/FAKE/3340 (3).jpg,1,fake,cifake,cifake,unknown,train,32,32,45bde3465ba84132eb4374ab6beef3fb5976390e2260a5655b7f4d2bbbdc2e11
data/raw/CIFAKE/train/FAKE/3350 (3).jpg,1,fake,cifake,cifake,unknown,train,32,32,ec496fd585f825038e443e87faedbebdb9b9a1cd1e01231c1591db6a1d74289e
data/raw/CIFAKE/train/FAKE/3360 (3).jpg,1,fake,cifake,cifake,unknown,train,32,32,639b0d83f65915265deaa8cf3eb1be65884a57673521e2108c72587eca9197e4
data/raw/CIFAKE/train/FAKE/3366 (6).jpg,1,fake,cifake,cifake,unknown,train,32,32,55508bce7d8ee6667c395e228c82e1c01ec7ea0ad302e1f1e85b72edbaee9230
data/raw/CIFAKE/train/FAKE/3381 (6).jpg,1,fake,cifake,cifake,unknown,train,32,32,c52939c9a9935ce82f519ba0e4fae68de858c1489151559fd37a5f6695c1811d
data/raw/CIFAKE/train/FAKE/3382 (3).jpg,1,fake,cifake,cifake,unknown,train,32,32,00713675b875db35827a7419931373840f255b96bcb0ccc523581946d799d369
data/raw/CIFAKE/train/FAKE/3385 (3).jpg,1,fake,cifake,cifake,unknown,train,32,32,5c2fa11e608e7ed410f913838f37d9aaea694ec7cedf4e8f761175bdd4d5cf34
data/raw/CIFAKE/train/FAKE/3390 (7).jpg,1,fake,cifake,cifake,unknown,train,32,32,906d7b9a040961f1defb732b3e7099e63839a20ee0d14e5c3c53db4c56ce79c0
data/raw/CIFAKE/train/FAKE/3445 (7).jpg,1,fake,cifake,cifake,unknown,train,32,32,740f76fc5b81a53e00e227680a4ed737d33a12a3dd7c92393c59ec2a439bd631
data/raw/CIFAKE/train/FAKE/3446 (3).jpg,1,fake,cifake,cifake,unknown,train,32,32,92d8af0322c9bc553659ee5bbe8817384df08130a78d08a98e4735d316515bba
data/raw/CIFAKE/train/FAKE/3446 (7).jpg,1,fake,cifake,cifake,unknown,train,32,32,200a6b705973245862961fd55aa41c0d3933dbe6fcf6fad9629e2a853ee8cd18
data/raw/CIFAKE/train/FAKE/3447 (6).jpg,1,fake,cifake,cifake,unknown,train,32,32,f8642af9b1287a529de7599fc24315c83b9c80aeccabc79848820d7f4d4889fe
data/raw/CIFAKE/train/FAKE/3460 (6).jpg,1,fake,cifake,cifake,unknown,train,32,32,c1a988382876bf44b36fd1731d292c828c0856f63c6bc183f8e98b601b93840b
data/raw/CIFAKE/train/FAKE/3482 (6).jpg,1,fake,cifake,cifake,unknown,train,32,32,8000a9fa87bba879bf410dd21065452b76da9ed95fe760b22b205e931a6da6d4
data/raw/CIFAKE/train/FAKE/3510 (6).jpg,1,fake,cifake,cifake,unknown,train,32,32,2e23f9777ee6f3b8894bc92a4d42e5f9d7f79f704a95cd81ea6ee1b075ac82a9
data/raw/CIFAKE/train/FAKE/3511 (3).jpg,1,fake,cifake,cifake,unknown,train,32,32,387e5a57fc18e9add8d811203afb0a62d40cf5efd29d05da013dafaf0e9014fe
data/raw/CIFAKE/train/FAKE/3526 (7).jpg,1,fake,cifake,cifake,unknown,train,32,32,bacadbe188b0adda0e67d2df0f65994024c6cb84723b25e13c0971dff3976657
data/raw/CIFAKE/train/FAKE/3529 (6).jpg,1,fake,cifake,cifake,unknown,train,32,32,f8703f8e4021f68b6d23407a670a255bf21b04218be599f3dd44bd4ecfa2a98a
data/raw/CIFAKE/train/FAKE/3564 (3).jpg,1,fake,cifake,cifake,unknown,train,32,32,cb92784d70ecaf4f459f4aa8bcb2a4838f5d761dff06c07f588c4eb94a1d0a42
data/raw/CIFAKE/train/FAKE/3602 (3).jpg,1,fake,cifake,cifake,unknown,train,32,32,c6054a9fe0021eeb188e74073c8bc797924e6507263a30c6b852745b14309b69
data/raw/CIFAKE/train/FAKE/3602 (6).jpg,1,fake,cifake,cifake,unknown,train,32,32,68347aa23b5804b7e4b5051be11d04b1304694ed193be2eae9ba9fd884191673
data/raw/CIFAKE/train/FAKE/3616 (6).jpg,1,fake,cifake,cifake,unknown,train,32,32,f5be9f19626ebe931e8585f6d06671c2bc924f1c0df0b67f03551ef262529b19
data/raw/CIFAKE/train/FAKE/3623 (3).jpg,1,fake,cifake,cifake,unknown,train,32,32,da4382261220107e73193c65beebc2d12643056d507c37f7285653aa355598c7
data/raw/CIFAKE/train/FAKE/3626 (3).jpg,1,fake,cifake,cifake,unknown,train,32,32,9d3a7c7d4e3279defa9622650ddeef30d02a54f6a0aea8abc59fcccc9826fad0
data/raw/CIFAKE/train/FAKE/3658 (6).jpg,1,fake,cifake,cifake,unknown,train,32,32,48f52b7679c28069b9aa171750c5104e0330b5ab32ccce03d88b25ee56355544
data/raw/CIFAKE/train/FAKE/3659 (7).jpg,1,fake,cifake,cifake,unknown,train,32,32,31e8ba010938e3c408c69c1549ba78888f3489ce220afed88cea845c5490eced
data/raw/CIFAKE/train/FAKE/3683 (6).jpg,1,fake,cifake,cifake,unknown,train,32,32,894d4caa016d8f99a42c00187e916e4958f02ab7b7270ce108c06b412082703a
data/raw/CIFAKE/train/FAKE/3704 (6).jpg,1,fake,cifake,cifake,unknown,train,32,32,17cffb894389fac2996e9d600a0ef09930f1f3eb127d9d9a0339240fd922623c
data/raw/CIFAKE/train/FAKE/3737 (7).jpg,1,fake,cifake,cifake,unknown,train,32,32,2ea7475299024d93b5644ce37f1c04d9269584bb340dacd9fc035eca976d8309
data/raw/CIFAKE/train/FAKE/3748 (7).jpg,1,fake,cifake,cifake,unknown,train,32,32,95944bc40ab00083ba5a25f3acde5181d94467388d486d8123165c56e39c47d6
data/raw/CIFAKE/train/FAKE/3750 (3).jpg,1,fake,cifake,cifake,unknown,train,32,32,5a1fae707ade7713a57a5318d2bf57dce0677ff96924b2354e8c6e0ca689aec9
data/raw/CIFAKE/train/FAKE/3754 (6).jpg,1,fake,cifake,cifake,unknown,train,32,32,4c89848300b720ff4e95acd0055650c15e91e77cda90789634f6c18f546f00ff
data/raw/CIFAKE/train/FAKE/3780 (3).jpg,1,fake,cifake,cifake,unknown,train,32,32,90279fb37f119711bbdef617a228baf09a8878367cbb4023c93e2abe443f6193
data/raw/CIFAKE/train/FAKE/3782 (6).jpg,1,fake,cifake,cifake,unknown,train,32,32,d3a54412c58082bbce31cf9128f736df900d7ce6c07a4ee76e5a53823aa6b84e
data/raw/CIFAKE/train/FAKE/3814 (7).jpg,1,fake,cifake,cifake,unknown,train,32,32,ae312aa29f4533f1761a52c93b56ed55404923059c23003cbba7c266d0cb00c6
data/raw/CIFAKE/train/FAKE/3836 (7).jpg,1,fake,cifake,cifake,unknown,train,32,32,f3e43c87bbe566ebf79c556b53bafa79ea5d9ce6b7cc02a0423182c17416c2c7
data/raw/CIFAKE/train/FAKE/3841 (7).jpg,1,fake,cifake,cifake,unknown,train,32,32,6d4d03e5475448b187b6ce53110b9595870312483e939afd39aa76a84b94679e
data/raw/CIFAKE/train/FAKE/3842 (3).jpg,1,fake,cifake,cifake,unknown,train,32,32,70be1e41a54237897f3440493a89f7f036409af7f94f2b5918625bbf2f479589
data/raw/CIFAKE/train/FAKE/3859 (7).jpg,1,fake,cifake,cifake,unknown,train,32,32,5a11cfcf65709b1a72e7fd35a27d80e2451ebc40ec52a365f816e3fd4fbc93e7
data/raw/CIFAKE/train/FAKE/3860 (3).jpg,1,fake,cifake,cifake,unknown,train,32,32,350f2291620a9df9be8b3070a3d73bd0402b435b547310978bb469d3e8a0ae36
data/raw/CIFAKE/train/FAKE/3883 (3).jpg,1,fake,cifake,cifake,unknown,train,32,32,8b3d3c723f7bc2c294448154105500175ecafe7406730b356163dfa98a7378f6
data/raw/CIFAKE/train/FAKE/3897 (6).jpg,1,fake,cifake,cifake,unknown,train,32,32,b1b28e9be013f03b3da005ff961b42860212a5ec949a59fbcf4de21bb0d833dc
data/raw/CIFAKE/train/FAKE/3903 (3).jpg,1,fake,cifake,cifake,unknown,train,32,32,80dc1903cc913f9ce82afa37cd43c775fcea4e6b2b633cfa9c766a0b7c66602e
data/raw/CIFAKE/train/FAKE/3903 (6).jpg,1,fake,cifake,cifake,unknown,train,32,32,961b3cc979fc0348838c6e6b1f621e2039b0a9fd014be10e19d80411fa0d0626
data/raw/CIFAKE/train/FAKE/3942 (6).jpg,1,fake,cifake,cifake,unknown,train,32,32,f621f67f101bf35679f1be1038dd25ad5370e75dfa40f89e4688c459e88d49b3
data/raw/CIFAKE/train/FAKE/3950 (3).jpg,1,fake,cifake,cifake,unknown,train,32,32,55cd86884560e30dc356adc121c33ed5237fb3e8d924c8996795d940b0a5c123
data/raw/CIFAKE/train/FAKE/3979 (7).jpg,1,fake,cifake,cifake,unknown,train,32,32,c370f7123bfe0455bcc95672c20a2edc42610f58f444f7cd815344a03446a8d0
data/raw/CIFAKE/train/FAKE/3989 (6).jpg,1,fake,cifake,cifake,unknown,train,32,32,806053dfa2631c8adaa012aa1b71e6879bbae7f8136e2eaf3fed85c3a2fde33b
data/raw/CIFAKE/train/FAKE/4016 (7).jpg,1,fake,cifake,cifake,unknown,train,32,32,953dd3bf77ea520a21ffed71167fcd08b86f19f8b35c3b448a3f0f59dc22b0c5
data/raw/CIFAKE/train/FAKE/4018 (3).jpg,1,fake,cifake,cifake,unknown,train,32,32,4e5f7da5f0acf417091712053cb763228e4d124d9ee71ee6a9c7a9ca71e592d8
data/raw/CIFAKE/train/FAKE/4037 (6).jpg,1,fake,cifake,cifake,unknown,train,32,32,a06b79debf6aa35fe0c359a3d629d9a6c01d3404edf83fad51eb34969db530a7
data/raw/CIFAKE/train/FAKE/4048 (7).jpg,1,fake,cifake,cifake,unknown,train,32,32,89a116b4c6c330993cb5def34196f20f736a8071febe264c779288c8465866cd
data/raw/CIFAKE/train/FAKE/4072 (3).jpg,1,fake,cifake,cifake,unknown,train,32,32,0a610634ad8b2bc95f2a44dcd6d5681bed65e312218bf4cb7675db6644b235db
data/raw/CIFAKE/train/FAKE/4105 (6).jpg,1,fake,cifake,cifake,unknown,train,32,32,8b2edb4b4ba807c96143d3d90d1e4e98f0aaa376e44d00c5d0db11c10440e724
data/raw/CIFAKE/train/FAKE/4126 (7).jpg,1,fake,cifake,cifake,unknown,train,32,32,4462d4ecda80e6d8d49b6ac721c5343f077ace2180201a3f6282ef43d6ce3c55
data/raw/CIFAKE/train/FAKE/4165 (6).jpg,1,fake,cifake,cifake,unknown,train,32,32,ce6cd36af8d6fe319f233fc9fd75ae946bbf6db31ea9a2834da12dd196311930
data/raw/CIFAKE/train/FAKE/4182 (7).jpg,1,fake,cifake,cifake,unknown,train,32,32,ee29dac34b7c17fd9133dd7a45bb92c6325c7fe5f32cd5116af3e3cfe97ccfb0
data/raw/CIFAKE/train/FAKE/4183 (7).jpg,1,fake,cifake,cifake,unknown,train,32,32,0c06be7467fe66be1a878cb501f36b1672fc69ff0c44f21675dc0ec660372308
data/raw/CIFAKE/train/FAKE/4195 (7).jpg,1,fake,cifake,cifake,unknown,train,32,32,eb063dd55f79088dc3a577b5064992d7957607ceba291a81882cb0fb3ac1fda1
data/raw/CIFAKE/train/FAKE/4202 (7).jpg,1,fake,cifake,cifake,unknown,train,32,32,319cd4412133033be994aebad0206da86f8fed6026648f8a7d6d301e7e24734e
data/raw/CIFAKE/train/FAKE/4218 (3).jpg,1,fake,cifake,cifake,unknown,train,32,32,40a3dcf455bb414f166c75086dec72589a60a6e9398927a8e4588160a41c5d58
data/raw/CIFAKE/train/FAKE/4223 (3).jpg,1,fake,cifake,cifake,unknown,train,32,32,b3fa856ffe44b7d13df4397496ebd552ff7da1f6d8b34ce3cbfc116ddd18c932
data/raw/CIFAKE/train/FAKE/4238 (3).jpg,1,fake,cifake,cifake,unknown,train,32,32,c2b41e7b6cd6cc529dce3d15aedffd23a3117613d8631ab1d7d933cc6cef0425
data/raw/CIFAKE/train/FAKE/4240 (6).jpg,1,fake,cifake,cifake,unknown,train,32,32,17649010d6b6c5eae66c4187c249149b77c0f8d8535a1e2d8d1dc8e779dd7f11
data/raw/CIFAKE/train/FAKE/4243 (3).jpg,1,fake,cifake,cifake,unknown,train,32,32,71abcedb279178a1e7a7147bbc96d40a82a2c41192c0872d60dc75d11d64322c
data/raw/CIFAKE/train/FAKE/4258 (3).jpg,1,fake,cifake,cifake,unknown,train,32,32,e44f7867e1e0463071a63b3d1b3ae4399b2c5e7f96541d6d4b1b848724d67e9c
data/raw/CIFAKE/train/FAKE/4270 (7).jpg,1,fake,cifake,cifake,unknown,train,32,32,3b31dd98be377238e32fb2c01d118a0a575300ece7c2f2d93460eb5dd6f0c56b
data/raw/CIFAKE/train/FAKE/4272 (7).jpg,1,fake,cifake,cifake,unknown,train,32,32,95d64b2d3d5ecc364cbfc3aef143eef071a2115765af57b1d055bef54956a8f6
data/raw/CIFAKE/train/FAKE/4308 (7).jpg,1,fake,cifake,cifake,unknown,train,32,32,ebd024935d9a5f44fd74e0cb2b608598b308767f6164f35d7a86b7f60511f0f5
data/raw/CIFAKE/train/FAKE/4393 (6).jpg,1,fake,cifake,cifake,unknown,train,32,32,2408214834bd8032461b6cbfb31d90f563d5bf665a2289f9a41903e4a3ce939c
data/raw/CIFAKE/train/FAKE/4417 (3).jpg,1,fake,cifake,cifake,unknown,train,32,32,7f4d69ea7fb29506f869a2cdb33ec2f77c577c24910e56533b276a33cbf6dc38
data/raw/CIFAKE/train/FAKE/4427 (7).jpg,1,fake,cifake,cifake,unknown,train,32,32,2b8525cd73660d05df93d2f78f120c03ede954096b444194cc12f538392a6e3d
data/raw/CIFAKE/train/FAKE/4473 (6).jpg,1,fake,cifake,cifake,unknown,train,32,32,d2c539cb81d87cc8fe4950d9d1a11ca694f1ab40d3ca618e172c092718b86eec
data/raw/CIFAKE/train/FAKE/4482 (6).jpg,1,fake,cifake,cifake,unknown,train,32,32,de36100e8929a8bf94147a74ea591436baa1ac669ccf6a63217082b0b8ed79a0
data/raw/CIFAKE/train/FAKE/4497 (7).jpg,1,fake,cifake,cifake,unknown,train,32,32,9de9d26094b2dc72b9d535e364edec655fac9cf63939df62198590338070c44d
data/raw/CIFAKE/train/FAKE/4500 (3).jpg,1,fake,cifake,cifake,unknown,train,32,32,bedd855c2596b3bef2146cd9a6a0d27087cee3d55013d232c5b4e2c902e6eda3
data/raw/CIFAKE/train/FAKE/4503 (6).jpg,1,fake,cifake,cifake,unknown,train,32,32,429b900c83fae33c5372fb94ceff7f771dfa6af79875ceb3b4f2b4d39a64ef61
data/raw/CIFAKE/train/FAKE/4504 (6).jpg,1,fake,cifake,cifake,unknown,train,32,32,ba7edf60e1f03cc200436e23c9c9a6487cb8f67b960c4ee5c953775577d3ce23
data/raw/CIFAKE/train/FAKE/4507 (7).jpg,1,fake,cifake,cifake,unknown,train,32,32,3f3b9e143a1c38c275ffeec2743d3d7d1bc336fe6bbf143b14fd4697b4c5ac71
data/raw/CIFAKE/train/FAKE/4513 (6).jpg,1,fake,cifake,cifake,unknown,train,32,32,1caaccd4ba165c8df78a5d5af7fc93cd03a961bfeee23bc329089c5c09b5a40c
data/raw/CIFAKE/train/FAKE/4523 (6).jpg,1,fake,cifake,cifake,unknown,train,32,32,79003521101ae8397bf9b8a8b038ce08e0c63c0fc8c1725872706351fa33b9c7
data/raw/CIFAKE/train/FAKE/4531 (7).jpg,1,fake,cifake,cifake,unknown,train,32,32,a75690bc191c76fe3b4c537d67f6bec2fd2f114d4c7cc907d4c2496a370087fd
data/raw/CIFAKE/train/FAKE/4536 (6).jpg,1,fake,cifake,cifake,unknown,train,32,32,de0cf113e16b19859335bd4a89081edcf565eb0c712c4bc030e97ae79f84a22c
data/raw/CIFAKE/train/FAKE/4541 (3).jpg,1,fake,cifake,cifake,unknown,train,32,32,0c1d9c99c0285abf8f83f7d424e4856857297fc831f7007dc5f20b9a18a7259c
data/raw/CIFAKE/train/FAKE/4546 (7).jpg,1,fake,cifake,cifake,unknown,train,32,32,2ea53a319a99c0fec423002d89dd66c0ad70add4b1226171d2871904b30080e6
data/raw/CIFAKE/train/FAKE/4566 (6).jpg,1,fake,cifake,cifake,unknown,train,32,32,4d58a12524d7b029f1b6a14fa111608e27b1ffb7a853c5f3b4d306e10b8b92d9
data/raw/CIFAKE/train/FAKE/4579 (7).jpg,1,fake,cifake,cifake,unknown,train,32,32,14c6d8bd395da25f1753487c07a87cb6e991e515e0a42d02b2f2f64876d8d7f5
data/raw/CIFAKE/train/FAKE/4587 (6).jpg,1,fake,cifake,cifake,unknown,train,32,32,f1e94ebf90c21bb60ce2b0b3af3983418d81a13abc5b9678d8f3d1dd29824ce0
data/raw/CIFAKE/train/FAKE/4593 (6).jpg,1,fake,cifake,cifake,unknown,train,32,32,d6c4eb96f808102558cb70fc7bd50368fd6c6885069233dacff5270dd83a4bc2
data/raw/CIFAKE/train/FAKE/4627 (6).jpg,1,fake,cifake,cifake,unknown,train,32,32,6e1c46d9d7d86828fcfa95274a56e22ab7452577ed56e33b4c019bcb1a06ec38
data/raw/CIFAKE/train/FAKE/4633 (7).jpg,1,fake,cifake,cifake,unknown,train,32,32,3ec9bc0e027ae1fb00f598107f3f4f0f04f9c1b280bac4ad24f8efb2eedf72b0
data/raw/CIFAKE/train/FAKE/4657 (3).jpg,1,fake,cifake,cifake,unknown,train,32,32,529c69ac361a7e92fd18bde579312354cf207716f626ee27a4ab823cda83706c
data/raw/CIFAKE/train/FAKE/4665 (3).jpg,1,fake,cifake,cifake,unknown,train,32,32,47fe4f03360c1ef794950db9dc4401dcde6307cd6cf59bb6bb1fe7cad82e15a6
data/raw/CIFAKE/train/FAKE/4665 (6).jpg,1,fake,cifake,cifake,unknown,train,32,32,3416c9307c00ceb188d8c367105d87faa81c24c4f82c2dfe410f05e4b30490e5
data/raw/CIFAKE/train/FAKE/4666 (7).jpg,1,fake,cifake,cifake,unknown,train,32,32,e2363dec1b7c9cba7c85cf00b3c26591a801ae057ce6936b93a25c5533156055
data/raw/CIFAKE/train/FAKE/4668 (6).jpg,1,fake,cifake,cifake,unknown,train,32,32,b9a59fa80b0e605db867ced5fe2582a03d072d2b8e890db960240a7a3a36e5b3
data/raw/CIFAKE/train/FAKE/4669 (6).jpg,1,fake,cifake,cifake,unknown,train,32,32,80d8ed60f8e562f04e10b3108df739b307419a2f896433f6a78dcf9756925cd3
data/raw/CIFAKE/train/FAKE/4676 (6).jpg,1,fake,cifake,cifake,unknown,train,32,32,da1434abee85de53a40733347f636e7adff451e974ab1b7158bff85ae4dd5f3c
data/raw/CIFAKE/train/FAKE/4681 (3).jpg,1,fake,cifake,cifake,unknown,train,32,32,5e358771340120354a28dc58f5ace4c20be9e58f111b08c3890acc2f922fb6da
data/raw/CIFAKE/train/FAKE/4735 (3).jpg,1,fake,cifake,cifake,unknown,train,32,32,f0186663e1f79d99e4febb6a2b7232c23cbe0552c6ff9d98fc256b6e7e46fd34
data/raw/CIFAKE/train/FAKE/4739 (7).jpg,1,fake,cifake,cifake,unknown,train,32,32,7df054cfc7aed2270b90aba6bfae1a562db9a557630e7f9b611d213b59dadb70
data/raw/CIFAKE/train/FAKE/4743 (3).jpg,1,fake,cifake,cifake,unknown,train,32,32,143de954b511d644ead537dca16aeaf4c2ce24a4b77946c799b0564375d69eab
data/raw/CIFAKE/train/FAKE/4746 (7).jpg,1,fake,cifake,cifake,unknown,train,32,32,538539d2f5f65c6af841da0fb113c4a33bd24947df7b79e68ba048ae1ae27676
data/raw/CIFAKE/train/FAKE/4784 (3).jpg,1,fake,cifake,cifake,unknown,train,32,32,d1425caa59de49318326afd589f7dd172e1084efb63b4ff1c9d99a3039cb14b7
data/raw/CIFAKE/train/FAKE/4792 (3).jpg,1,fake,cifake,cifake,unknown,train,32,32,b81fedd6217bdbb9eb682368ffaf6e62d48fc20b76a631f02faff3971b40c09c
data/raw/CIFAKE/train/FAKE/4806 (6).jpg,1,fake,cifake,cifake,unknown,train,32,32,05c29de2b3d254288fc8dcceb1afe39b338aeb9beae3f8a91cde7e59f21d6141
data/raw/CIFAKE/train/FAKE/4806 (7).jpg,1,fake,cifake,cifake,unknown,train,32,32,176dd43c39656d6782c24d18427ed6ddf7987f23de937ceea16a784dd2967763
data/raw/CIFAKE/train/FAKE/4807 (6).jpg,1,fake,cifake,cifake,unknown,train,32,32,e28d6cb6a706db8e98699a777c67e88b5378aea165f20b181f4acf280263b8ad
data/raw/CIFAKE/train/FAKE/4809 (3).jpg,1,fake,cifake,cifake,unknown,train,32,32,4312a5a1592fce8be0f8407f880874e548ce8181d3d36d33fcd06f12fd210c63
data/raw/CIFAKE/train/FAKE/4821 (6).jpg,1,fake,cifake,cifake,unknown,train,32,32,3074c45774c8616b5f2008831514d31aca0eaacdf3525a6804a1b945f44acfca
data/raw/CIFAKE/train/FAKE/4859 (7).jpg,1,fake,cifake,cifake,unknown,train,32,32,8438533690ea5570e7d86cbbfb4c899cdf1270fb1f70307c4791d45143b59284
data/raw/CIFAKE/train/FAKE/4870 (3).jpg,1,fake,cifake,cifake,unknown,train,32,32,f6a42e4111ac9392f5c3dbc41e8925c078e0222da90c5af35f7c4e2bb32bdfb6
data/raw/CIFAKE/train/FAKE/4888 (7).jpg,1,fake,cifake,cifake,unknown,train,32,32,3a56f8f709f42d8934f8fff94d2f26d919503d4ae525380d44974b256b4009f9
data/raw/CIFAKE/train/FAKE/4892 (6).jpg,1,fake,cifake,cifake,unknown,train,32,32,be0a6200afba82f140246a62d6d1aebb50d18b654e089c7e82ee321ec2784f09
data/raw/CIFAKE/train/FAKE/4898 (6).jpg,1,fake,cifake,cifake,unknown,train,32,32,d9c0e59890b4218781d611825d79d372d534e2e7f780ba8006ae3100f2eefeb8
data/raw/CIFAKE/train/FAKE/4928 (6).jpg,1,fake,cifake,cifake,unknown,train,32,32,18e222a724c0ef21afadc35f03b6a15af4260a14bb9f7fb9f1bc468aa44d2b9e
data/raw/CIFAKE/train/FAKE/4933 (3).jpg,1,fake,cifake,cifake,unknown,train,32,32,0772eff9e08da248170df23d98b1a6387298bdc80ae21a2697b2e7e5b4ee19ff
data/raw/CIFAKE/train/FAKE/4983 (6).jpg,1,fake,cifake,cifake,unknown,train,32,32,2f48b14b4b570209ad7aa2e2f8a96de2c656fcf02f081a4c8ca881b063649e5b
data/raw/CIFAKE/train/FAKE/4991 (6).jpg,1,fake,cifake,cifake,unknown,train,32,32,8a2850945f949530770e4409e84b75d133a86b68cc17edfa8ffa29c245288d4f
data/raw/CIFAKE/train/FAKE/4995 (7).jpg,1,fake,cifake,cifake,unknown,train,32,32,70247c6f16efb6651f0e27f5a085fa51ce15d46357f41a04d6f2af4cfe34ec3c
data/raw/CIFAKE/train/FAKE/4999 (6).jpg,1,fake,cifake,cifake,unknown,train,32,32,d3d12065ce264a600af287c03a8d11cd9a5891e2db9e95e79d36a9e8128b59ba
data/raw/CIFAKE/train/FAKE/5013 (6).jpg,1,fake,cifake,cifake,unknown,train,32,32,2e504832f1415aecf1ef5932dca4505fe888fd92506a0205699c4a6bf4ec5a4f
data/raw/CIFAKE/train/FAKE/5014 (6).jpg,1,fake,cifake,cifake,unknown,train,32,32,82baa97bc8ce3e5a101211b337c9c2bf5e745c0a5e51614c8b0629d42862f748
data/raw/CIFAKE/train/FAKE/5022 (7).jpg,1,fake,cifake,cifake,unknown,train,32,32,dfd1fdae2bd239b3b52b2466569c946b9222e7bc8acba24d0545565b8fcc6046
data/raw/CIFAKE/train/FAKE/5023 (6).jpg,1,fake,cifake,cifake,unknown,train,32,32,83be589e669315dd409fc9f54e3f202dd3721d7253e7b51e095e20745b7b1df1
data/raw/CIFAKE/train/FAKE/5027 (6).jpg,1,fake,cifake,cifake,unknown,train,32,32,e8720b3cdeaa570f28402df85e3aff103e95135d43d94cade39d82c4e67e5dd1
data/raw/CIFAKE/train/FAKE/5034 (7).jpg,1,fake,cifake,cifake,unknown,train,32,32,c4ab0c0339ea8956aabce85f225926f2f4730b29ec543e980efa9c8e576c9a5e
data/raw/CIFAKE/train/FAKE/5055 (7).jpg,1,fake,cifake,cifake,unknown,train,32,32,dce3a0801e697fa06edf4c4903bdf13b735bb95d1b5e03227dcd54bbfc4c5cc6
data/raw/CIFAKE/train/FAKE/5056 (3).jpg,1,fake,cifake,cifake,unknown,train,32,32,127a557d398cd63f8eff4987246d676f23773a5be85e5d5ea08451bc5aa44c82
data/raw/CIFAKE/train/FAKE/5071 (7).jpg,1,fake,cifake,cifake,unknown,train,32,32,3248e32a2d6888951285945f507078e6e6c0da18470b49d8c0497063f1dbad30
data/raw/CIFAKE/train/FAKE/5088 (3).jpg,1,fake,cifake,cifake,unknown,train,32,32,cbd4a9328704950f034381384af26e9618f4973b671cba4c6639896dcf57908f
data/raw/CIFAKE/train/FAKE/5102 (3).jpg,1,fake,cifake,cifake,unknown,train,32,32,a25882ccc1d1a327d0a65dd069ccdaa8bb0793842139caed4fd6fa0829700a2f
data/raw/CIFAKE/train/FAKE/5107 (7).jpg,1,fake,cifake,cifake,unknown,train,32,32,74a1f0f0e1cd27dc8fd5c5407ce0e81490c3ac477f792828518e4a4fe057c1f1
data/raw/CIFAKE/train/FAKE/5126 (7).jpg,1,fake,cifake,cifake,unknown,train,32,32,d737db01f467ef55b7f117f8dd9d09020985c8656afebfda434c1e9576056752
data/raw/CIFAKE/train/FAKE/5136 (3).jpg,1,fake,cifake,cifake,unknown,train,32,32,7db8e387f17347ee8d0fbc626301b4890e988b51a62d67ff20486ae59266553d
data/raw/CIFAKE/train/FAKE/5144 (6).jpg,1,fake,cifake,cifake,unknown,train,32,32,da66cd0eea1dd96efcb55bbd5e3364c647d3fee972a70bd08c4ad4962b284100
data/raw/CIFAKE/train/FAKE/5160 (7).jpg,1,fake,cifake,cifake,unknown,train,32,32,a8924d4fe1044104771a90f0c374753b192684a9ae2cdd3f8884e6a4d47f86af
data/raw/CIFAKE/train/FAKE/5180 (7).jpg,1,fake,cifake,cifake,unknown,train,32,32,4267660d8ea864e15ac5af4b13f179d54309e3368fecfd7b68ecc612b606eab0
data/raw/CIFAKE/train/FAKE/5184 (6).jpg,1,fake,cifake,cifake,unknown,train,32,32,b0ca9be1b60d1447570218d4d425acd78b4a8c0de9ba3ad1fb6682523b81543c
data/raw/CIFAKE/train/FAKE/5206 (7).jpg,1,fake,cifake,cifake,unknown,train,32,32,6e8e72bfb2d0d1d925aec090ebd1f8cbdece7f4856bfaca4f5d803db7e05aa28
data/raw/CIFAKE/train/FAKE/5213 (7).jpg,1,fake,cifake,cifake,unknown,train,32,32,aba6ecd173f64cc67769c7fe7cedc37a53d0f2a5f27212521a21c2b648c2b543
data/raw/CIFAKE/train/FAKE/5242 (3).jpg,1,fake,cifake,cifake,unknown,train,32,32,4b98a6fbfc4955b9bb0a83df246a073391fdd57c4d2d1ff960a056e1256439b7
data/raw/CIFAKE/train/FAKE/5246 (6).jpg,1,fake,cifake,cifake,unknown,train,32,32,e5b53d335f6a9cf3b6f14ffa630572cbcd1dd46aa8fa6a762b357628d1549450
data/raw/CIFAKE/train/FAKE/5254 (6).jpg,1,fake,cifake,cifake,unknown,train,32,32,25dfdc9f1242167272821f93635916e6e3aee04161a1588ca911c778f22c41c2
data/raw/CIFAKE/train/FAKE/5256 (6).jpg,1,fake,cifake,cifake,unknown,train,32,32,60e5dc109788c8cc87918d76ee0f708179076203ae582966853aa2985ace9069
data/raw/CIFAKE/train/FAKE/5299 (7).jpg,1,fake,cifake,cifake,unknown,train,32,32,6352a4cfe61b3975e58e99a77f069ea05343796c5399ce5f4d0ba8a8b45b2f62
data/raw/CIFAKE/train/FAKE/5304 (6).jpg,1,fake,cifake,cifake,unknown,train,32,32,bebd0cb29a7c80525666f296da7a94004d81bae479140b001b466b203e56e8d8
data/raw/CIFAKE/train/FAKE/5309 (3).jpg,1,fake,cifake,cifake,unknown,train,32,32,0b776e089dcdb0faa710e085b37033618535a6bb23854f09fbeae6bdc5a1fbb1
data/raw/CIFAKE/train/FAKE/5323 (3).jpg,1,fake,cifake,cifake,unknown,train,32,32,c2da2183079820ab08164b3f87dd5a95d53cd159227aac1dd91271f48ecbf3da
data/raw/CIFAKE/train/FAKE/5327 (3).jpg,1,fake,cifake,cifake,unknown,train,32,32,0d9c8cc8b353e062515c17111260880c1104fdd15684ed54184b35f58231c64b
data/raw/CIFAKE/train/FAKE/5344 (7).jpg,1,fake,cifake,cifake,unknown,train,32,32,b0932b2e968caddfce9c55e575d4ca16eef59d996cae6215d1cc54dcd22d2cb3
data/raw/CIFAKE/train/FAKE/5363 (7).jpg,1,fake,cifake,cifake,unknown,train,32,32,12bde2f28bfdff2e06f74e3fc24b0d278485b1285e794fb3641a3017a3e44779
data/raw/CIFAKE/train/FAKE/5364 (7).jpg,1,fake,cifake,cifake,unknown,train,32,32,8239983dcf8af167d978282c5c7dfb83790a12fdd253076870c67e0eb1bda869
data/raw/CIFAKE/train/FAKE/5371 (3).jpg,1,fake,cifake,cifake,unknown,train,32,32,1bb85a505886a0f58df3183b600406245a50ad671e7a3e720cbb563ddd09beeb
data/raw/CIFAKE/train/FAKE/5380 (3).jpg,1,fake,cifake,cifake,unknown,train,32,32,3fb997091fadd8c6a2fc911c41c77e5d50b26c25b4a2e97ff29d6a8ef65431c1
data/raw/CIFAKE/train/FAKE/5388 (6).jpg,1,fake,cifake,cifake,unknown,train,32,32,945ed8ceaa2cc300dbbd1f83780f3104370543ae62258d8989062d7276c584b0
data/raw/CIFAKE/train/FAKE/5388 (7).jpg,1,fake,cifake,cifake,unknown,train,32,32,97c4486b418c41e50e556d9af9aa00662ca9949c1b254b62aff03b69344a6ed0
data/raw/CIFAKE/train/FAKE/5392 (7).jpg,1,fake,cifake,cifake,unknown,train,32,32,475e29375b2df1d594641395ead6ca043d1ec30696af84e7e01a1db271fcd34e
data/raw/CIFAKE/train/FAKE/5402 (7).jpg,1,fake,cifake,cifake,unknown,train,32,32,7bb1c201783ef3d4b2a2bd42c7b4f1e71ff793b8b2dcb514b4f7461c941aa3e6
data/raw/CIFAKE/train/FAKE/5411 (3).jpg,1,fake,cifake,cifake,unknown,train,32,32,dd1311b5a609c2a7d7d3a0a9f6c8342a3fcbaa78a2fc6adc66002fb10d6171ba
data/raw/CIFAKE/train/FAKE/5428 (6).jpg,1,fake,cifake,cifake,unknown,train,32,32,40c9b32a05352d2027a0e9ab29a4b1ea0f5286c8dca17a066f8ef6c631cd9405
data/raw/CIFAKE/train/FAKE/5435 (6).jpg,1,fake,cifake,cifake,unknown,train,32,32,adc34d4fdfc4d73c4d78f9333edad245edaa46b07fc914de2613b1b15faceb94
data/raw/CIFAKE/train/FAKE/5441 (3).jpg,1,fake,cifake,cifake,unknown,train,32,32,e13b8a3d147e920bb7cc5334cd6cbecbf201572d15cf8f553bff24f7fa1b25a4
data/raw/CIFAKE/train/FAKE/5445 (7).jpg,1,fake,cifake,cifake,unknown,train,32,32,58359cdd095d91477af9021696b0a5db2fd0ddd5df40162fc10f78c436262f47
data/raw/CIFAKE/train/FAKE/5446 (7).jpg,1,fake,cifake,cifake,unknown,train,32,32,efb025e3561372f505ef73af5f943bb500187f10727d280cd469c2c61becc478
data/raw/CIFAKE/train/FAKE/5452 (6).jpg,1,fake,cifake,cifake,unknown,train,32,32,468b63df173ef43e5d967c51ca31dddf2f6b10ebe2c68b034d5d3413523a93bc
data/raw/CIFAKE/train/FAKE/5460 (6).jpg,1,fake,cifake,cifake,unknown,train,32,32,7f44fba5374df33e7b0c5a2d8c8297db91de0980cce568edfaad5e1b24efd105
data/raw/CIFAKE/train/FAKE/5467 (6).jpg,1,fake,cifake,cifake,unknown,train,32,32,1be262ae8bd80ead8c1ce6bc6afc0f2036eb7eda00349742017343a510711750
data/raw/CIFAKE/train/FAKE/5469 (6).jpg,1,fake,cifake,cifake,unknown,train,32,32,7cb46ed345be70676440b2fa7227288fe0b5c19dc100661996f681cea21ff2cd
data/raw/CIFAKE/train/FAKE/5496 (6).jpg,1,fake,cifake,cifake,unknown,train,32,32,4b28a4c1b9d623389bd15dbeb8c25ac7cd9d4cdc00e79f365f0f34f9e3d99c0b
data/raw/CIFAKE/train/FAKE/5497 (3).jpg,1,fake,cifake,cifake,unknown,train,32,32,1e3ea7950ae83426470d30b9a442658eeec2ad114003df1014c4b7787631ac04
data/raw/CIFAKE/train/FAKE/5528 (6).jpg,1,fake,cifake,cifake,unknown,train,32,32,0fd1ffd2dc4fcd7b28633b7578e34bb570e9a2a6670cfba69d7801c01e679e58
data/raw/CIFAKE/train/FAKE/5556 (7).jpg,1,fake,cifake,cifake,unknown,train,32,32,cdaa80d9d83519b2961bfb75dabafce462c2abacd5d3bf505094b970cb441867
data/raw/CIFAKE/train/FAKE/5629 (7).jpg,1,fake,cifake,cifake,unknown,train,32,32,ad666cc7d963a64be1d2ef0d582a22ce4115bfdac6a4845bb40f1aa46d1660d5
data/raw/CIFAKE/train/FAKE/5639 (3).jpg,1,fake,cifake,cifake,unknown,train,32,32,c0a9158a14da85dcde4c92cdc9f82f911f1cd6271a7512d4a8dbfbb54a97fda4
data/raw/CIFAKE/train/FAKE/5641 (3).jpg,1,fake,cifake,cifake,unknown,train,32,32,7a0a03b481ceed16e0a936ba0cf4e39c661faa95bf4c2a6ba409bca25c731fb2
data/raw/CIFAKE/train/FAKE/5654 (3).jpg,1,fake,cifake,cifake,unknown,train,32,32,3cde635a56b922eba4ac75aea0e8106ca70f94be166f93d6e18601e0a1f91c3c
data/raw/CIFAKE/train/FAKE/5655 (7).jpg,1,fake,cifake,cifake,unknown,train,32,32,3915b3493d0142422f8e0d5edd5f8b3c37c3b8b37f3ed8463418854eb1060744
data/raw/CIFAKE/train/FAKE/5676 (6).jpg,1,fake,cifake,cifake,unknown,train,32,32,4752d072bfa5055c432ced69df7c93a0ba7a8e7d62a0cada28ceaf0af45b8c50
data/raw/CIFAKE/train/FAKE/5693 (3).jpg,1,fake,cifake,cifake,unknown,train,32,32,26de1703f3db0d941e133d31659df39b9b6fdbc4a90d8a0ee34669300222b2aa
data/raw/CIFAKE/train/FAKE/5696 (7).jpg,1,fake,cifake,cifake,unknown,train,32,32,27cd3cdb6488b0a97d26c22c6272f6f7f389cd87234cdf8c0fc6bd6631e0a559
data/raw/CIFAKE/train/FAKE/5701 (3).jpg,1,fake,cifake,cifake,unknown,train,32,32,f594f4cadb131e83d6f41d1c8ad825fda3f7e2d02ec7b1c9d2fa7f0818e15247
data/raw/CIFAKE/train/FAKE/5731 (3).jpg,1,fake,cifake,cifake,unknown,train,32,32,93b32ed74a9d2b90b375e2fecfa706fe97a45cf39040f12019bb4c95134f23e9
data/raw/CIFAKE/train/FAKE/5742 (6).jpg,1,fake,cifake,cifake,unknown,train,32,32,7147475936f460f09d98f462129c4aedac7ea04e68a46b8bd2e00e1a1ac64efa
data/raw/CIFAKE/train/FAKE/5747 (7).jpg,1,fake,cifake,cifake,unknown,train,32,32,48d16877d6d754a373c8450c3ade27c272a957813f52ffe3e45ca2f17f0022b7
data/raw/CIFAKE/train/FAKE/5754 (3).jpg,1,fake,cifake,cifake,unknown,train,32,32,56411eae994f63d9c62859835370b1be4e7b3d9ed10078829fcbb5989a5d8ab2
data/raw/CIFAKE/train/FAKE/5756 (3).jpg,1,fake,cifake,cifake,unknown,train,32,32,ae324c7115f93754f3ca0915b2167c4ff729cc76c5e46fe8c15d39ab4c18bc4d
data/raw/CIFAKE/train/FAKE/5765 (7).jpg,1,fake,cifake,cifake,unknown,train,32,32,32591b50b37471c80f4c81136988493cfa9fa186362128547e246b5e860f112a
data/raw/CIFAKE/train/FAKE/5782 (7).jpg,1,fake,cifake,cifake,unknown,train,32,32,caebda00553e12fd2fcc61136e3fe00f97ee951408b824f9f22f46a664e64c2e
data/raw/CIFAKE/train/FAKE/5789 (7).jpg,1,fake,cifake,cifake,unknown,train,32,32,d035f610fcbc8ed3e871340472779434b575b68bed5f47440d4dc1f398b2bea0
data/raw/CIFAKE/train/FAKE/5798 (6).jpg,1,fake,cifake,cifake,unknown,train,32,32,55c8ca17e50956859b352b55f7924b5adcfe9e3303deb3a25e02cb7e0a1b32ed
data/raw/CIFAKE/train/FAKE/5830 (7).jpg,1,fake,cifake,cifake,unknown,train,32,32,2670355a075d7910e719de81e3e0586193cbc6f6005d1f6bee2eba540b7170ec
data/raw/CIFAKE/train/FAKE/5858 (7).jpg,1,fake,cifake,cifake,unknown,train,32,32,f81d7865ab872f722a3cfbd1221bd1910601cb5a7d77948f55bd5197f1cc60c4
data/raw/CIFAKE/train/FAKE/5862 (7).jpg,1,fake,cifake,cifake,unknown,train,32,32,0388827e0be1356f8f12408c8e2e7fedad7ee7f5daaf01d14c01176637beddbc
data/raw/CIFAKE/train/FAKE/5876 (3).jpg,1,fake,cifake,cifake,unknown,train,32,32,750c799b7f836fbddc58f86500f101bacb4c298d8f8da24b87e3138e2ec13338
data/raw/CIFAKE/train/FAKE/5920 (3).jpg,1,fake,cifake,cifake,unknown,train,32,32,d261c32b2f6df04a403fa66a8cbadb89f01ad6e687e762b8231f266872cf0349
data/raw/CIFAKE/train/FAKE/5955 (3).jpg,1,fake,cifake,cifake,unknown,train,32,32,965ea9e7472df905c8d505ea5bd35dc804e60a9b921ea0d61d9e0fde62a14d58
data/raw/CIFAKE/train/FAKE/5983 (7).jpg,1,fake,cifake,cifake,unknown,train,32,32,2109064563f03d7c27ff00bf1cd2df604a4fe134376a475600367a6e4c5b684b
data/raw/CIFAKE/train/FAKE/5991 (7).jpg,1,fake,cifake,cifake,unknown,train,32,32,d0c1060eba48ed8cadc715c2ab67af27492186289e05326a19e497e52746b080
data/raw/CIFAKE/train/FAKE/5994 (6).jpg,1,fake,cifake,cifake,unknown,train,32,32,95a1cdccbca1f3fbdc943b91f43b15a89106fe5bb59c3a8528f2cf74ba904067
data/raw/CIFAKE/test/FAKE/0 (7).jpg,1,fake,cifake,cifake,unknown,test,32,32,1e95a10004281dd785211d087282251be79a5ec46b656af489dc551eed9359b4
data/raw/CIFAKE/test/FAKE/1 (6).jpg,1,fake,cifake,cifake,unknown,test,32,32,9d91841d51ff8a30444c1f015f5bf2777581a1247ba1c97138cf48f71e97bb81
data/raw/CIFAKE/test/FAKE/101 (6).jpg,1,fake,cifake,cifake,unknown,test,32,32,d3a54412c58082bbce31cf9128f736df900d7ce6c07a4ee76e5a53823aa6b84e
data/raw/CIFAKE/test/FAKE/104 (7).jpg,1,fake,cifake,cifake,unknown,test,32,32,9de9d26094b2dc72b9d535e364edec655fac9cf63939df62198590338070c44d
data/raw/CIFAKE/test/FAKE/105 (6).jpg,1,fake,cifake,cifake,unknown,test,32,32,fefe6c5403e46a3d4251915a84c3d1498b49523b9d55eb4d72de684ce9dfa4c8
data/raw/CIFAKE/test/FAKE/106 (6).jpg,1,fake,cifake,cifake,unknown,test,32,32,ca3885b7f83abc633dbf08b96402d7bcf64fe2e8ab435dc42e6cc2d7f22b8c34
data/raw/CIFAKE/test/FAKE/106 (7).jpg,1,fake,cifake,cifake,unknown,test,32,32,3f3b9e143a1c38c275ffeec2743d3d7d1bc336fe6bbf143b14fd4697b4c5ac71
data/raw/CIFAKE/test/FAKE/11 (3).jpg,1,fake,cifake,cifake,unknown,test,32,32,0c1d9c99c0285abf8f83f7d424e4856857297fc831f7007dc5f20b9a18a7259c
data/raw/CIFAKE/test/FAKE/110 (7).jpg,1,fake,cifake,cifake,unknown,test,32,32,cac612fe0093a186452b9ad330d0727c6837b2920473fa1b69bf4e1dce611bc6
data/raw/CIFAKE/test/FAKE/112 (3).jpg,1,fake,cifake,cifake,unknown,test,32,32,55cd86884560e30dc356adc121c33ed5237fb3e8d924c8996795d940b0a5c123
data/raw/CIFAKE/test/FAKE/113 (6).jpg,1,fake,cifake,cifake,unknown,test,32,32,b9a59fa80b0e605db867ced5fe2582a03d072d2b8e890db960240a7a3a36e5b3
data/raw/CIFAKE/test/FAKE/115 (6).jpg,1,fake,cifake,cifake,unknown,test,32,32,81df6edbb46f7c3242309b6e2e3410e0590158cc0c2b285382c309208baa6a03
data/raw/CIFAKE/test/FAKE/117 (7).jpg,1,fake,cifake,cifake,unknown,test,32,32,3ec9bc0e027ae1fb00f598107f3f4f0f04f9c1b280bac4ad24f8efb2eedf72b0
data/raw/CIFAKE/test/FAKE/120 (7).jpg,1,fake,cifake,cifake,unknown,test,32,32,78e587593e2cc94f19f0159fe1a1848d0786172325d014bd1aec40893f341105
data/raw/CIFAKE/test/FAKE/125 (3).jpg,1,fake,cifake,cifake,unknown,test,32,32,464e2a64d199b0b1923cb888d7676af970a37979996494e39ad0b4699319d1e6
data/raw/CIFAKE/test/FAKE/126 (3).jpg,1,fake,cifake,cifake,unknown,test,32,32,b69d385972e6bfdaf466b83321d7d9dd86b26cdd12901d316dc896c9cd05d950
data/raw/CIFAKE/test/FAKE/127 (3).jpg,1,fake,cifake,cifake,unknown,test,32,32,00713675b875db35827a7419931373840f255b96bcb0ccc523581946d799d369
data/raw/CIFAKE/test/FAKE/128 (6).jpg,1,fake,cifake,cifake,unknown,test,32,32,0f26575c5c0cc79e8efda3356add9ce8aa6b36ed5a4c1b9900924c200a5c5df7
data/raw/CIFAKE/test/FAKE/136 (7).jpg,1,fake,cifake,cifake,unknown,test,32,32,bacadbe188b0adda0e67d2df0f65994024c6cb84723b25e13c0971dff3976657
data/raw/CIFAKE/test/FAKE/138 (3).jpg,1,fake,cifake,cifake,unknown,test,32,32,7f4d69ea7fb29506f869a2cdb33ec2f77c577c24910e56533b276a33cbf6dc38
data/raw/CIFAKE/test/FAKE/141 (7).jpg,1,fake,cifake,cifake,unknown,test,32,32,176dd43c39656d6782c24d18427ed6ddf7987f23de937ceea16a784dd2967763
data/raw/CIFAKE/test/FAKE/142 (7).jpg,1,fake,cifake,cifake,unknown,test,32,32,daa5babbd0f89bed7297d9650ae16a30e67412fa969f81185f3167c56562f758
data/raw/CIFAKE/test/FAKE/143 (6).jpg,1,fake,cifake,cifake,unknown,test,32,32,821d70a3532ad9ad90dd7422e7d40f1ff95876fb3bc12b520679cfc0db71067c
data/raw/CIFAKE/test/FAKE/145 (6).jpg,1,fake,cifake,cifake,unknown,test,32,32,cb0c024aae62337ab5e70aa0bb26c5326996c70d33786075f604afb8362a869c
data/raw/CIFAKE/test/FAKE/15 (3).jpg,1,fake,cifake,cifake,unknown,test,32,32,221f9c3bf1b17bcb2e171c2a4ea6551ffa8c08894efb6a8ba7a4c8e02a5b1c74
data/raw/CIFAKE/test/FAKE/15 (6).jpg,1,fake,cifake,cifake,unknown,test,32,32,da66cd0eea1dd96efcb55bbd5e3364c647d3fee972a70bd08c4ad4962b284100
data/raw/CIFAKE/test/FAKE/151 (3).jpg,1,fake,cifake,cifake,unknown,test,32,32,7424aa01c5cd7b992423804800590b6d704e8fd1eff5eafbb7db16be78f9eac8
data/raw/CIFAKE/test/FAKE/152 (3).jpg,1,fake,cifake,cifake,unknown,test,32,32,36738e167437d6d25bb2831f352d9c4ac4bb142a65f1a9e54e23e7c2d8a8118c
data/raw/CIFAKE/test/FAKE/153 (3).jpg,1,fake,cifake,cifake,unknown,test,32,32,da4382261220107e73193c65beebc2d12643056d507c37f7285653aa355598c7
data/raw/CIFAKE/test/FAKE/154 (3).jpg,1,fake,cifake,cifake,unknown,test,32,32,0b776e089dcdb0faa710e085b37033618535a6bb23854f09fbeae6bdc5a1fbb1
data/raw/CIFAKE/test/FAKE/16 (3).jpg,1,fake,cifake,cifake,unknown,test,32,32,a25882ccc1d1a327d0a65dd069ccdaa8bb0793842139caed4fd6fa0829700a2f
data/raw/CIFAKE/test/FAKE/161 (7).jpg,1,fake,cifake,cifake,unknown,test,32,32,95d64b2d3d5ecc364cbfc3aef143eef071a2115765af57b1d055bef54956a8f6
data/raw/CIFAKE/test/FAKE/168 (3).jpg,1,fake,cifake,cifake,unknown,test,32,32,0dd6ba2495b15f47caf2834adbfc34f5d8477e1e085c58d1f0fd14e6f38f0fb2
data/raw/CIFAKE/test/FAKE/168 (7).jpg,1,fake,cifake,cifake,unknown,test,32,32,906d7b9a040961f1defb732b3e7099e63839a20ee0d14e5c3c53db4c56ce79c0
data/raw/CIFAKE/test/FAKE/169 (7).jpg,1,fake,cifake,cifake,unknown,test,32,32,74a1f0f0e1cd27dc8fd5c5407ce0e81490c3ac477f792828518e4a4fe057c1f1
data/raw/CIFAKE/test/FAKE/170 (6).jpg,1,fake,cifake,cifake,unknown,test,32,32,6e1c46d9d7d86828fcfa95274a56e22ab7452577ed56e33b4c019bcb1a06ec38
data/raw/CIFAKE/test/FAKE/176 (3).jpg,1,fake,cifake,cifake,unknown,test,32,32,e8e18e0b37ecb134a73573c94610e8d3a046575c19ebd3abdec47ccb594d65c7
data/raw/CIFAKE/test/FAKE/177 (7).jpg,1,fake,cifake,cifake,unknown,test,32,32,4d723c279bffd230b71297fc314afd76085418fd96aa15b3bc1b7790be715511
data/raw/CIFAKE/test/FAKE/178 (7).jpg,1,fake,cifake,cifake,unknown,test,32,32,efb9cd7374f25ee2837e9d4ba82aba2553f1ea98d4db90f198247e47fa0afc38
data/raw/CIFAKE/test/FAKE/180 (3).jpg,1,fake,cifake,cifake,unknown,test,32,32,3be220aed419a0c8978654fc6d6d8076ae9fb68c5a31757e815267066f22d6dc
data/raw/CIFAKE/test/FAKE/180 (7).jpg,1,fake,cifake,cifake,unknown,test,32,32,0b470c811a42022e26d32a03bf553a12b58de2264353dc72cb81825df40c00df
data/raw/CIFAKE/test/FAKE/184 (7).jpg,1,fake,cifake,cifake,unknown,test,32,32,c5234296950e25e9546c4ea7444b95e2598a9b3b2d52e666be506594b75a6693
data/raw/CIFAKE/test/FAKE/185 (6).jpg,1,fake,cifake,cifake,unknown,test,32,32,7147475936f460f09d98f462129c4aedac7ea04e68a46b8bd2e00e1a1ac64efa
data/raw/CIFAKE/test/FAKE/186 (3).jpg,1,fake,cifake,cifake,unknown,test,32,32,75cd25716b0c6a71b03d986ea4649f0e3ef493f12093247d30325a8681134db5
data/raw/CIFAKE/test/FAKE/186 (6).jpg,1,fake,cifake,cifake,unknown,test,32,32,2916f4abf75525b582c60ba00430e763fc6cf17cc99630cf52dfe03c1f0f21c9
data/raw/CIFAKE/test/FAKE/19 (6).jpg,1,fake,cifake,cifake,unknown,test,32,32,d1ca89379e6447e8d2f82c010cc4f82fb88c9187bb71b52d748c3a58e38d138b
data/raw/CIFAKE/test/FAKE/192 (6).jpg,1,fake,cifake,cifake,unknown,test,32,32,4b28a4c1b9d623389bd15dbeb8c25ac7cd9d4cdc00e79f365f0f34f9e3d99c0b
data/raw/CIFAKE/test/FAKE/197 (3).jpg,1,fake,cifake,cifake,unknown,test,32,32,cb92784d70ecaf4f459f4aa8bcb2a4838f5d761dff06c07f588c4eb94a1d0a42
data/raw/CIFAKE/test/FAKE/197 (6).jpg,1,fake,cifake,cifake,unknown,test,32,32,4752d072bfa5055c432ced69df7c93a0ba7a8e7d62a0cada28ceaf0af45b8c50
data/raw/CIFAKE/test/FAKE/199 (6).jpg,1,fake,cifake,cifake,unknown,test,32,32,4b918404563f98db938c1b8f9df018401d30b52a29ec51f20e956aa1a0c6f6a4
data/raw/CIFAKE/test/FAKE/205 (6).jpg,1,fake,cifake,cifake,unknown,test,32,32,e5b53d335f6a9cf3b6f14ffa630572cbcd1dd46aa8fa6a762b357628d1549450
data/raw/CIFAKE/test/FAKE/206 (3).jpg,1,fake,cifake,cifake,unknown,test,32,32,8b3d3c723f7bc2c294448154105500175ecafe7406730b356163dfa98a7378f6
data/raw/CIFAKE/test/FAKE/206 (7).jpg,1,fake,cifake,cifake,unknown,test,32,32,2b8525cd73660d05df93d2f78f120c03ede954096b444194cc12f538392a6e3d
data/raw/CIFAKE/test/FAKE/208 (3).jpg,1,fake,cifake,cifake,unknown,test,32,32,39e400e3758f578f5d1e03d9751a6882102574048dbf3d84e3de9dc668c59dfe
data/raw/CIFAKE/test/FAKE/208 (6).jpg,1,fake,cifake,cifake,unknown,test,32,32,48f52b7679c28069b9aa171750c5104e0330b5ab32ccce03d88b25ee56355544
data/raw/CIFAKE/test/FAKE/209 (7).jpg,1,fake,cifake,cifake,unknown,test,32,32,21f6a7e3f076cb432e3912205a8b98b0cf9c97337b524d3ffbf52ec1a19cf02f
data/raw/CIFAKE/test/FAKE/212 (3).jpg,1,fake,cifake,cifake,unknown,test,32,32,19d48e1f0fa3c2d3bf52e303b4ad7085bcf124de8be70375c589a6a8213e2642
data/raw/CIFAKE/test/FAKE/218 (6).jpg,1,fake,cifake,cifake,unknown,test,32,32,1800c51062e18b471aecd1563efafeafbc41807b7d63acc6fdf3f185226cd400
data/raw/CIFAKE/test/FAKE/220 (3).jpg,1,fake,cifake,cifake,unknown,test,32,32,4b992d51b1b5c795e59044489e4069029351cd97a030df3548df6dc590ab8a8d
data/raw/CIFAKE/test/FAKE/222 (3).jpg,1,fake,cifake,cifake,unknown,test,32,32,750c799b7f836fbddc58f86500f101bacb4c298d8f8da24b87e3138e2ec13338
data/raw/CIFAKE/test/FAKE/224 (6).jpg,1,fake,cifake,cifake,unknown,test,32,32,a06b79debf6aa35fe0c359a3d629d9a6c01d3404edf83fad51eb34969db530a7
data/raw/CIFAKE/test/FAKE/226 (7).jpg,1,fake,cifake,cifake,unknown,test,32,32,538539d2f5f65c6af841da0fb113c4a33bd24947df7b79e68ba048ae1ae27676
data/raw/CIFAKE/test/FAKE/227 (7).jpg,1,fake,cifake,cifake,unknown,test,32,32,d0c1060eba48ed8cadc715c2ab67af27492186289e05326a19e497e52746b080
data/raw/CIFAKE/test/FAKE/228 (3).jpg,1,fake,cifake,cifake,unknown,test,32,32,92d8af0322c9bc553659ee5bbe8817384df08130a78d08a98e4735d316515bba
data/raw/CIFAKE/test/FAKE/231 (6).jpg,1,fake,cifake,cifake,unknown,test,32,32,55c8ca17e50956859b352b55f7924b5adcfe9e3303deb3a25e02cb7e0a1b32ed
data/raw/CIFAKE/test/FAKE/234 (3).jpg,1,fake,cifake,cifake,unknown,test,32,32,360ae32cd2493b1029fc9e9981a24584140c7b355e5d2c4ff4d07d89b2b3de52
data/raw/CIFAKE/test/FAKE/239 (7).jpg,1,fake,cifake,cifake,unknown,test,32,32,c4ab0c0339ea8956aabce85f225926f2f4730b29ec543e980efa9c8e576c9a5e
data/raw/CIFAKE/test/FAKE/24 (6).jpg,1,fake,cifake,cifake,unknown,test,32,32,de36100e8929a8bf94147a74ea591436baa1ac669ccf6a63217082b0b8ed79a0
data/raw/CIFAKE/test/FAKE/240 (6).jpg,1,fake,cifake,cifake,unknown,test,32,32,60e5dc109788c8cc87918d76ee0f708179076203ae582966853aa2985ace9069
data/raw/CIFAKE/test/FAKE/240 (7).jpg,1,fake,cifake,cifake,unknown,test,32,32,356cf991e4691ee05e776ea20eea733dbe023709973f6663f472ad077a1e767a
data/raw/CIFAKE/test/FAKE/243 (7).jpg,1,fake,cifake,cifake,unknown,test,32,32,60e6bce6f554a8fd81c16a08e3354053a5db46b1ee740b9df6dc8aae23c0679a
data/raw/CIFAKE/test/FAKE/245 (3).jpg,1,fake,cifake,cifake,unknown,test,32,32,127a557d398cd63f8eff4987246d676f23773a5be85e5d5ea08451bc5aa44c82
data/raw/CIFAKE/test/FAKE/247 (6).jpg,1,fake,cifake,cifake,unknown,test,32,32,d6c4eb96f808102558cb70fc7bd50368fd6c6885069233dacff5270dd83a4bc2
data/raw/CIFAKE/test/FAKE/248 (7).jpg,1,fake,cifake,cifake,unknown,test,32,32,26ee54b92c95d773d00359cfa2cca11eb40567044ee3db281078dd00d367f871
data/raw/CIFAKE/test/FAKE/249 (6).jpg,1,fake,cifake,cifake,unknown,test,32,32,79003521101ae8397bf9b8a8b038ce08e0c63c0fc8c1725872706351fa33b9c7
data/raw/CIFAKE/test/FAKE/251 (7).jpg,1,fake,cifake,cifake,unknown,test,32,32,276d920e3c5708606016ec7e994e8cff8b8b2ef08fb510121552d8568b76bfec
data/raw/CIFAKE/test/FAKE/255 (3).jpg,1,fake,cifake,cifake,unknown,test,32,32,4fcfaa9346f5e35e8c7cbf10b36849003f44aeda16cbbed5f178c719f1d7acbd
data/raw/CIFAKE/test/FAKE/263 (7).jpg,1,fake,cifake,cifake,unknown,test,32,32,33e3e49887eba1f539b593ad799f9d6cff9b7043105462986ecaccd85d1f958a
data/raw/CIFAKE/test/FAKE/265 (6).jpg,1,fake,cifake,cifake,unknown,test,32,32,4c89848300b720ff4e95acd0055650c15e91e77cda90789634f6c18f546f00ff
data/raw/CIFAKE/test/FAKE/266 (3).jpg,1,fake,cifake,cifake,unknown,test,32,32,d1425caa59de49318326afd589f7dd172e1084efb63b4ff1c9d99a3039cb14b7
data/raw/CIFAKE/test/FAKE/266 (6).jpg,1,fake,cifake,cifake,unknown,test,32,32,1caaccd4ba165c8df78a5d5af7fc93cd03a961bfeee23bc329089c5c09b5a40c
data/raw/CIFAKE/test/FAKE/268 (3).jpg,1,fake,cifake,cifake,unknown,test,32,32,b3fa856ffe44b7d13df4397496ebd552ff7da1f6d8b34ce3cbfc116ddd18c932
data/raw/CIFAKE/test/FAKE/27 (7).jpg,1,fake,cifake,cifake,unknown,test,32,32,dd3b93cf7faa9df26d6221c9734ededef62bb8768a8ea5f4b0a3b0178f4be760
data/raw/CIFAKE/test/FAKE/270 (3).jpg,1,fake,cifake,cifake,unknown,test,32,32,9f676906be466a7c488d2ea9c45aa39fd465cde021645a6e788320836e6c8f27
data/raw/CIFAKE/test/FAKE/272 (7).jpg,1,fake,cifake,cifake,unknown,test,32,32,475e29375b2df1d594641395ead6ca043d1ec30696af84e7e01a1db271fcd34e
data/raw/CIFAKE/test/FAKE/290 (3).jpg,1,fake,cifake,cifake,unknown,test,32,32,dc21863d909499716434e3b43968229081599c210cae66371063d975bc15442a
data/raw/CIFAKE/test/FAKE/292 (6).jpg,1,fake,cifake,cifake,unknown,test,32,32,7ba4e90573542bc51ae4fda16332aa68d18eddd0022da162f0c224ae1b1b0161
data/raw/CIFAKE/test/FAKE/294 (3).jpg,1,fake,cifake,cifake,unknown,test,32,32,93b32ed74a9d2b90b375e2fecfa706fe97a45cf39040f12019bb4c95134f23e9
data/raw/CIFAKE/test/FAKE/298 (6).jpg,1,fake,cifake,cifake,unknown,test,32,32,8000a9fa87bba879bf410dd21065452b76da9ed95fe760b22b205e931a6da6d4
data/raw/CIFAKE/test/FAKE/30 (6).jpg,1,fake,cifake,cifake,unknown,test,32,32,f5be9f19626ebe931e8585f6d06671c2bc924f1c0df0b67f03551ef262529b19
data/raw/CIFAKE/test/FAKE/303 (6).jpg,1,fake,cifake,cifake,unknown,test,32,32,da1434abee85de53a40733347f636e7adff451e974ab1b7158bff85ae4dd5f3c
data/raw/CIFAKE/test/FAKE/304 (7).jpg,1,fake,cifake,cifake,unknown,test,32,32,816d6a89250db15ca5b9134fb50617dcacb5f836514a2260f1a3f8365cf3d930
data/raw/CIFAKE/test/FAKE/308 (6).jpg,1,fake,cifake,cifake,unknown,test,32,32,55508bce7d8ee6667c395e228c82e1c01ec7ea0ad302e1f1e85b72edbaee9230
data/raw/CIFAKE/test/FAKE/31 (3).jpg,1,fake,cifake,cifake,unknown,test,32,32,b81fedd6217bdbb9eb682368ffaf6e62d48fc20b76a631f02faff3971b40c09c
data/raw/CIFAKE/test/FAKE/32 (3).jpg,1,fake,cifake,cifake,unknown,test,32,32,c6054a9fe0021eeb188e74073c8bc797924e6507263a30c6b852745b14309b69
data/raw/CIFAKE/test/FAKE/320 (7).jpg,1,fake,cifake,cifake,unknown,test,32,32,909d08989824160371a89f7b81ddbbf16cebafea453f2aae3c428e8a36ff978f
data/raw/CIFAKE/test/FAKE/322 (6).jpg,1,fake,cifake,cifake,unknown,test,32,32,68347aa23b5804b7e4b5051be11d04b1304694ed193be2eae9ba9fd884191673
data/raw/CIFAKE/test/FAKE/324 (6).jpg,1,fake,cifake,cifake,unknown,test,32,32,d6750a6b977b5ed17eb7cd17abb0f420bf032309aab499d4c37776f00583406b
data/raw/CIFAKE/test/FAKE/325 (6).jpg,1,fake,cifake,cifake,unknown,test,32,32,d2c539cb81d87cc8fe4950d9d1a11ca694f1ab40d3ca618e172c092718b86eec
data/raw/CIFAKE/test/FAKE/325 (7).jpg,1,fake,cifake,cifake,unknown,test,32,32,ebd024935d9a5f44fd74e0cb2b608598b308767f6164f35d7a86b7f60511f0f5
data/raw/CIFAKE/test/FAKE/326 (7).jpg,1,fake,cifake,cifake,unknown,test,32,32,0bc748c49dd599d0be1de079cd81dd75537247eb96aefe1b3861075e1a18afb7
data/raw/CIFAKE/test/FAKE/33 (6).jpg,1,fake,cifake,cifake,unknown,test,32,32,9bfcfc174b0412c1a01a82d34c7aaa633db0db7488f5d3f2dfa16e737a787928
data/raw/CIFAKE/test/FAKE/330 (6).jpg,1,fake,cifake,cifake,unknown,test,32,32,9282d830878c1698480235b4474e306aed6716e6834c0fcc3e50bebf82cb874b
data/raw/CIFAKE/test/FAKE/331 (3).jpg,1,fake,cifake,cifake,unknown,test,32,32,5e358771340120354a28dc58f5ace4c20be9e58f111b08c3890acc2f922fb6da
data/raw/CIFAKE/test/FAKE/332 (3).jpg,1,fake,cifake,cifake,unknown,test,32,32,0a610634ad8b2bc95f2a44dcd6d5681bed65e312218bf4cb7675db6644b235db
data/raw/CIFAKE/test/FAKE/337 (7).jpg,1,fake,cifake,cifake,unknown,test,32,32,0c06be7467fe66be1a878cb501f36b1672fc69ff0c44f21675dc0ec660372308
data/raw/CIFAKE/test/FAKE/338 (3).jpg,1,fake,cifake,cifake,unknown,test,32,32,0d9c8cc8b353e062515c17111260880c1104fdd15684ed54184b35f58231c64b
data/raw/CIFAKE/test/FAKE/338 (7).jpg,1,fake,cifake,cifake,unknown,test,32,32,6806f23f51c48bbf31197085756d1674d1500bd02d1393fe133978a9e5172ba2
data/raw/CIFAKE/test/FAKE/34 (3).jpg,1,fake,cifake,cifake,unknown,test,32,32,615a3822161fac4beb02952024f4684a5739f8baf8fe0ab4c047c1fd378dff2d
data/raw/CIFAKE/test/FAKE/340 (3).jpg,1,fake,cifake,cifake,unknown,test,32,32,4c29db05eb46485d45ef66c9ef8f72024ef89ed8f56a42760e83a9768d953ac0
data/raw/CIFAKE/test/FAKE/342 (3).jpg,1,fake,cifake,cifake,unknown,test,32,32,56411eae994f63d9c62859835370b1be4e7b3d9ed10078829fcbb5989a5d8ab2
data/raw/CIFAKE/test/FAKE/35 (3).jpg,1,fake,cifake,cifake,unknown,test,32,32,82415a584a386bce0ab8feb0a6046c2be5dab9e9ee23b9a9db849a5cccde06d1
data/raw/CIFAKE/test/FAKE/351 (3).jpg,1,fake,cifake,cifake,unknown,test,32,32,3e8cf976cd1e8948a5275c5d20457be10867a87047c07116b7819b3adfe2272c
data/raw/CIFAKE/test/FAKE/351 (7).jpg,1,fake,cifake,cifake,unknown,test,32,32,9501739f53e9f8481c99c5fdfdc8b625bfa55b38574897f35728757781042f63
data/raw/CIFAKE/test/FAKE/352 (3).jpg,1,fake,cifake,cifake,unknown,test,32,32,252717e95f6b35385746e84e6940d8e06e4a01cbf7c275ef450aedf0bf91d87a
data/raw/CIFAKE/test/FAKE/352 (7).jpg,1,fake,cifake,cifake,unknown,test,32,32,2ea53a319a99c0fec423002d89dd66c0ad70add4b1226171d2871904b30080e6
data/raw/CIFAKE/test/FAKE/353 (3).jpg,1,fake,cifake,cifake,unknown,test,32,32,bf661427fd67f03c67de4734037abdb1969c4668e6ef56697affd5a62ea97118
data/raw/CIFAKE/test/FAKE/353 (6).jpg,1,fake,cifake,cifake,unknown,test,32,32,0b891b5abe0e601d0268d492b55f868e08ed91aa75dce9d44ae09edd1fabd7dc
data/raw/CIFAKE/test/FAKE/355 (3).jpg,1,fake,cifake,cifake,unknown,test,32,32,3cde635a56b922eba4ac75aea0e8106ca70f94be166f93d6e18601e0a1f91c3c
data/raw/CIFAKE/test/FAKE/355 (7).jpg,1,fake,cifake,cifake,unknown,test,32,32,634bb1f4fb0c04116a34969767938b6c8bb926134f4c26004e6bf732d294d540
data/raw/CIFAKE/test/FAKE/356 (7).jpg,1,fake,cifake,cifake,unknown,test,32,32,70247c6f16efb6651f0e27f5a085fa51ce15d46357f41a04d6f2af4cfe34ec3c
data/raw/CIFAKE/test/FAKE/357 (3).jpg,1,fake,cifake,cifake,unknown,test,32,32,5c2fa11e608e7ed410f913838f37d9aaea694ec7cedf4e8f761175bdd4d5cf34
data/raw/CIFAKE/test/FAKE/360 (6).jpg,1,fake,cifake,cifake,unknown,test,32,32,3074c45774c8616b5f2008831514d31aca0eaacdf3525a6804a1b945f44acfca
data/raw/CIFAKE/test/FAKE/364 (7).jpg,1,fake,cifake,cifake,unknown,test,32,32,e5d90109dbcc70db88d98df3cbdc215ff78c8c273fb50432a07a182a44141c8b
data/raw/CIFAKE/test/FAKE/366 (3).jpg,1,fake,cifake,cifake,unknown,test,32,32,e44f7867e1e0463071a63b3d1b3ae4399b2c5e7f96541d6d4b1b848724d67e9c
data/raw/CIFAKE/test/FAKE/368 (3).jpg,1,fake,cifake,cifake,unknown,test,32,32,7a0a03b481ceed16e0a936ba0cf4e39c661faa95bf4c2a6ba409bca25c731fb2
data/raw/CIFAKE/test/FAKE/372 (3).jpg,1,fake,cifake,cifake,unknown,test,32,32,e13b8a3d147e920bb7cc5334cd6cbecbf201572d15cf8f553bff24f7fa1b25a4
data/raw/CIFAKE/test/FAKE/373 (7).jpg,1,fake,cifake,cifake,unknown,test,32,32,b22a851491773649122c19a69fd8a36c1757cfcae504680f9b9f4b0a38d74898
data/raw/CIFAKE/test/FAKE/374 (7).jpg,1,fake,cifake,cifake,unknown,test,32,32,3b4e5af2431b2ef8cf112104815bfdc91e83801f97b5408f51854933f26c285f
data/raw/CIFAKE/test/FAKE/378 (6).jpg,1,fake,cifake,cifake,unknown,test,32,32,4eac5146514dd50a17729261c36001e24720670feac4610e417829787ad57926
data/raw/CIFAKE/test/FAKE/38 (7).jpg,1,fake,cifake,cifake,unknown,test,32,32,2ea31542abb96a1e8b8dd8c1b23407548ea2008bc20994d22bb8332a38f347fe
data/raw/CIFAKE/test/FAKE/381 (7).jpg,1,fake,cifake,cifake,unknown,test,32,32,a5d0452b0476baf0c2e5113423f34e35fac3ae40370af2a3f86e1c84cd801062
data/raw/CIFAKE/test/FAKE/383 (3).jpg,1,fake,cifake,cifake,unknown,test,32,32,b0f1c146f6ba8efb5a04d68c67bf4dea2f98150b77bc7b9f8d720763c67b2bba
data/raw/CIFAKE/test/FAKE/383 (7).jpg,1,fake,cifake,cifake,unknown,test,32,32,e9fc9263a1c4ecad0aff9bdece9c67998e6d5e5103a6f2bd8f39eaf6ad4705ed
data/raw/CIFAKE/test/FAKE/384 (6).jpg,1,fake,cifake,cifake,unknown,test,32,32,c1825fb9b50d95bf045ba595f5758e9d312466450873dc8534fa0aa289a84101
data/raw/CIFAKE/test/FAKE/393 (7).jpg,1,fake,cifake,cifake,unknown,test,32,32,017142177002c354057d277fc9edd2281e52041bacb3280c242741019431e83f
data/raw/CIFAKE/test/FAKE/396 (7).jpg,1,fake,cifake,cifake,unknown,test,32,32,dce3a0801e697fa06edf4c4903bdf13b735bb95d1b5e03227dcd54bbfc4c5cc6
data/raw/CIFAKE/test/FAKE/397 (3).jpg,1,fake,cifake,cifake,unknown,test,32,32,f594f4cadb131e83d6f41d1c8ad825fda3f7e2d02ec7b1c9d2fa7f0818e15247
data/raw/CIFAKE/test/FAKE/397 (7).jpg,1,fake,cifake,cifake,unknown,test,32,32,3248e32a2d6888951285945f507078e6e6c0da18470b49d8c0497063f1dbad30
data/raw/CIFAKE/test/FAKE/398 (3).jpg,1,fake,cifake,cifake,unknown,test,32,32,fc4bb9e380f4768a119f58e4efb7bf24507a0123e955c9707418a51b9e4abe45
data/raw/CIFAKE/test/FAKE/399 (6).jpg,1,fake,cifake,cifake,unknown,test,32,32,961b3cc979fc0348838c6e6b1f621e2039b0a9fd014be10e19d80411fa0d0626
data/raw/CIFAKE/test/FAKE/40 (6).jpg,1,fake,cifake,cifake,unknown,test,32,32,471833009d244100e352e1aea957e74aed0879621a72b7cb3571cbceefe9c0a1
data/raw/CIFAKE/test/FAKE/40 (7).jpg,1,fake,cifake,cifake,unknown,test,32,32,200a6b705973245862961fd55aa41c0d3933dbe6fcf6fad9629e2a853ee8cd18
data/raw/CIFAKE/test/FAKE/403 (3).jpg,1,fake,cifake,cifake,unknown,test,32,32,8919d72d92b71eacff4f70bca8fcb51ce7988209f454a050ce7d618a62bd977b
data/raw/CIFAKE/test/FAKE/404 (3).jpg,1,fake,cifake,cifake,unknown,test,32,32,529c69ac361a7e92fd18bde579312354cf207716f626ee27a4ab823cda83706c
data/raw/CIFAKE/test/FAKE/410 (7).jpg,1,fake,cifake,cifake,unknown,test,32,32,7bb1c201783ef3d4b2a2bd42c7b4f1e71ff793b8b2dcb514b4f7461c941aa3e6
data/raw/CIFAKE/test/FAKE/411 (7).jpg,1,fake,cifake,cifake,unknown,test,32,32,4130cb7b27b2fd3b08c4491cd3493c10da010e5e915dfd72b1ca0861b140bdcd
data/raw/CIFAKE/test/FAKE/412 (3).jpg,1,fake,cifake,cifake,unknown,test,32,32,350f2291620a9df9be8b3070a3d73bd0402b435b547310978bb469d3e8a0ae36
data/raw/CIFAKE/test/FAKE/414 (7).jpg,1,fake,cifake,cifake,unknown,test,32,32,0388827e0be1356f8f12408c8e2e7fedad7ee7f5daaf01d14c01176637beddbc
data/raw/CIFAKE/test/FAKE/415 (6).jpg,1,fake,cifake,cifake,unknown,test,32,32,8b2edb4b4ba807c96143d3d90d1e4e98f0aaa376e44d00c5d0db11c10440e724
data/raw/CIFAKE/test/FAKE/419 (7).jpg,1,fake,cifake,cifake,unknown,test,32,32,2a4712aedcde8cfc257fb5c9294cae128ed64ebedc5aa6f67b1bb932e531ebc6
data/raw/CIFAKE/test/FAKE/42 (7).jpg,1,fake,cifake,cifake,unknown,test,32,32,eb063dd55f79088dc3a577b5064992d7957607ceba291a81882cb0fb3ac1fda1
data/raw/CIFAKE/test/FAKE/425 (7).jpg,1,fake,cifake,cifake,unknown,test,32,32,3915b3493d0142422f8e0d5edd5f8b3c37c3b8b37f3ed8463418854eb1060744
data/raw/CIFAKE/test/FAKE/429 (6).jpg,1,fake,cifake,cifake,unknown,test,32,32,80d8ed60f8e562f04e10b3108df739b307419a2f896433f6a78dcf9756925cd3
data/raw/CIFAKE/test/FAKE/430 (6).jpg,1,fake,cifake,cifake,unknown,test,32,32,cc0c0755ce9bf097a43644a6da93ddd83668ba0420232bb1fb13fdeb43116639
data/raw/CIFAKE/test/FAKE/431 (3).jpg,1,fake,cifake,cifake,unknown,test,32,32,27189c5ebf081550c1e180ce0f1d5733a71794daab89753cf950cc51d1300f33
data/raw/CIFAKE/test/FAKE/434 (7).jpg,1,fake,cifake,cifake,unknown,test,32,32,5ead59c9264ba91f5d60b0c0427655751336f6d3ed92e5f03e535d4abfd28cfb
data/raw/CIFAKE/test/FAKE/44 (3).jpg,1,fake,cifake,cifake,unknown,test,32,32,45bde3465ba84132eb4374ab6beef3fb5976390e2260a5655b7f4d2bbbdc2e11
data/raw/CIFAKE/test/FAKE/442 (6).jpg,1,fake,cifake,cifake,unknown,test,32,32,2f48b14b4b570209ad7aa2e2f8a96de2c656fcf02f081a4c8ca881b063649e5b
data/raw/CIFAKE/test/FAKE/442 (7).jpg,1,fake,cifake,cifake,unknown,test,32,32,ee29dac34b7c17fd9133dd7a45bb92c6325c7fe5f32cd5116af3e3cfe97ccfb0
data/raw/CIFAKE/test/FAKE/443 (7).jpg,1,fake,cifake,cifake,unknown,test,32,32,06e977502a61efe62de2887d7caf1fcde7dfda7feb134cc63d26984cd4bf61df
data/raw/CIFAKE/test/FAKE/445 (6).jpg,1,fake,cifake,cifake,unknown,test,32,32,bebd0cb29a7c80525666f296da7a94004d81bae479140b001b466b203e56e8d8
data/raw/CIFAKE/test/FAKE/448 (6).jpg,1,fake,cifake,cifake,unknown,test,32,32,2f169ce11163552c7b63c8dc5d26fc329efabff96df968c7de9e4b7e0fe43db1
data/raw/CIFAKE/test/FAKE/449 (6).jpg,1,fake,cifake,cifake,unknown,test,32,32,d3e9febea314709c68be0ced373a31bded18f87370b2903e726cb31c4e834d1a
data/raw/CIFAKE/test/FAKE/450 (7).jpg,1,fake,cifake,cifake,unknown,test,32,32,58359cdd095d91477af9021696b0a5db2fd0ddd5df40162fc10f78c436262f47
data/raw/CIFAKE/test/FAKE/452 (6).jpg,1,fake,cifake,cifake,unknown,test,32,32,bd64255dd5a171d2585d6b8b01a21162ea6a90886388d0fb9b792613dcfe2da0
data/raw/CIFAKE/test/FAKE/453 (6).jpg,1,fake,cifake,cifake,unknown,test,32,32,0fd1ffd2dc4fcd7b28633b7578e34bb570e9a2a6670cfba69d7801c01e679e58
data/raw/CIFAKE/test/FAKE/461 (7).jpg,1,fake,cifake,cifake,unknown,test,32,32,48d16877d6d754a373c8450c3ade27c272a957813f52ffe3e45ca2f17f0022b7
data/raw/CIFAKE/test/FAKE/462 (3).jpg,1,fake,cifake,cifake,unknown,test,32,32,c2b41e7b6cd6cc529dce3d15aedffd23a3117613d8631ab1d7d933cc6cef0425
data/raw/CIFAKE/test/FAKE/466 (7).jpg,1,fake,cifake,cifake,unknown,test,32,32,c370f7123bfe0455bcc95672c20a2edc42610f58f444f7cd815344a03446a8d0
data/raw/CIFAKE/test/FAKE/467 (7).jpg,1,fake,cifake,cifake,unknown,test,32,32,efb025e3561372f505ef73af5f943bb500187f10727d280cd469c2c61becc478
data/raw/CIFAKE/test/FAKE/469 (7).jpg,1,fake,cifake,cifake,unknown,test,32,32,a59af6156c12d57dc82134f17727afd5ef75039bad3d126bee382fc105318f6b
data/raw/CIFAKE/test/FAKE/471 (6).jpg,1,fake,cifake,cifake,unknown,test,32,32,7cb46ed345be70676440b2fa7227288fe0b5c19dc100661996f681cea21ff2cd
data/raw/CIFAKE/test/FAKE/479 (3).jpg,1,fake,cifake,cifake,unknown,test,32,32,623d10521b8d2787f07a376931b6f23d791e6a4f3422de78a6b671cda53b31e8
data/raw/CIFAKE/test/FAKE/48 (6).jpg,1,fake,cifake,cifake,unknown,test,32,32,d3d12065ce264a600af287c03a8d11cd9a5891e2db9e95e79d36a9e8128b59ba
data/raw/CIFAKE/test/FAKE/481 (6).jpg,1,fake,cifake,cifake,unknown,test,32,32,17cffb894389fac2996e9d600a0ef09930f1f3eb127d9d9a0339240fd922623c
data/raw/CIFAKE/test/FAKE/484 (7).jpg,1,fake,cifake,cifake,unknown,test,32,32,ad666cc7d963a64be1d2ef0d582a22ce4115bfdac6a4845bb40f1aa46d1660d5
data/raw/CIFAKE/test/FAKE/485 (3).jpg,1,fake,cifake,cifake,unknown,test,32,32,3fb997091fadd8c6a2fc911c41c77e5d50b26c25b4a2e97ff29d6a8ef65431c1
data/raw/CIFAKE/test/FAKE/485 (6).jpg,1,fake,cifake,cifake,unknown,test,32,32,23ad1b0d132e3487591043ee9ce75a110afc76a3a9fccfdf2b933774c6618bfc
data/raw/CIFAKE/test/FAKE/49 (7).jpg,1,fake,cifake,cifake,unknown,test,32,32,740f76fc5b81a53e00e227680a4ed737d33a12a3dd7c92393c59ec2a439bd631
data/raw/CIFAKE/test/FAKE/496 (7).jpg,1,fake,cifake,cifake,unknown,test,32,32,70a0528ccce5d3a531206b30fe31f4a5b8dfc36a99db4ce1f453c3782b3adcd9
data/raw/CIFAKE/test/FAKE/503 (7).jpg,1,fake,cifake,cifake,unknown,test,32,32,f81d7865ab872f722a3cfbd1221bd1910601cb5a7d77948f55bd5197f1cc60c4
data/raw/CIFAKE/test/FAKE/505 (6).jpg,1,fake,cifake,cifake,unknown,test,32,32,901142b3a2ba3b8caf3922c4791762a5dd36e26d3f2f02da6ed5d7e3f98769c9
data/raw/CIFAKE/test/FAKE/505 (7).jpg,1,fake,cifake,cifake,unknown,test,32,32,27cd3cdb6488b0a97d26c22c6272f6f7f389cd87234cdf8c0fc6bd6631e0a559
data/raw/CIFAKE/test/FAKE/506 (7).jpg,1,fake,cifake,cifake,unknown,test,32,32,8438533690ea5570e7d86cbbfb4c899cdf1270fb1f70307c4791d45143b59284
data/raw/CIFAKE/test/FAKE/509 (3).jpg,1,fake,cifake,cifake,unknown,test,32,32,0c0f4de637684e31741fa4f539814fc86c01791325e69cd0a80ed044b98e86a9
data/raw/CIFAKE/test/FAKE/509 (6).jpg,1,fake,cifake,cifake,unknown,test,32,32,468b63df173ef43e5d967c51ca31dddf2f6b10ebe2c68b034d5d3413523a93bc
data/raw/CIFAKE/test/FAKE/509 (7).jpg,1,fake,cifake,cifake,unknown,test,32,32,e3e24e8a93ecddbf0e437d99eb7c16b1a581d6b368ca7c70901f48f414602f32
data/raw/CIFAKE/test/FAKE/514 (7).jpg,1,fake,cifake,cifake,unknown,test,32,32,97c5788201c02b60078fe96e44b3b19a0203f02afbb04973b7be1863ab25332b
data/raw/CIFAKE/test/FAKE/515 (3).jpg,1,fake,cifake,cifake,unknown,test,32,32,d9ac4b5058e1d7ab45316ae852a895f2918890f8b602a740cf894718c8398ced
data/raw/CIFAKE/test/FAKE/52 (3).jpg,1,fake,cifake,cifake,unknown,test,32,32,387e5a57fc18e9add8d811203afb0a62d40cf5efd29d05da013dafaf0e9014fe
data/raw/CIFAKE/test/FAKE/524 (6).jpg,1,fake,cifake,cifake,unknown,test,32,32,de0cf113e16b19859335bd4a89081edcf565eb0c712c4bc030e97ae79f84a22c
data/raw/CIFAKE/test/FAKE/524 (7).jpg,1,fake,cifake,cifake,unknown,test,32,32,36d5ef38ee022550c9dd2ca843499fc2268cbc669992b42babd42ddd1aa3dfda
data/raw/CIFAKE/test/FAKE/526 (7).jpg,1,fake,cifake,cifake,unknown,test,32,32,6e8e72bfb2d0d1d925aec090ebd1f8cbdece7f4856bfaca4f5d803db7e05aa28
data/raw/CIFAKE/test/FAKE/528 (3).jpg,1,fake,cifake,cifake,unknown,test,32,32,970b04f2af65fd729457eb39e28dfe51fab3ab31c45bef99eb55c0bded9df299
data/raw/CIFAKE/test/FAKE/53 (3).jpg,1,fake,cifake,cifake,unknown,test,32,32,71abcedb279178a1e7a7147bbc96d40a82a2c41192c0872d60dc75d11d64322c
data/raw/CIFAKE/test/FAKE/530 (6).jpg,1,fake,cifake,cifake,unknown,test,32,32,f8703f8e4021f68b6d23407a670a255bf21b04218be599f3dd44bd4ecfa2a98a
data/raw/CIFAKE/test/FAKE/531 (6).jpg,1,fake,cifake,cifake,unknown,test,32,32,f1e94ebf90c21bb60ce2b0b3af3983418d81a13abc5b9678d8f3d1dd29824ce0
data/raw/CIFAKE/test/FAKE/532 (3).jpg,1,fake,cifake,cifake,unknown,test,32,32,639b0d83f65915265deaa8cf3eb1be65884a57673521e2108c72587eca9197e4
data/raw/CIFAKE/test/FAKE/533 (3).jpg,1,fake,cifake,cifake,unknown,test,32,32,28fff95698b08cbd45d52f574ccbb9e7a015c24e9847db23f93baea6630a610c
data/raw/CIFAKE/test/FAKE/54 (3).jpg,1,fake,cifake,cifake,unknown,test,32,32,5f1216fcff0b76e1205954f63e2b13b11ac1b6e6d7655cb7b4ee08adcf8ba5ea
data/raw/CIFAKE/test/FAKE/543 (3).jpg,1,fake,cifake,cifake,unknown,test,32,32,47fe4f03360c1ef794950db9dc4401dcde6307cd6cf59bb6bb1fe7cad82e15a6
data/raw/CIFAKE/test/FAKE/544 (3).jpg,1,fake,cifake,cifake,unknown,test,32,32,cfee941e34eb5b5216704a792fb88d2a24cececb9588af4d7d98e50abb67217c
data/raw/CIFAKE/test/FAKE/546 (6).jpg,1,fake,cifake,cifake,unknown,test,32,32,b4eecfdac3b892134da04ee447470d24a1d23bdd5a36f564508b782dd1bae408
data/raw/CIFAKE/test/FAKE/551 (3).jpg,1,fake,cifake,cifake,unknown,test,32,32,c2da2183079820ab08164b3f87dd5a95d53cd159227aac1dd91271f48ecbf3da
data/raw/CIFAKE/test/FAKE/551 (7).jpg,1,fake,cifake,cifake,unknown,test,32,32,f3e43c87bbe566ebf79c556b53bafa79ea5d9ce6b7cc02a0423182c17416c2c7
data/raw/CIFAKE/test/FAKE/552 (7).jpg,1,fake,cifake,cifake,unknown,test,32,32,a8924d4fe1044104771a90f0c374753b192684a9ae2cdd3f8884e6a4d47f86af
data/raw/CIFAKE/test/FAKE/555 (3).jpg,1,fake,cifake,cifake,unknown,test,32,32,174ec4f1da7030540e15a33ad3876207fb9d362a90bdb965ccc0e4f9b054af84
data/raw/CIFAKE/test/FAKE/558 (7).jpg,1,fake,cifake,cifake,unknown,test,32,32,4267660d8ea864e15ac5af4b13f179d54309e3368fecfd7b68ecc612b606eab0
data/raw/CIFAKE/test/FAKE/560 (7).jpg,1,fake,cifake,cifake,unknown,test,32,32,a75690bc191c76fe3b4c537d67f6bec2fd2f114d4c7cc907d4c2496a370087fd
data/raw/CIFAKE/test/FAKE/562 (3).jpg,1,fake,cifake,cifake,unknown,test,32,32,4fd4ecd1d8f05ae8aa96ad04e70b890931f6014aaf321a4be9c6a3c7c7bae4a2
data/raw/CIFAKE/test/FAKE/563 (7).jpg,1,fake,cifake,cifake,unknown,test,32,32,5a11cfcf65709b1a72e7fd35a27d80e2451ebc40ec52a365f816e3fd4fbc93e7
data/raw/CIFAKE/test/FAKE/565 (3).jpg,1,fake,cifake,cifake,unknown,test,32,32,f0186663e1f79d99e4febb6a2b7232c23cbe0552c6ff9d98fc256b6e7e46fd34
data/raw/CIFAKE/test/FAKE/567 (7).jpg,1,fake,cifake,cifake,unknown,test,32,32,2ea7475299024d93b5644ce37f1c04d9269584bb340dacd9fc035eca976d8309
data/raw/CIFAKE/test/FAKE/568 (7).jpg,1,fake,cifake,cifake,unknown,test,32,32,ae312aa29f4533f1761a52c93b56ed55404923059c23003cbba7c266d0cb00c6
data/raw/CIFAKE/test/FAKE/57 (3).jpg,1,fake,cifake,cifake,unknown,test,32,32,d261c32b2f6df04a403fa66a8cbadb89f01ad6e687e762b8231f266872cf0349
data/raw/CIFAKE/test/FAKE/571 (7).jpg,1,fake,cifake,cifake,unknown,test,32,32,2109064563f03d7c27ff00bf1cd2df604a4fe134376a475600367a6e4c5b684b
data/raw/CIFAKE/test/FAKE/58 (6).jpg,1,fake,cifake,cifake,unknown,test,32,32,2c0516ce715a0979ae136ae8556a09e2a5722533f772866948a56f7e9a4c19e5
data/raw/CIFAKE/test/FAKE/580 (3).jpg,1,fake,cifake,cifake,unknown,test,32,32,dd1311b5a609c2a7d7d3a0a9f6c8342a3fcbaa78a2fc6adc66002fb10d6171ba
data/raw/CIFAKE/test/FAKE/584 (7).jpg,1,fake,cifake,cifake,unknown,test,32,32,836c6bbe49060bdd91e2855d1984fa3aa77dc5c48e5df499df6196ffc23c5f11
data/raw/CIFAKE/test/FAKE/59 (6).jpg,1,fake,cifake,cifake,unknown,test,32,32,be0a6200afba82f140246a62d6d1aebb50d18b654e089c7e82ee321ec2784f09
data/raw/CIFAKE/test/FAKE/592 (3).jpg,1,fake,cifake,cifake,unknown,test,32,32,8697e0a04d5232a55b6c2082c07654d33be8ffd70c33658309d8335dfcc41280
data/raw/CIFAKE/test/FAKE/598 (6).jpg,1,fake,cifake,cifake,unknown,test,32,32,25dfdc9f1242167272821f93635916e6e3aee04161a1588ca911c778f22c41c2
data/raw/CIFAKE/test/FAKE/600 (7).jpg,1,fake,cifake,cifake,unknown,test,32,32,3e6dae57cb2484ace7d3dc2fece401e857a39dae9b6a3d497d0df07eac1f0b77
data/raw/CIFAKE/test/FAKE/601 (3).jpg,1,fake,cifake,cifake,unknown,test,32,32,ebf339ceb472d7de0c6fc6af766dea9c8567f79eae388c8032252c8d5f143c39
data/raw/CIFAKE/test/FAKE/603 (6).jpg,1,fake,cifake,cifake,unknown,test,32,32,ba7edf60e1f03cc200436e23c9c9a6487cb8f67b960c4ee5c953775577d3ce23
data/raw/CIFAKE/test/FAKE/605 (3).jpg,1,fake,cifake,cifake,unknown,test,32,32,51bb62df168e84abdae28104b439a05a4bbcb8b211308efba43c07ec2daba230
data/raw/CIFAKE/test/FAKE/605 (6).jpg,1,fake,cifake,cifake,unknown,test,32,32,6e4353b3cf289723c0640c828204383637f48630146d74f756f2db5c92496b5a
data/raw/CIFAKE/test/FAKE/606 (6).jpg,1,fake,cifake,cifake,unknown,test,32,32,2e504832f1415aecf1ef5932dca4505fe888fd92506a0205699c4a6bf4ec5a4f
data/raw/CIFAKE/test/FAKE/611 (3).jpg,1,fake,cifake,cifake,unknown,test,32,32,c3b1e5f8c4011c2fe6e4392d4c155a3459ec6d01924931467edd5258e34c6c8c
data/raw/CIFAKE/test/FAKE/615 (3).jpg,1,fake,cifake,cifake,unknown,test,32,32,7db8e387f17347ee8d0fbc626301b4890e988b51a62d67ff20486ae59266553d
data/raw/CIFAKE/test/FAKE/62 (6).jpg,1,fake,cifake,cifake,unknown,test,32,32,4a35fa63a3bd371c4b8ca3417e2925cab3f51fd91a7b4440589f7b86cba05fa5
data/raw/CIFAKE/test/FAKE/62 (7).jpg,1,fake,cifake,cifake,unknown,test,32,32,d035f610fcbc8ed3e871340472779434b575b68bed5f47440d4dc1f398b2bea0
data/raw/CIFAKE/test/FAKE/620 (6).jpg,1,fake,cifake,cifake,unknown,test,32,32,ce6cd36af8d6fe319f233fc9fd75ae946bbf6db31ea9a2834da12dd196311930
data/raw/CIFAKE/test/FAKE/623 (6).jpg,1,fake,cifake,cifake,unknown,test,32,32,18e222a724c0ef21afadc35f03b6a15af4260a14bb9f7fb9f1bc468aa44d2b9e
data/raw/CIFAKE/test/FAKE/63 (6).jpg,1,fake,cifake,cifake,unknown,test,32,32,50db1c60d4d3522644cc3774fae291e8ac18ba93e6dc79db8ad267a13e2cbae8
data/raw/CIFAKE/test/FAKE/640 (7).jpg,1,fake,cifake,cifake,unknown,test,32,32,7e9f6cae82a16a99593ada6e9f20ef4cd324494b3062a1332eab5bfbae089832
data/raw/CIFAKE/test/FAKE/652 (3).jpg,1,fake,cifake,cifake,unknown,test,32,32,143de954b511d644ead537dca16aeaf4c2ce24a4b77946c799b0564375d69eab
data/raw/CIFAKE/test/FAKE/657 (6).jpg,1,fake,cifake,cifake,unknown,test,32,32,f621f67f101bf35679f1be1038dd25ad5370e75dfa40f89e4688c459e88d49b3
data/raw/CIFAKE/test/FAKE/659 (6).jpg,1,fake,cifake,cifake,unknown,test,32,32,c1a988382876bf44b36fd1731d292c828c0856f63c6bc183f8e98b601b93840b
data/raw/CIFAKE/test/FAKE/659 (7).jpg,1,fake,cifake,cifake,unknown,test,32,32,107675d7cb93781d073235218f3ec41477b5de360a8aeede0e3a4d2b30ceffa3
data/raw/CIFAKE/test/FAKE/661 (7).jpg,1,fake,cifake,cifake,unknown,test,32,32,bfa2f0c8b85ed5336f26e8b4b0a15224939ace070d60ccf1d8dd63acb87c8a96
data/raw/CIFAKE/test/FAKE/662 (3).jpg,1,fake,cifake,cifake,unknown,test,32,32,89ff3e5156cd91395db138fd24cf54fa4e933c626bcf341b6d0fe328b91fc41b
data/raw/CIFAKE/test/FAKE/663 (7).jpg,1,fake,cifake,cifake,unknown,test,32,32,8f89530e9d10b249c28e36dda1af364a150cb18a5b9ba3e266b364ae6e766a7a
data/raw/CIFAKE/test/FAKE/667 (3).jpg,1,fake,cifake,cifake,unknown,test,32,32,ec496fd585f825038e443e87faedbebdb9b9a1cd1e01231c1591db6a1d74289e
data/raw/CIFAKE/test/FAKE/675 (6).jpg,1,fake,cifake,cifake,unknown,test,32,32,83be589e669315dd409fc9f54e3f202dd3721d7253e7b51e095e20745b7b1df1
data/raw/CIFAKE/test/FAKE/677 (6).jpg,1,fake,cifake,cifake,unknown,test,32,32,b1b28e9be013f03b3da005ff961b42860212a5ec949a59fbcf4de21bb0d833dc
data/raw/CIFAKE/test/FAKE/678 (7).jpg,1,fake,cifake,cifake,unknown,test,32,32,97c4486b418c41e50e556d9af9aa00662ca9949c1b254b62aff03b69344a6ed0
data/raw/CIFAKE/test/FAKE/679 (3).jpg,1,fake,cifake,cifake,unknown,test,32,32,4b98a6fbfc4955b9bb0a83df246a073391fdd57c4d2d1ff960a056e1256439b7
data/raw/CIFAKE/test/FAKE/679 (6).jpg,1,fake,cifake,cifake,unknown,test,32,32,82baa97bc8ce3e5a101211b337c9c2bf5e745c0a5e51614c8b0629d42862f748
data/raw/CIFAKE/test/FAKE/680 (3).jpg,1,fake,cifake,cifake,unknown,test,32,32,90279fb37f119711bbdef617a228baf09a8878367cbb4023c93e2abe443f6193
data/raw/CIFAKE/test/FAKE/69 (7).jpg,1,fake,cifake,cifake,unknown,test,32,32,1f9db84f36a583d70cd124b37e25bd3f1f7ca16f22428a85f09faf9a237b2678
data/raw/CIFAKE/test/FAKE/692 (7).jpg,1,fake,cifake,cifake,unknown,test,32,32,258745de05c6e69305c169306f800b837a2eddb3409d5a96649efd9928984426
data/raw/CIFAKE/test/FAKE/696 (6).jpg,1,fake,cifake,cifake,unknown,test,32,32,92dbd5197934c2fd672db0f052ae201b7e401f01034590a37120b78861252b17
data/raw/CIFAKE/test/FAKE/697 (6).jpg,1,fake,cifake,cifake,unknown,test,32,32,2e23f9777ee6f3b8894bc92a4d42e5f9d7f79f704a95cd81ea6ee1b075ac82a9
data/raw/CIFAKE/test/FAKE/700 (6).jpg,1,fake,cifake,cifake,unknown,test,32,32,9627d575051c19924d25c03a1154b1d58a77501295057b381513d5abb6181f8e
data/raw/CIFAKE/test/FAKE/702 (3).jpg,1,fake,cifake,cifake,unknown,test,32,32,20e0d2d83c6b3cf5dcdd028d9a03d4ee902e1b427230bd73a0fdc58c54316213
data/raw/CIFAKE/test/FAKE/708 (7).jpg,1,fake,cifake,cifake,unknown,test,32,32,eaa9d04fd72363d4a171d342731434aba61ec4fbab3eb31c927f0f4661da9ef7
data/raw/CIFAKE/test/FAKE/709 (3).jpg,1,fake,cifake,cifake,unknown,test,32,32,f6a42e4111ac9392f5c3dbc41e8925c078e0222da90c5af35f7c4e2bb32bdfb6
data/raw/CIFAKE/test/FAKE/71 (6).jpg,1,fake,cifake,cifake,unknown,test,32,32,44348c7d978b9fa6f6078a39f557679b5fe658ba7044afa0efd54e71050e8c1d
data/raw/CIFAKE/test/FAKE/716 (3).jpg,1,fake,cifake,cifake,unknown,test,32,32,c81f5756c527bad81276c05be84b44485b76d6e429f8253c7bdd773d2c4a6373
data/raw/CIFAKE/test/FAKE/72 (6).jpg,1,fake,cifake,cifake,unknown,test,32,32,fff440c8e7fa3ffa7730ef927519476e99520b2657fad060d9d75e3564753f9e
data/raw/CIFAKE/test/FAKE/721 (7).jpg,1,fake,cifake,cifake,unknown,test,32,32,7755d0675f4532a4dbfbd6a915c9c4680e14c5cf68da484a5cacd2b067ce898d
data/raw/CIFAKE/test/FAKE/724 (7).jpg,1,fake,cifake,cifake,unknown,test,32,32,e2363dec1b7c9cba7c85cf00b3c26591a801ae057ce6936b93a25c5533156055
data/raw/CIFAKE/test/FAKE/729 (6).jpg,1,fake,cifake,cifake,unknown,test,32,32,49da333fdaaf4f3db086d9ecdb5adeddd8c2637e86a4a6f3285e57998404015d
data/raw/CIFAKE/test/FAKE/73 (6).jpg,1,fake,cifake,cifake,unknown,test,32,32,f8642af9b1287a529de7599fc24315c83b9c80aeccabc79848820d7f4d4889fe
data/raw/CIFAKE/test/FAKE/730 (3).jpg,1,fake,cifake,cifake,unknown,test,32,32,4312a5a1592fce8be0f8407f880874e548ce8181d3d36d33fcd06f12fd210c63
data/raw/CIFAKE/test/FAKE/730 (6).jpg,1,fake,cifake,cifake,unknown,test,32,32,1ce9d101ecd6c50ee0105f7d6127ee3e1b6a09de73b607593da8bb2701563e3e
data/raw/CIFAKE/test/FAKE/731 (6).jpg,1,fake,cifake,cifake,unknown,test,32,32,e8720b3cdeaa570f28402df85e3aff103e95135d43d94cade39d82c4e67e5dd1
data/raw/CIFAKE/test/FAKE/739 (3).jpg,1,fake,cifake,cifake,unknown,test,32,32,1bb85a505886a0f58df3183b600406245a50ad671e7a3e720cbb563ddd09beeb
data/raw/CIFAKE/test/FAKE/741 (6).jpg,1,fake,cifake,cifake,unknown,test,32,32,3416c9307c00ceb188d8c367105d87faa81c24c4f82c2dfe410f05e4b30490e5
data/raw/CIFAKE/test/FAKE/741 (7).jpg,1,fake,cifake,cifake,unknown,test,32,32,3c7d0b50dae0f78443d3a717cad545c3a520a0b5dea2f47dd96d4fbd93fe2560
data/raw/CIFAKE/test/FAKE/742 (6).jpg,1,fake,cifake,cifake,unknown,test,32,32,d9c0e59890b4218781d611825d79d372d534e2e7f780ba8006ae3100f2eefeb8
data/raw/CIFAKE/test/FAKE/743 (6).jpg,1,fake,cifake,cifake,unknown,test,32,32,2408214834bd8032461b6cbfb31d90f563d5bf665a2289f9a41903e4a3ce939c
data/raw/CIFAKE/test/FAKE/746 (7).jpg,1,fake,cifake,cifake,unknown,test,32,32,0b33f80f310adfc20e15a17ab21ffbbd6d0e5511e3ec7afe2e174f49a540427d
data/raw/CIFAKE/test/FAKE/750 (3).jpg,1,fake,cifake,cifake,unknown,test,32,32,a7b36dd1d64a34ed8e40fe84fa473638e1f93378727757b9399f0f6a4a9ca8e9
data/raw/CIFAKE/test/FAKE/752 (3).jpg,1,fake,cifake,cifake,unknown,test,32,32,883518cf2291b0de2abda31585642c1cb9e5aabd4e7af922856d4e3be01ba6be
data/raw/CIFAKE/test/FAKE/753 (7).jpg,1,fake,cifake,cifake,unknown,test,32,32,0f1b8215ca3ff90ed837126063dbf202c6998b0508bd1961503b24ff8d6b06c3
data/raw/CIFAKE/test/FAKE/754 (6).jpg,1,fake,cifake,cifake,unknown,test,32,32,63230483cac7c947032e455abe615e052eb6d8aed31f3f94087088dc529c3ebf
data/raw/CIFAKE/test/FAKE/76 (6).jpg,1,fake,cifake,cifake,unknown,test,32,32,8a2850945f949530770e4409e84b75d133a86b68cc17edfa8ffa29c245288d4f
data/raw/CIFAKE/test/FAKE/766 (6).jpg,1,fake,cifake,cifake,unknown,test,32,32,b0ca9be1b60d1447570218d4d425acd78b4a8c0de9ba3ad1fb6682523b81543c
data/raw/CIFAKE/test/FAKE/77 (3).jpg,1,fake,cifake,cifake,unknown,test,32,32,4e5f7da5f0acf417091712053cb763228e4d124d9ee71ee6a9c7a9ca71e592d8
data/raw/CIFAKE/test/FAKE/773 (3).jpg,1,fake,cifake,cifake,unknown,test,32,32,6766e472960a24c7302ac2856b81e93cfa70266f3c681389e92a41af4431d2fd
data/raw/CIFAKE/test/FAKE/773 (6).jpg,1,fake,cifake,cifake,unknown,test,32,32,e28d6cb6a706db8e98699a777c67e88b5378aea165f20b181f4acf280263b8ad
data/raw/CIFAKE/test/FAKE/775 (6).jpg,1,fake,cifake,cifake,unknown,test,32,32,4d58a12524d7b029f1b6a14fa111608e27b1ffb7a853c5f3b4d306e10b8b92d9
data/raw/CIFAKE/test/FAKE/777 (7).jpg,1,fake,cifake,cifake,unknown,test,32,32,6d4d03e5475448b187b6ce53110b9595870312483e939afd39aa76a84b94679e
data/raw/CIFAKE/test/FAKE/779 (3).jpg,1,fake,cifake,cifake,unknown,test,32,32,ea3826775ad6702f22fa329a5807197ac478924e82bd28a6da4466d6b57a8fdf
data/raw/CIFAKE/test/FAKE/779 (7).jpg,1,fake,cifake,cifake,unknown,test,32,32,203be01c5b48b0a06a4d84d11f69607f59f680ab243fce2aab36c5e1659283f2
data/raw/CIFAKE/test/FAKE/780 (3).jpg,1,fake,cifake,cifake,unknown,test,32,32,e7c10b43e81510dd0c82f8c884bebf97f5531c5cbf8e26c3e3732e310c4506a5
data/raw/CIFAKE/test/FAKE/780 (7).jpg,1,fake,cifake,cifake,unknown,test,32,32,4cd84ff659ffb999559f5ee7639ee3e7f24804fa5c6245360e86ad14fbcd5db8
data/raw/CIFAKE/test/FAKE/782 (7).jpg,1,fake,cifake,cifake,unknown,test,32,32,dfd1fdae2bd239b3b52b2466569c946b9222e7bc8acba24d0545565b8fcc6046
data/raw/CIFAKE/test/FAKE/783 (3).jpg,1,fake,cifake,cifake,unknown,test,32,32,467f33719133ea102c1aa38f1d5a9092ee19ab16f216e5be76de69cbf4665c99
data/raw/CIFAKE/test/FAKE/784 (6).jpg,1,fake,cifake,cifake,unknown,test,32,32,1be262ae8bd80ead8c1ce6bc6afc0f2036eb7eda00349742017343a510711750
data/raw/CIFAKE/test/FAKE/787 (6).jpg,1,fake,cifake,cifake,unknown,test,32,32,adc34d4fdfc4d73c4d78f9333edad245edaa46b07fc914de2613b1b15faceb94
data/raw/CIFAKE/test/FAKE/787 (7).jpg,1,fake,cifake,cifake,unknown,test,32,32,3d816a97322b863c1da40752f8ae433c8600317a17d10a4bd308c2758c2a021f
data/raw/CIFAKE/test/FAKE/79 (3).jpg,1,fake,cifake,cifake,unknown,test,32,32,cbd4a9328704950f034381384af26e9618f4973b671cba4c6639896dcf57908f
data/raw/CIFAKE/test/FAKE/79 (7).jpg,1,fake,cifake,cifake,unknown,test,32,32,953dd3bf77ea520a21ffed71167fcd08b86f19f8b35c3b448a3f0f59dc22b0c5
data/raw/CIFAKE/test/FAKE/791 (6).jpg,1,fake,cifake,cifake,unknown,test,32,32,806053dfa2631c8adaa012aa1b71e6879bbae7f8136e2eaf3fed85c3a2fde33b
data/raw/CIFAKE/test/FAKE/791 (7).jpg,1,fake,cifake,cifake,unknown,test,32,32,95944bc40ab00083ba5a25f3acde5181d94467388d486d8123165c56e39c47d6
data/raw/CIFAKE/test/FAKE/795 (6).jpg,1,fake,cifake,cifake,unknown,test,32,32,c4ec2df49a1d245604d23887dfe7f40a82f8d9c2f6f0361de42c15b67a189b5f
data/raw/CIFAKE/test/FAKE/797 (3).jpg,1,fake,cifake,cifake,unknown,test,32,32,028dbaea49164b28c0f29b0801c47a7dd5ec35ede315278954458474c5179d15
data/raw/CIFAKE/test/FAKE/798 (6).jpg,1,fake,cifake,cifake,unknown,test,32,32,95a1cdccbca1f3fbdc943b91f43b15a89106fe5bb59c3a8528f2cf74ba904067
data/raw/CIFAKE/test/FAKE/799 (7).jpg,1,fake,cifake,cifake,unknown,test,32,32,686359bd35e8aabbaaa4f6122fbfb6bde817826627a2c6f4562ff281f1ea0ebd
data/raw/CIFAKE/test/FAKE/8 (7).jpg,1,fake,cifake,cifake,unknown,test,32,32,cdaa80d9d83519b2961bfb75dabafce462c2abacd5d3bf505094b970cb441867
data/raw/CIFAKE/test/FAKE/80 (6).jpg,1,fake,cifake,cifake,unknown,test,32,32,4f38bb11d6316f61bbaee93d122e58ac70d09757ba775ea192e861f04f86b1bc
data/raw/CIFAKE/test/FAKE/800 (3).jpg,1,fake,cifake,cifake,unknown,test,32,32,9f16fc55fcde81012c8c4e506fd1b59931b375903ff9ebfe445ba43469a61a3c
data/raw/CIFAKE/test/FAKE/803 (6).jpg,1,fake,cifake,cifake,unknown,test,32,32,945ed8ceaa2cc300dbbd1f83780f3104370543ae62258d8989062d7276c584b0
data/raw/CIFAKE/test/FAKE/803 (7).jpg,1,fake,cifake,cifake,unknown,test,32,32,8119c3756ed859030b4d9424b05af9e31cbf3f51c89d35921490f063e765797e
data/raw/CIFAKE/test/FAKE/810 (3).jpg,1,fake,cifake,cifake,unknown,test,32,32,aa079f854d18460bf0c4b2eafc88e49305740304e0647684cf7795f9874c1afa
data/raw/CIFAKE/test/FAKE/813 (3).jpg,1,fake,cifake,cifake,unknown,test,32,32,26de1703f3db0d941e133d31659df39b9b6fdbc4a90d8a0ee34669300222b2aa
data/raw/CIFAKE/test/FAKE/813 (7).jpg,1,fake,cifake,cifake,unknown,test,32,32,6352a4cfe61b3975e58e99a77f069ea05343796c5399ce5f4d0ba8a8b45b2f62
data/raw/CIFAKE/test/FAKE/814 (7).jpg,1,fake,cifake,cifake,unknown,test,32,32,6cfe592ee61d638cb25f959f794e49e4615eb512e0ab61177aec7c65981a18d1
data/raw/CIFAKE/test/FAKE/816 (7).jpg,1,fake,cifake,cifake,unknown,test,32,32,89a116b4c6c330993cb5def34196f20f736a8071febe264c779288c8465866cd
data/raw/CIFAKE/test/FAKE/82 (6).jpg,1,fake,cifake,cifake,unknown,test,32,32,25b620c9669f49608774d5ce57c7505233728ae4ab09a702b6b26fa4a64aff86
data/raw/CIFAKE/test/FAKE/821 (7).jpg,1,fake,cifake,cifake,unknown,test,32,32,268c5c22810475a67a84331948a1d5f5d652ccbb37f18f7960d1ea7526b44051
data/raw/CIFAKE/test/FAKE/825 (6).jpg,1,fake,cifake,cifake,unknown,test,32,32,05c29de2b3d254288fc8dcceb1afe39b338aeb9beae3f8a91cde7e59f21d6141
data/raw/CIFAKE/test/FAKE/828 (3).jpg,1,fake,cifake,cifake,unknown,test,32,32,2a068947ab45587dd8c8fd5592e2e538188701bb1f4047417f212e90f072589b
data/raw/CIFAKE/test/FAKE/83 (7).jpg,1,fake,cifake,cifake,unknown,test,32,32,ac05bcba323b5491d2d20951ff53915f3c7400e7bf32c57200c6f97f018e9d36
data/raw/CIFAKE/test/FAKE/830 (7).jpg,1,fake,cifake,cifake,unknown,test,32,32,3a56f8f709f42d8934f8fff94d2f26d919503d4ae525380d44974b256b4009f9
data/raw/CIFAKE/test/FAKE/834 (7).jpg,1,fake,cifake,cifake,unknown,test,32,32,d737db01f467ef55b7f117f8dd9d09020985c8656afebfda434c1e9576056752
data/raw/CIFAKE/test/FAKE/835 (3).jpg,1,fake,cifake,cifake,unknown,test,32,32,5d814e7d0fe3a23d2695cb6d4dbaa34b3d92524d769835c41f875aaab52ae8a8
data/raw/CIFAKE/test/FAKE/835 (7).jpg,1,fake,cifake,cifake,unknown,test,32,32,5b56fe610e58478e2cf3d6acca509fec0eecdb775ecf0db86a9c9acf6d8236e7
data/raw/CIFAKE/test/FAKE/84 (7).jpg,1,fake,cifake,cifake,unknown,test,32,32,ab90a734ae23a11ed565e7acd924b8051c64bf3220f662ac39db4cb858ad8d73
data/raw/CIFAKE/test/FAKE/840 (7).jpg,1,fake,cifake,cifake,unknown,test,32,32,f08e12fb0de247b56d286472533dd22c373dc508d3ef23708346a8540a9fb9e6
data/raw/CIFAKE/test/FAKE/842 (7).jpg,1,fake,cifake,cifake,unknown,test,32,32,560a85eb42491f6369bbbeb474f0f530a07f26c742dedae7751e4f23a7a9788d
data/raw/CIFAKE/test/FAKE/850 (7).jpg,1,fake,cifake,cifake,unknown,test,32,32,3b31dd98be377238e32fb2c01d118a0a575300ece7c2f2d93460eb5dd6f0c56b
data/raw/CIFAKE/test/FAKE/856 (3).jpg,1,fake,cifake,cifake,unknown,test,32,32,965ea9e7472df905c8d505ea5bd35dc804e60a9b921ea0d61d9e0fde62a14d58
data/raw/CIFAKE/test/FAKE/856 (7).jpg,1,fake,cifake,cifake,unknown,test,32,32,2670355a075d7910e719de81e3e0586193cbc6f6005d1f6bee2eba540b7170ec
data/raw/CIFAKE/test/FAKE/863 (7).jpg,1,fake,cifake,cifake,unknown,test,32,32,d8f65ac8979914bd14f2d78b1f3202519e8436e1a4d3cc4ce08639f8b8977a0a
data/raw/CIFAKE/test/FAKE/867 (3).jpg,1,fake,cifake,cifake,unknown,test,32,32,ae324c7115f93754f3ca0915b2167c4ff729cc76c5e46fe8c15d39ab4c18bc4d
data/raw/CIFAKE/test/FAKE/870 (3).jpg,1,fake,cifake,cifake,unknown,test,32,32,bf1fb8dbb894373e3a0d8463c50f573abd3efec7de0a8d2e90e0fe1131bb48ab
data/raw/CIFAKE/test/FAKE/873 (7).jpg,1,fake,cifake,cifake,unknown,test,32,32,c4e73a82dc02321949ed176c21477869af9d7ef0a1d8eb9c8ae4db98d90a49a5
data/raw/CIFAKE/test/FAKE/874 (6).jpg,1,fake,cifake,cifake,unknown,test,32,32,3993722102f512b9da8dc269ba5b2e1c5c0f5d3fef06c3eee93c2b6e7ec7a9ac
data/raw/CIFAKE/test/FAKE/877 (7).jpg,1,fake,cifake,cifake,unknown,test,32,32,fffc4896d3bda78dda33475d8749e07ca486060efe18d567a11d96b021788f15
data/raw/CIFAKE/test/FAKE/878 (3).jpg,1,fake,cifake,cifake,unknown,test,32,32,c0a9158a14da85dcde4c92cdc9f82f911f1cd6271a7512d4a8dbfbb54a97fda4
data/raw/CIFAKE/test/FAKE/879 (7).jpg,1,fake,cifake,cifake,unknown,test,32,32,1c807d4011278555c0359d182e6854935e8c8a070640e11567e053afa322e896
data/raw/CIFAKE/test/FAKE/88 (3).jpg,1,fake,cifake,cifake,unknown,test,32,32,9d3a7c7d4e3279defa9622650ddeef30d02a54f6a0aea8abc59fcccc9826fad0
data/raw/CIFAKE/test/FAKE/88 (7).jpg,1,fake,cifake,cifake,unknown,test,32,32,31e8ba010938e3c408c69c1549ba78888f3489ce220afed88cea845c5490eced
data/raw/CIFAKE/test/FAKE/880 (7).jpg,1,fake,cifake,cifake,unknown,test,32,32,1a8411206d575e412dbb954a7cfecaea9b8b0b7d8e74aa3d23fcbf46861ae467
data/raw/CIFAKE/test/FAKE/884 (3).jpg,1,fake,cifake,cifake,unknown,test,32,32,1ec9b516ff8e6ed6f625bd516a0e96e4e06177df3b83f700f541ac64360e74fa
data/raw/CIFAKE/test/FAKE/888 (7).jpg,1,fake,cifake,cifake,unknown,test,32,32,7df054cfc7aed2270b90aba6bfae1a562db9a557630e7f9b611d213b59dadb70
data/raw/CIFAKE/test/FAKE/889 (6).jpg,1,fake,cifake,cifake,unknown,test,32,32,c52939c9a9935ce82f519ba0e4fae68de858c1489151559fd37a5f6695c1811d
data/raw/CIFAKE/test/FAKE/889 (7).jpg,1,fake,cifake,cifake,unknown,test,32,32,93a2e2b7bc3b00203994db3fbb62b6fbc44be93b4c8b8619c036b3c8dbd42aaf
data/raw/CIFAKE/test/FAKE/892 (7).jpg,1,fake,cifake,cifake,unknown,test,32,32,30778525b1efbe49aca2ce235ea7cab2297ae06fdf3fe016c5eacb74b5820523
data/raw/CIFAKE/test/FAKE/899 (6).jpg,1,fake,cifake,cifake,unknown,test,32,32,894d4caa016d8f99a42c00187e916e4958f02ab7b7270ce108c06b412082703a
data/raw/CIFAKE/test/FAKE/9 (6).jpg,1,fake,cifake,cifake,unknown,test,32,32,63b46ff9ac31128edecc716b80647a9e3aabf58943ce3e311210d623da1ea2bb
data/raw/CIFAKE/test/FAKE/905 (3).jpg,1,fake,cifake,cifake,unknown,test,32,32,40a3dcf455bb414f166c75086dec72589a60a6e9398927a8e4588160a41c5d58
data/raw/CIFAKE/test/FAKE/906 (3).jpg,1,fake,cifake,cifake,unknown,test,32,32,bedd855c2596b3bef2146cd9a6a0d27087cee3d55013d232c5b4e2c902e6eda3
data/raw/CIFAKE/test/FAKE/912 (6).jpg,1,fake,cifake,cifake,unknown,test,32,32,429b900c83fae33c5372fb94ceff7f771dfa6af79875ceb3b4f2b4d39a64ef61
data/raw/CIFAKE/test/FAKE/914 (3).jpg,1,fake,cifake,cifake,unknown,test,32,32,5a1fae707ade7713a57a5318d2bf57dce0677ff96924b2354e8c6e0ca689aec9
data/raw/CIFAKE/test/FAKE/919 (7).jpg,1,fake,cifake,cifake,unknown,test,32,32,673321da605c88893ebc204d7cd93a9686778ea4a3b38c19f1c7c9862abc1273
data/raw/CIFAKE/test/FAKE/922 (3).jpg,1,fake,cifake,cifake,unknown,test,32,32,c75ac1b8f414b60f2da938dd12c1750383d658baa515d33961b235f416327857
data/raw/CIFAKE/test/FAKE/922 (6).jpg,1,fake,cifake,cifake,unknown,test,32,32,8e6209ce874ba69d3a07029a9d3a601b116b0921253fb05983954996528d90a0
data/raw/CIFAKE/test/FAKE/929 (7).jpg,1,fake,cifake,cifake,unknown,test,32,32,a68ce3251d13cc9db64450f82ccf426687330f50dd17512c41ba29f1b1fa31b7
data/raw/CIFAKE/test/FAKE/93 (3).jpg,1,fake,cifake,cifake,unknown,test,32,32,0a7a9ed9930b72d65e0cd4378f45dcc86ae95de38f2fcf24ca0cc890f64754f3
data/raw/CIFAKE/test/FAKE/93 (7).jpg,1,fake,cifake,cifake,unknown,test,32,32,319cd4412133033be994aebad0206da86f8fed6026648f8a7d6d301e7e24734e
data/raw/CIFAKE/test/FAKE/930 (3).jpg,1,fake,cifake,cifake,unknown,test,32,32,70be1e41a54237897f3440493a89f7f036409af7f94f2b5918625bbf2f479589
data/raw/CIFAKE/test/FAKE/932 (7).jpg,1,fake,cifake,cifake,unknown,test,32,32,12bde2f28bfdff2e06f74e3fc24b0d278485b1285e794fb3641a3017a3e44779
data/raw/CIFAKE/test/FAKE/934 (6).jpg,1,fake,cifake,cifake,unknown,test,32,32,17649010d6b6c5eae66c4187c249149b77c0f8d8535a1e2d8d1dc8e779dd7f11
data/raw/CIFAKE/test/FAKE/934 (7).jpg,1,fake,cifake,cifake,unknown,test,32,32,8239983dcf8af167d978282c5c7dfb83790a12fdd253076870c67e0eb1bda869
data/raw/CIFAKE/test/FAKE/939 (3).jpg,1,fake,cifake,cifake,unknown,test,32,32,1e3ea7950ae83426470d30b9a442658eeec2ad114003df1014c4b7787631ac04
data/raw/CIFAKE/test/FAKE/941 (6).jpg,1,fake,cifake,cifake,unknown,test,32,32,7f44fba5374df33e7b0c5a2d8c8297db91de0980cce568edfaad5e1b24efd105
data/raw/CIFAKE/test/FAKE/942 (3).jpg,1,fake,cifake,cifake,unknown,test,32,32,d0a2ef7dad4cf4c94ed3adc83fc32b124440c7fbc4bf353038d623a31478a50d
data/raw/CIFAKE/test/FAKE/943 (7).jpg,1,fake,cifake,cifake,unknown,test,32,32,9b764f63d17c09f1aa38fe3a88f5a936b60b62033a3af6e153798d4391b4d13e
data/raw/CIFAKE/test/FAKE/948 (6).jpg,1,fake,cifake,cifake,unknown,test,32,32,aa00676ed2a8b8296b0d8c7b3a3e288a7de6826f8291d0ffe6cfc16e1756913a
data/raw/CIFAKE/test/FAKE/949 (7).jpg,1,fake,cifake,cifake,unknown,test,32,32,aba6ecd173f64cc67769c7fe7cedc37a53d0f2a5f27212521a21c2b648c2b543
data/raw/CIFAKE/test/FAKE/950 (7).jpg,1,fake,cifake,cifake,unknown,test,32,32,caebda00553e12fd2fcc61136e3fe00f97ee951408b824f9f22f46a664e64c2e
data/raw/CIFAKE/test/FAKE/954 (3).jpg,1,fake,cifake,cifake,unknown,test,32,32,80fe8f8965f6ef9605bcee7bfc56992ff785655719ba7dac3ca85c73297e4209
data/raw/CIFAKE/test/FAKE/96 (6).jpg,1,fake,cifake,cifake,unknown,test,32,32,1dbb1fa0f2c8a46a697551afdf423d534b9ffab7973f167753f32c8055465c0f
data/raw/CIFAKE/test/FAKE/961 (7).jpg,1,fake,cifake,cifake,unknown,test,32,32,b0932b2e968caddfce9c55e575d4ca16eef59d996cae6215d1cc54dcd22d2cb3
data/raw/CIFAKE/test/FAKE/97 (7).jpg,1,fake,cifake,cifake,unknown,test,32,32,4462d4ecda80e6d8d49b6ac721c5343f077ace2180201a3f6282ef43d6ce3c55
data/raw/CIFAKE/test/FAKE/970 (7).jpg,1,fake,cifake,cifake,unknown,test,32,32,b14acd8c2fa8739318d478f3b5b35343ac92524d11e97f4fb08b2fc3e15fc88e
data/raw/CIFAKE/test/FAKE/977 (7).jpg,1,fake,cifake,cifake,unknown,test,32,32,14c6d8bd395da25f1753487c07a87cb6e991e515e0a42d02b2f2f64876d8d7f5
data/raw/CIFAKE/test/FAKE/98 (3).jpg,1,fake,cifake,cifake,unknown,test,32,32,80dc1903cc913f9ce82afa37cd43c775fcea4e6b2b633cfa9c766a0b7c66602e
data/raw/CIFAKE/test/FAKE/984 (6).jpg,1,fake,cifake,cifake,unknown,test,32,32,f93034c4abeacdde78ddef26e867fcc7ee570c63eed97b158b0e1ca4dc65d590
data/raw/CIFAKE/test/FAKE/987 (3).jpg,1,fake,cifake,cifake,unknown,test,32,32,0772eff9e08da248170df23d98b1a6387298bdc80ae21a2697b2e7e5b4ee19ff
data/raw/CIFAKE/test/FAKE/988 (7).jpg,1,fake,cifake,cifake,unknown,test,32,32,32591b50b37471c80f4c81136988493cfa9fa186362128547e246b5e860f112a
data/raw/CIFAKE/test/FAKE/997 (6).jpg,1,fake,cifake,cifake,unknown,test,32,32,40c9b32a05352d2027a0e9ab29a4b1ea0f5286c8dca17a066f8ef6c631cd9405
